# Renewables.ninja Wind (Point API) - 14.862, 8.231 - Version: 1.1 - License: https://creativecommons.org/licenses/by-nc/4.0/ - Reference: https://doi.org/10.1016/j.energy.2016.08.068
# Units: time in UTC, local_time in Africa/Niamey, electricity in kW, wind_speed in m/s
# {"units": {"time": "UTC", "local_time": "Africa/Niamey", "electricity": "kW", "wind_speed": "m/s"}, "params": {"local_time": true, "header": true, "lat": "14.86190336247798", "lon": "8.231071920846794", "date_from": "2019-01-01", "date_to": "2019-12-31", "dataset": "merra2", "capacity": "1", "height": "50", "turbine": "Vestas V42 600", "raw": true}}
time,local_time,electricity,wind_speed
2019-01-01 00:00,2019-01-01 01:00,0.257,7.242
2019-01-01 01:00,2019-01-01 02:00,0.279,7.446
2019-01-01 02:00,2019-01-01 03:00,0.291,7.553
2019-01-01 03:00,2019-01-01 04:00,0.297,7.603
2019-01-01 04:00,2019-01-01 05:00,0.285,7.500
2019-01-01 05:00,2019-01-01 06:00,0.271,7.369
2019-01-01 06:00,2019-01-01 07:00,0.235,7.038
2019-01-01 07:00,2019-01-01 08:00,0.142,6.046
2019-01-01 08:00,2019-01-01 09:00,0.501,9.335
2019-01-01 09:00,2019-01-01 10:00,0.563,9.871
2019-01-01 10:00,2019-01-01 11:00,0.502,9.338
2019-01-01 11:00,2019-01-01 12:00,0.461,8.992
2019-01-01 12:00,2019-01-01 13:00,0.417,8.634
2019-01-01 13:00,2019-01-01 14:00,0.358,8.137
2019-01-01 14:00,2019-01-01 15:00,0.315,7.765
2019-01-01 15:00,2019-01-01 16:00,0.309,7.718
2019-01-01 16:00,2019-01-01 17:00,0.323,7.829
2019-01-01 17:00,2019-01-01 18:00,0.443,8.851
2019-01-01 18:00,2019-01-01 19:00,0.530,9.576
2019-01-01 19:00,2019-01-01 20:00,0.547,9.725
2019-01-01 20:00,2019-01-01 21:00,0.541,9.669
2019-01-01 21:00,2019-01-01 22:00,0.515,9.439
2019-01-01 22:00,2019-01-01 23:00,0.483,9.180
2019-01-01 23:00,2019-01-02 00:00,0.466,9.035
2019-01-02 00:00,2019-01-02 01:00,0.461,8.995
2019-01-02 01:00,2019-01-02 02:00,0.453,8.921
2019-01-02 02:00,2019-01-02 03:00,0.419,8.643
2019-01-02 03:00,2019-01-02 04:00,0.385,8.366
2019-01-02 04:00,2019-01-02 05:00,0.375,8.277
2019-01-02 05:00,2019-01-02 06:00,0.387,8.381
2019-01-02 06:00,2019-01-02 07:00,0.390,8.397
2019-01-02 07:00,2019-01-02 08:00,0.409,8.563
2019-01-02 08:00,2019-01-02 09:00,0.764,11.909
2019-01-02 09:00,2019-01-02 10:00,0.788,12.225
2019-01-02 10:00,2019-01-02 11:00,0.709,11.266
2019-01-02 11:00,2019-01-02 12:00,0.610,10.290
2019-01-02 12:00,2019-01-02 13:00,0.497,9.298
2019-01-02 13:00,2019-01-02 14:00,0.414,8.603
2019-01-02 14:00,2019-01-02 15:00,0.369,8.230
2019-01-02 15:00,2019-01-02 16:00,0.347,8.043
2019-01-02 16:00,2019-01-02 17:00,0.335,7.938
2019-01-02 17:00,2019-01-02 18:00,0.398,8.471
2019-01-02 18:00,2019-01-02 19:00,0.450,8.899
2019-01-02 19:00,2019-01-02 20:00,0.438,8.797
2019-01-02 20:00,2019-01-02 21:00,0.438,8.803
2019-01-02 21:00,2019-01-02 22:00,0.460,8.983
2019-01-02 22:00,2019-01-02 23:00,0.437,8.796
2019-01-02 23:00,2019-01-03 00:00,0.390,8.404
2019-01-03 00:00,2019-01-03 01:00,0.373,8.255
2019-01-03 01:00,2019-01-03 02:00,0.372,8.255
2019-01-03 02:00,2019-01-03 03:00,0.371,8.242
2019-01-03 03:00,2019-01-03 04:00,0.372,8.254
2019-01-03 04:00,2019-01-03 05:00,0.374,8.261
2019-01-03 05:00,2019-01-03 06:00,0.354,8.097
2019-01-03 06:00,2019-01-03 07:00,0.310,7.724
2019-01-03 07:00,2019-01-03 08:00,0.196,6.656
2019-01-03 08:00,2019-01-03 09:00,0.355,8.100
2019-01-03 09:00,2019-01-03 10:00,0.523,9.524
2019-01-03 10:00,2019-01-03 11:00,0.397,8.469
2019-01-03 11:00,2019-01-03 12:00,0.282,7.478
2019-01-03 12:00,2019-01-03 13:00,0.182,6.506
2019-01-03 13:00,2019-01-03 14:00,0.111,5.666
2019-01-03 14:00,2019-01-03 15:00,0.069,5.040
2019-01-03 15:00,2019-01-03 16:00,0.029,4.210
2019-01-03 16:00,2019-01-03 17:00,0.020,3.897
2019-01-03 17:00,2019-01-03 18:00,0.082,5.253
2019-01-03 18:00,2019-01-03 19:00,0.242,7.100
2019-01-03 19:00,2019-01-03 20:00,0.401,8.488
2019-01-03 20:00,2019-01-03 21:00,0.471,9.082
2019-01-03 21:00,2019-01-03 22:00,0.464,9.015
2019-01-03 22:00,2019-01-03 23:00,0.434,8.761
2019-01-03 23:00,2019-01-04 00:00,0.423,8.669
2019-01-04 00:00,2019-01-04 01:00,0.420,8.659
2019-01-04 01:00,2019-01-04 02:00,0.410,8.568
2019-01-04 02:00,2019-01-04 03:00,0.390,8.405
2019-01-04 03:00,2019-01-04 04:00,0.390,8.402
2019-01-04 04:00,2019-01-04 05:00,0.393,8.420
2019-01-04 05:00,2019-01-04 06:00,0.387,8.385
2019-01-04 06:00,2019-01-04 07:00,0.349,8.055
2019-01-04 07:00,2019-01-04 08:00,0.236,7.053
2019-01-04 08:00,2019-01-04 09:00,0.323,7.827
2019-01-04 09:00,2019-01-04 10:00,0.509,9.396
2019-01-04 10:00,2019-01-04 11:00,0.363,8.177
2019-01-04 11:00,2019-01-04 12:00,0.221,6.897
2019-01-04 12:00,2019-01-04 13:00,0.119,5.774
2019-01-04 13:00,2019-01-04 14:00,0.068,5.026
2019-01-04 14:00,2019-01-04 15:00,0.057,4.809
2019-01-04 15:00,2019-01-04 16:00,0.071,5.078
2019-01-04 16:00,2019-01-04 17:00,0.143,6.067
2019-01-04 17:00,2019-01-04 18:00,0.326,7.850
2019-01-04 18:00,2019-01-04 19:00,0.483,9.179
2019-01-04 19:00,2019-01-04 20:00,0.543,9.686
2019-01-04 20:00,2019-01-04 21:00,0.535,9.624
2019-01-04 21:00,2019-01-04 22:00,0.506,9.376
2019-01-04 22:00,2019-01-04 23:00,0.466,9.030
2019-01-04 23:00,2019-01-05 00:00,0.436,8.790
2019-01-05 00:00,2019-01-05 01:00,0.434,8.763
2019-01-05 01:00,2019-01-05 02:00,0.434,8.768
2019-01-05 02:00,2019-01-05 03:00,0.417,8.631
2019-01-05 03:00,2019-01-05 04:00,0.385,8.368
2019-01-05 04:00,2019-01-05 05:00,0.370,8.234
2019-01-05 05:00,2019-01-05 06:00,0.384,8.357
2019-01-05 06:00,2019-01-05 07:00,0.368,8.222
2019-01-05 07:00,2019-01-05 08:00,0.285,7.495
2019-01-05 08:00,2019-01-05 09:00,0.623,10.406
2019-01-05 09:00,2019-01-05 10:00,0.755,11.809
2019-01-05 10:00,2019-01-05 11:00,0.666,10.821
2019-01-05 11:00,2019-01-05 12:00,0.534,9.617
2019-01-05 12:00,2019-01-05 13:00,0.428,8.720
2019-01-05 13:00,2019-01-05 14:00,0.383,8.343
2019-01-05 14:00,2019-01-05 15:00,0.352,8.087
2019-01-05 15:00,2019-01-05 16:00,0.363,8.173
2019-01-05 16:00,2019-01-05 17:00,0.374,8.265
2019-01-05 17:00,2019-01-05 18:00,0.472,9.089
2019-01-05 18:00,2019-01-05 19:00,0.549,9.739
2019-01-05 19:00,2019-01-05 20:00,0.552,9.773
2019-01-05 20:00,2019-01-05 21:00,0.544,9.694
2019-01-05 21:00,2019-01-05 22:00,0.525,9.535
2019-01-05 22:00,2019-01-05 23:00,0.517,9.473
2019-01-05 23:00,2019-01-06 00:00,0.542,9.675
2019-01-06 00:00,2019-01-06 01:00,0.527,9.557
2019-01-06 01:00,2019-01-06 02:00,0.485,9.202
2019-01-06 02:00,2019-01-06 03:00,0.463,9.006
2019-01-06 03:00,2019-01-06 04:00,0.438,8.803
2019-01-06 04:00,2019-01-06 05:00,0.462,9.005
2019-01-06 05:00,2019-01-06 06:00,0.539,9.650
2019-01-06 06:00,2019-01-06 07:00,0.531,9.593
2019-01-06 07:00,2019-01-06 08:00,0.714,11.323
2019-01-06 08:00,2019-01-06 09:00,0.851,13.183
2019-01-06 09:00,2019-01-06 10:00,0.852,13.205
2019-01-06 10:00,2019-01-06 11:00,0.808,12.502
2019-01-06 11:00,2019-01-06 12:00,0.721,11.395
2019-01-06 12:00,2019-01-06 13:00,0.610,10.293
2019-01-06 13:00,2019-01-06 14:00,0.518,9.476
2019-01-06 14:00,2019-01-06 15:00,0.466,9.033
2019-01-06 15:00,2019-01-06 16:00,0.474,9.105
2019-01-06 16:00,2019-01-06 17:00,0.488,9.225
2019-01-06 17:00,2019-01-06 18:00,0.521,9.491
2019-01-06 18:00,2019-01-06 19:00,0.517,9.469
2019-01-06 19:00,2019-01-06 20:00,0.491,9.244
2019-01-06 20:00,2019-01-06 21:00,0.461,8.991
2019-01-06 21:00,2019-01-06 22:00,0.428,8.724
2019-01-06 22:00,2019-01-06 23:00,0.380,8.316
2019-01-06 23:00,2019-01-07 00:00,0.346,8.030
2019-01-07 00:00,2019-01-07 01:00,0.337,7.955
2019-01-07 01:00,2019-01-07 02:00,0.347,8.037
2019-01-07 02:00,2019-01-07 03:00,0.374,8.273
2019-01-07 03:00,2019-01-07 04:00,0.378,8.306
2019-01-07 04:00,2019-01-07 05:00,0.375,8.276
2019-01-07 05:00,2019-01-07 06:00,0.399,8.480
2019-01-07 06:00,2019-01-07 07:00,0.397,8.465
2019-01-07 07:00,2019-01-07 08:00,0.553,9.779
2019-01-07 08:00,2019-01-07 09:00,0.717,11.353
2019-01-07 09:00,2019-01-07 10:00,0.645,10.616
2019-01-07 10:00,2019-01-07 11:00,0.529,9.573
2019-01-07 11:00,2019-01-07 12:00,0.407,8.545
2019-01-07 12:00,2019-01-07 13:00,0.303,7.657
2019-01-07 13:00,2019-01-07 14:00,0.242,7.100
2019-01-07 14:00,2019-01-07 15:00,0.224,6.921
2019-01-07 15:00,2019-01-07 16:00,0.244,7.122
2019-01-07 16:00,2019-01-07 17:00,0.278,7.434
2019-01-07 17:00,2019-01-07 18:00,0.385,8.362
2019-01-07 18:00,2019-01-07 19:00,0.442,8.838
2019-01-07 19:00,2019-01-07 20:00,0.439,8.816
2019-01-07 20:00,2019-01-07 21:00,0.444,8.854
2019-01-07 21:00,2019-01-07 22:00,0.450,8.906
2019-01-07 22:00,2019-01-07 23:00,0.428,8.710
2019-01-07 23:00,2019-01-08 00:00,0.371,8.240
2019-01-08 00:00,2019-01-08 01:00,0.347,8.037
2019-01-08 01:00,2019-01-08 02:00,0.338,7.965
2019-01-08 02:00,2019-01-08 03:00,0.327,7.867
2019-01-08 03:00,2019-01-08 04:00,0.337,7.958
2019-01-08 04:00,2019-01-08 05:00,0.382,8.333
2019-01-08 05:00,2019-01-08 06:00,0.402,8.504
2019-01-08 06:00,2019-01-08 07:00,0.360,8.146
2019-01-08 07:00,2019-01-08 08:00,0.295,7.583
2019-01-08 08:00,2019-01-08 09:00,0.568,9.911
2019-01-08 09:00,2019-01-08 10:00,0.717,11.358
2019-01-08 10:00,2019-01-08 11:00,0.628,10.455
2019-01-08 11:00,2019-01-08 12:00,0.476,9.126
2019-01-08 12:00,2019-01-08 13:00,0.352,8.080
2019-01-08 13:00,2019-01-08 14:00,0.285,7.499
2019-01-08 14:00,2019-01-08 15:00,0.250,7.182
2019-01-08 15:00,2019-01-08 16:00,0.221,6.902
2019-01-08 16:00,2019-01-08 17:00,0.234,7.028
2019-01-08 17:00,2019-01-08 18:00,0.384,8.350
2019-01-08 18:00,2019-01-08 19:00,0.508,9.389
2019-01-08 19:00,2019-01-08 20:00,0.543,9.688
2019-01-08 20:00,2019-01-08 21:00,0.526,9.544
2019-01-08 21:00,2019-01-08 22:00,0.493,9.262
2019-01-08 22:00,2019-01-08 23:00,0.454,8.943
2019-01-08 23:00,2019-01-09 00:00,0.400,8.484
2019-01-09 00:00,2019-01-09 01:00,0.347,8.044
2019-01-09 01:00,2019-01-09 02:00,0.336,7.947
2019-01-09 02:00,2019-01-09 03:00,0.378,8.306
2019-01-09 03:00,2019-01-09 04:00,0.447,8.878
2019-01-09 04:00,2019-01-09 05:00,0.468,9.052
2019-01-09 05:00,2019-01-09 06:00,0.436,8.785
2019-01-09 06:00,2019-01-09 07:00,0.349,8.059
2019-01-09 07:00,2019-01-09 08:00,0.248,7.159
2019-01-09 08:00,2019-01-09 09:00,0.517,9.461
2019-01-09 09:00,2019-01-09 10:00,0.765,11.918
2019-01-09 10:00,2019-01-09 11:00,0.653,10.696
2019-01-09 11:00,2019-01-09 12:00,0.401,8.490
2019-01-09 12:00,2019-01-09 13:00,0.203,6.721
2019-01-09 13:00,2019-01-09 14:00,0.098,5.487
2019-01-09 14:00,2019-01-09 15:00,0.047,4.625
2019-01-09 15:00,2019-01-09 16:00,0.037,4.397
2019-01-09 16:00,2019-01-09 17:00,0.091,5.382
2019-01-09 17:00,2019-01-09 18:00,0.247,7.140
2019-01-09 18:00,2019-01-09 19:00,0.415,8.616
2019-01-09 19:00,2019-01-09 20:00,0.517,9.467
2019-01-09 20:00,2019-01-09 21:00,0.507,9.386
2019-01-09 21:00,2019-01-09 22:00,0.466,9.033
2019-01-09 22:00,2019-01-09 23:00,0.442,8.836
2019-01-09 23:00,2019-01-10 00:00,0.434,8.766
2019-01-10 00:00,2019-01-10 01:00,0.417,8.629
2019-01-10 01:00,2019-01-10 02:00,0.390,8.407
2019-01-10 02:00,2019-01-10 03:00,0.368,8.219
2019-01-10 03:00,2019-01-10 04:00,0.361,8.149
2019-01-10 04:00,2019-01-10 05:00,0.363,8.175
2019-01-10 05:00,2019-01-10 06:00,0.360,8.145
2019-01-10 06:00,2019-01-10 07:00,0.322,7.823
2019-01-10 07:00,2019-01-10 08:00,0.217,6.858
2019-01-10 08:00,2019-01-10 09:00,0.252,7.197
2019-01-10 09:00,2019-01-10 10:00,0.438,8.801
2019-01-10 10:00,2019-01-10 11:00,0.286,7.504
2019-01-10 11:00,2019-01-10 12:00,0.147,6.120
2019-01-10 12:00,2019-01-10 13:00,0.066,4.994
2019-01-10 13:00,2019-01-10 14:00,0.022,3.977
2019-01-10 14:00,2019-01-10 15:00,0.003,2.857
2019-01-10 15:00,2019-01-10 16:00,0.003,2.849
2019-01-10 16:00,2019-01-10 17:00,0.035,4.364
2019-01-10 17:00,2019-01-10 18:00,0.168,6.354
2019-01-10 18:00,2019-01-10 19:00,0.303,7.657
2019-01-10 19:00,2019-01-10 20:00,0.364,8.185
2019-01-10 20:00,2019-01-10 21:00,0.374,8.263
2019-01-10 21:00,2019-01-10 22:00,0.349,8.055
2019-01-10 22:00,2019-01-10 23:00,0.347,8.031
2019-01-10 23:00,2019-01-11 00:00,0.377,8.295
2019-01-11 00:00,2019-01-11 01:00,0.398,8.472
2019-01-11 01:00,2019-01-11 02:00,0.357,8.127
2019-01-11 02:00,2019-01-11 03:00,0.334,7.933
2019-01-11 03:00,2019-01-11 04:00,0.371,8.239
2019-01-11 04:00,2019-01-11 05:00,0.331,7.899
2019-01-11 05:00,2019-01-11 06:00,0.279,7.443
2019-01-11 06:00,2019-01-11 07:00,0.271,7.373
2019-01-11 07:00,2019-01-11 08:00,0.150,6.150
2019-01-11 08:00,2019-01-11 09:00,0.066,4.993
2019-01-11 09:00,2019-01-11 10:00,0.153,6.183
2019-01-11 10:00,2019-01-11 11:00,0.066,4.991
2019-01-11 11:00,2019-01-11 12:00,0.012,3.594
2019-01-11 12:00,2019-01-11 13:00,0.003,2.894
2019-01-11 13:00,2019-01-11 14:00,0.001,2.513
2019-01-11 14:00,2019-01-11 15:00,0.001,2.568
2019-01-11 15:00,2019-01-11 16:00,0.004,3.018
2019-01-11 16:00,2019-01-11 17:00,0.030,4.223
2019-01-11 17:00,2019-01-11 18:00,0.132,5.935
2019-01-11 18:00,2019-01-11 19:00,0.311,7.729
2019-01-11 19:00,2019-01-11 20:00,0.464,9.016
2019-01-11 20:00,2019-01-11 21:00,0.479,9.143
2019-01-11 21:00,2019-01-11 22:00,0.436,8.781
2019-01-11 22:00,2019-01-11 23:00,0.395,8.453
2019-01-11 23:00,2019-01-12 00:00,0.358,8.135
2019-01-12 00:00,2019-01-12 01:00,0.334,7.932
2019-01-12 01:00,2019-01-12 02:00,0.334,7.921
2019-01-12 02:00,2019-01-12 03:00,0.324,7.841
2019-01-12 03:00,2019-01-12 04:00,0.311,7.729
2019-01-12 04:00,2019-01-12 05:00,0.282,7.472
2019-01-12 05:00,2019-01-12 06:00,0.275,7.410
2019-01-12 06:00,2019-01-12 07:00,0.261,7.278
2019-01-12 07:00,2019-01-12 08:00,0.139,6.014
2019-01-12 08:00,2019-01-12 09:00,0.067,5.008
2019-01-12 09:00,2019-01-12 10:00,0.271,7.374
2019-01-12 10:00,2019-01-12 11:00,0.257,7.241
2019-01-12 11:00,2019-01-12 12:00,0.161,6.272
2019-01-12 12:00,2019-01-12 13:00,0.117,5.751
2019-01-12 13:00,2019-01-12 14:00,0.107,5.608
2019-01-12 14:00,2019-01-12 15:00,0.102,5.542
2019-01-12 15:00,2019-01-12 16:00,0.097,5.471
2019-01-12 16:00,2019-01-12 17:00,0.135,5.959
2019-01-12 17:00,2019-01-12 18:00,0.287,7.512
2019-01-12 18:00,2019-01-12 19:00,0.438,8.806
2019-01-12 19:00,2019-01-12 20:00,0.529,9.571
2019-01-12 20:00,2019-01-12 21:00,0.540,9.663
2019-01-12 21:00,2019-01-12 22:00,0.512,9.426
2019-01-12 22:00,2019-01-12 23:00,0.508,9.391
2019-01-12 23:00,2019-01-13 00:00,0.508,9.393
2019-01-13 00:00,2019-01-13 01:00,0.480,9.151
2019-01-13 01:00,2019-01-13 02:00,0.461,8.989
2019-01-13 02:00,2019-01-13 03:00,0.471,9.085
2019-01-13 03:00,2019-01-13 04:00,0.494,9.277
2019-01-13 04:00,2019-01-13 05:00,0.512,9.425
2019-01-13 05:00,2019-01-13 06:00,0.540,9.661
2019-01-13 06:00,2019-01-13 07:00,0.557,9.816
2019-01-13 07:00,2019-01-13 08:00,0.761,11.876
2019-01-13 08:00,2019-01-13 09:00,0.805,12.469
2019-01-13 09:00,2019-01-13 10:00,0.710,11.284
2019-01-13 10:00,2019-01-13 11:00,0.612,10.306
2019-01-13 11:00,2019-01-13 12:00,0.517,9.465
2019-01-13 12:00,2019-01-13 13:00,0.409,8.564
2019-01-13 13:00,2019-01-13 14:00,0.305,7.674
2019-01-13 14:00,2019-01-13 15:00,0.239,7.072
2019-01-13 15:00,2019-01-13 16:00,0.246,7.135
2019-01-13 16:00,2019-01-13 17:00,0.281,7.462
2019-01-13 17:00,2019-01-13 18:00,0.387,8.385
2019-01-13 18:00,2019-01-13 19:00,0.461,8.998
2019-01-13 19:00,2019-01-13 20:00,0.471,9.085
2019-01-13 20:00,2019-01-13 21:00,0.462,9.004
2019-01-13 21:00,2019-01-13 22:00,0.442,8.833
2019-01-13 22:00,2019-01-13 23:00,0.401,8.495
2019-01-13 23:00,2019-01-14 00:00,0.357,8.127
2019-01-14 00:00,2019-01-14 01:00,0.329,7.890
2019-01-14 01:00,2019-01-14 02:00,0.323,7.838
2019-01-14 02:00,2019-01-14 03:00,0.326,7.860
2019-01-14 03:00,2019-01-14 04:00,0.335,7.938
2019-01-14 04:00,2019-01-14 05:00,0.363,8.170
2019-01-14 05:00,2019-01-14 06:00,0.387,8.384
2019-01-14 06:00,2019-01-14 07:00,0.363,8.173
2019-01-14 07:00,2019-01-14 08:00,0.361,8.162
2019-01-14 08:00,2019-01-14 09:00,0.585,10.063
2019-01-14 09:00,2019-01-14 10:00,0.546,9.711
2019-01-14 10:00,2019-01-14 11:00,0.413,8.599
2019-01-14 11:00,2019-01-14 12:00,0.269,7.350
2019-01-14 12:00,2019-01-14 13:00,0.156,6.221
2019-01-14 13:00,2019-01-14 14:00,0.080,5.218
2019-01-14 14:00,2019-01-14 15:00,0.045,4.580
2019-01-14 15:00,2019-01-14 16:00,0.039,4.453
2019-01-14 16:00,2019-01-14 17:00,0.066,4.994
2019-01-14 17:00,2019-01-14 18:00,0.175,6.433
2019-01-14 18:00,2019-01-14 19:00,0.299,7.627
2019-01-14 19:00,2019-01-14 20:00,0.377,8.295
2019-01-14 20:00,2019-01-14 21:00,0.412,8.590
2019-01-14 21:00,2019-01-14 22:00,0.417,8.635
2019-01-14 22:00,2019-01-14 23:00,0.401,8.489
2019-01-14 23:00,2019-01-15 00:00,0.390,8.398
2019-01-15 00:00,2019-01-15 01:00,0.386,8.376
2019-01-15 01:00,2019-01-15 02:00,0.394,8.436
2019-01-15 02:00,2019-01-15 03:00,0.401,8.491
2019-01-15 03:00,2019-01-15 04:00,0.396,8.460
2019-01-15 04:00,2019-01-15 05:00,0.376,8.288
2019-01-15 05:00,2019-01-15 06:00,0.344,8.015
2019-01-15 06:00,2019-01-15 07:00,0.268,7.342
2019-01-15 07:00,2019-01-15 08:00,0.160,6.259
2019-01-15 08:00,2019-01-15 09:00,0.259,7.258
2019-01-15 09:00,2019-01-15 10:00,0.434,8.770
2019-01-15 10:00,2019-01-15 11:00,0.344,8.016
2019-01-15 11:00,2019-01-15 12:00,0.242,7.104
2019-01-15 12:00,2019-01-15 13:00,0.145,6.080
2019-01-15 13:00,2019-01-15 14:00,0.075,5.134
2019-01-15 14:00,2019-01-15 15:00,0.046,4.605
2019-01-15 15:00,2019-01-15 16:00,0.048,4.638
2019-01-15 16:00,2019-01-15 17:00,0.093,5.425
2019-01-15 17:00,2019-01-15 18:00,0.232,7.006
2019-01-15 18:00,2019-01-15 19:00,0.374,8.268
2019-01-15 19:00,2019-01-15 20:00,0.457,8.967
2019-01-15 20:00,2019-01-15 21:00,0.478,9.142
2019-01-15 21:00,2019-01-15 22:00,0.468,9.047
2019-01-15 22:00,2019-01-15 23:00,0.455,8.950
2019-01-15 23:00,2019-01-16 00:00,0.450,8.902
2019-01-16 00:00,2019-01-16 01:00,0.442,8.836
2019-01-16 01:00,2019-01-16 02:00,0.416,8.624
2019-01-16 02:00,2019-01-16 03:00,0.401,8.496
2019-01-16 03:00,2019-01-16 04:00,0.420,8.650
2019-01-16 04:00,2019-01-16 05:00,0.425,8.695
2019-01-16 05:00,2019-01-16 06:00,0.388,8.389
2019-01-16 06:00,2019-01-16 07:00,0.318,7.798
2019-01-16 07:00,2019-01-16 08:00,0.186,6.544
2019-01-16 08:00,2019-01-16 09:00,0.150,6.146
2019-01-16 09:00,2019-01-16 10:00,0.406,8.531
2019-01-16 10:00,2019-01-16 11:00,0.311,7.733
2019-01-16 11:00,2019-01-16 12:00,0.216,6.848
2019-01-16 12:00,2019-01-16 13:00,0.141,6.044
2019-01-16 13:00,2019-01-16 14:00,0.090,5.371
2019-01-16 14:00,2019-01-16 15:00,0.064,4.947
2019-01-16 15:00,2019-01-16 16:00,0.069,5.032
2019-01-16 16:00,2019-01-16 17:00,0.150,6.150
2019-01-16 17:00,2019-01-16 18:00,0.342,8.003
2019-01-16 18:00,2019-01-16 19:00,0.480,9.158
2019-01-16 19:00,2019-01-16 20:00,0.522,9.505
2019-01-16 20:00,2019-01-16 21:00,0.506,9.376
2019-01-16 21:00,2019-01-16 22:00,0.485,9.191
2019-01-16 22:00,2019-01-16 23:00,0.466,9.041
2019-01-16 23:00,2019-01-17 00:00,0.442,8.840
2019-01-17 00:00,2019-01-17 01:00,0.423,8.677
2019-01-17 01:00,2019-01-17 02:00,0.411,8.569
2019-01-17 02:00,2019-01-17 03:00,0.401,8.491
2019-01-17 03:00,2019-01-17 04:00,0.404,8.512
2019-01-17 04:00,2019-01-17 05:00,0.404,8.519
2019-01-17 05:00,2019-01-17 06:00,0.407,8.546
2019-01-17 06:00,2019-01-17 07:00,0.358,8.137
2019-01-17 07:00,2019-01-17 08:00,0.219,6.881
2019-01-17 08:00,2019-01-17 09:00,0.191,6.593
2019-01-17 09:00,2019-01-17 10:00,0.366,8.203
2019-01-17 10:00,2019-01-17 11:00,0.331,7.899
2019-01-17 11:00,2019-01-17 12:00,0.285,7.491
2019-01-17 12:00,2019-01-17 13:00,0.228,6.961
2019-01-17 13:00,2019-01-17 14:00,0.173,6.407
2019-01-17 14:00,2019-01-17 15:00,0.142,6.051
2019-01-17 15:00,2019-01-17 16:00,0.137,5.999
2019-01-17 16:00,2019-01-17 17:00,0.187,6.562
2019-01-17 17:00,2019-01-17 18:00,0.349,8.049
2019-01-17 18:00,2019-01-17 19:00,0.466,9.033
2019-01-17 19:00,2019-01-17 20:00,0.517,9.461
2019-01-17 20:00,2019-01-17 21:00,0.510,9.401
2019-01-17 21:00,2019-01-17 22:00,0.469,9.061
2019-01-17 22:00,2019-01-17 23:00,0.430,8.733
2019-01-17 23:00,2019-01-18 00:00,0.402,8.503
2019-01-18 00:00,2019-01-18 01:00,0.378,8.307
2019-01-18 01:00,2019-01-18 02:00,0.355,8.103
2019-01-18 02:00,2019-01-18 03:00,0.341,7.988
2019-01-18 03:00,2019-01-18 04:00,0.344,8.012
2019-01-18 04:00,2019-01-18 05:00,0.352,8.090
2019-01-18 05:00,2019-01-18 06:00,0.362,8.166
2019-01-18 06:00,2019-01-18 07:00,0.323,7.827
2019-01-18 07:00,2019-01-18 08:00,0.165,6.320
2019-01-18 08:00,2019-01-18 09:00,0.104,5.569
2019-01-18 09:00,2019-01-18 10:00,0.315,7.761
2019-01-18 10:00,2019-01-18 11:00,0.255,7.226
2019-01-18 11:00,2019-01-18 12:00,0.195,6.639
2019-01-18 12:00,2019-01-18 13:00,0.128,5.886
2019-01-18 13:00,2019-01-18 14:00,0.087,5.335
2019-01-18 14:00,2019-01-18 15:00,0.070,5.055
2019-01-18 15:00,2019-01-18 16:00,0.062,4.927
2019-01-18 16:00,2019-01-18 17:00,0.087,5.328
2019-01-18 17:00,2019-01-18 18:00,0.175,6.431
2019-01-18 18:00,2019-01-18 19:00,0.289,7.543
2019-01-18 19:00,2019-01-18 20:00,0.396,8.459
2019-01-18 20:00,2019-01-18 21:00,0.452,8.919
2019-01-18 21:00,2019-01-18 22:00,0.462,9.003
2019-01-18 22:00,2019-01-18 23:00,0.447,8.881
2019-01-18 23:00,2019-01-19 00:00,0.436,8.779
2019-01-19 00:00,2019-01-19 01:00,0.431,8.741
2019-01-19 01:00,2019-01-19 02:00,0.421,8.662
2019-01-19 02:00,2019-01-19 03:00,0.412,8.586
2019-01-19 03:00,2019-01-19 04:00,0.411,8.575
2019-01-19 04:00,2019-01-19 05:00,0.401,8.498
2019-01-19 05:00,2019-01-19 06:00,0.385,8.362
2019-01-19 06:00,2019-01-19 07:00,0.331,7.900
2019-01-19 07:00,2019-01-19 08:00,0.158,6.238
2019-01-19 08:00,2019-01-19 09:00,0.069,5.029
2019-01-19 09:00,2019-01-19 10:00,0.166,6.329
2019-01-19 10:00,2019-01-19 11:00,0.184,6.528
2019-01-19 11:00,2019-01-19 12:00,0.122,5.814
2019-01-19 12:00,2019-01-19 13:00,0.065,4.965
2019-01-19 13:00,2019-01-19 14:00,0.031,4.247
2019-01-19 14:00,2019-01-19 15:00,0.020,3.912
2019-01-19 15:00,2019-01-19 16:00,0.009,3.408
2019-01-19 16:00,2019-01-19 17:00,0.001,2.610
2019-01-19 17:00,2019-01-19 18:00,0,1.807
2019-01-19 18:00,2019-01-19 19:00,0,1.354
2019-01-19 19:00,2019-01-19 20:00,0,1.447
2019-01-19 20:00,2019-01-19 21:00,0,1.938
2019-01-19 21:00,2019-01-19 22:00,0.001,2.439
2019-01-19 22:00,2019-01-19 23:00,0.002,2.771
2019-01-19 23:00,2019-01-20 00:00,0.002,2.790
2019-01-20 00:00,2019-01-20 01:00,0,2.234
2019-01-20 01:00,2019-01-20 02:00,0,1.501
2019-01-20 02:00,2019-01-20 03:00,0,1.969
2019-01-20 03:00,2019-01-20 04:00,0.001,2.552
2019-01-20 04:00,2019-01-20 05:00,0.005,3.089
2019-01-20 05:00,2019-01-20 06:00,0.011,3.556
2019-01-20 06:00,2019-01-20 07:00,0.022,4.002
2019-01-20 07:00,2019-01-20 08:00,0.019,3.890
2019-01-20 08:00,2019-01-20 09:00,0.007,3.283
2019-01-20 09:00,2019-01-20 10:00,0.006,3.184
2019-01-20 10:00,2019-01-20 11:00,0,2.261
2019-01-20 11:00,2019-01-20 12:00,0,1.096
2019-01-20 12:00,2019-01-20 13:00,0,1.760
2019-01-20 13:00,2019-01-20 14:00,0.001,2.351
2019-01-20 14:00,2019-01-20 15:00,0.001,2.568
2019-01-20 15:00,2019-01-20 16:00,0.001,2.563
2019-01-20 16:00,2019-01-20 17:00,0.001,2.542
2019-01-20 17:00,2019-01-20 18:00,0.002,2.696
2019-01-20 18:00,2019-01-20 19:00,0.006,3.225
2019-01-20 19:00,2019-01-20 20:00,0.020,3.907
2019-01-20 20:00,2019-01-20 21:00,0.019,3.885
2019-01-20 21:00,2019-01-20 22:00,0.021,3.956
2019-01-20 22:00,2019-01-20 23:00,0.039,4.463
2019-01-20 23:00,2019-01-21 00:00,0.075,5.137
2019-01-21 00:00,2019-01-21 01:00,0.121,5.793
2019-01-21 01:00,2019-01-21 02:00,0.179,6.466
2019-01-21 02:00,2019-01-21 03:00,0.247,7.147
2019-01-21 03:00,2019-01-21 04:00,0.268,7.346
2019-01-21 04:00,2019-01-21 05:00,0.239,7.074
2019-01-21 05:00,2019-01-21 06:00,0.209,6.783
2019-01-21 06:00,2019-01-21 07:00,0.175,6.426
2019-01-21 07:00,2019-01-21 08:00,0.074,5.123
2019-01-21 08:00,2019-01-21 09:00,0.075,5.137
2019-01-21 09:00,2019-01-21 10:00,0.099,5.503
2019-01-21 10:00,2019-01-21 11:00,0.011,3.540
2019-01-21 11:00,2019-01-21 12:00,0,1.636
2019-01-21 12:00,2019-01-21 13:00,0,1.163
2019-01-21 13:00,2019-01-21 14:00,0,1.437
2019-01-21 14:00,2019-01-21 15:00,0,1.622
2019-01-21 15:00,2019-01-21 16:00,0,1.459
2019-01-21 16:00,2019-01-21 17:00,0,1.017
2019-01-21 17:00,2019-01-21 18:00,0,1.402
2019-01-21 18:00,2019-01-21 19:00,0.001,2.407
2019-01-21 19:00,2019-01-21 20:00,0.012,3.597
2019-01-21 20:00,2019-01-21 21:00,0.052,4.727
2019-01-21 21:00,2019-01-21 22:00,0.100,5.515
2019-01-21 22:00,2019-01-21 23:00,0.151,6.157
2019-01-21 23:00,2019-01-22 00:00,0.193,6.614
2019-01-22 00:00,2019-01-22 01:00,0.187,6.561
2019-01-22 01:00,2019-01-22 02:00,0.163,6.298
2019-01-22 02:00,2019-01-22 03:00,0.147,6.111
2019-01-22 03:00,2019-01-22 04:00,0.148,6.128
2019-01-22 04:00,2019-01-22 05:00,0.160,6.259
2019-01-22 05:00,2019-01-22 06:00,0.177,6.452
2019-01-22 06:00,2019-01-22 07:00,0.165,6.321
2019-01-22 07:00,2019-01-22 08:00,0.054,4.763
2019-01-22 08:00,2019-01-22 09:00,0.011,3.525
2019-01-22 09:00,2019-01-22 10:00,0.010,3.468
2019-01-22 10:00,2019-01-22 11:00,0,1.992
2019-01-22 11:00,2019-01-22 12:00,0.001,2.357
2019-01-22 12:00,2019-01-22 13:00,0.004,3.029
2019-01-22 13:00,2019-01-22 14:00,0.015,3.714
2019-01-22 14:00,2019-01-22 15:00,0.026,4.115
2019-01-22 15:00,2019-01-22 16:00,0.027,4.124
2019-01-22 16:00,2019-01-22 17:00,0.020,3.892
2019-01-22 17:00,2019-01-22 18:00,0.021,3.944
2019-01-22 18:00,2019-01-22 19:00,0.021,3.950
2019-01-22 19:00,2019-01-22 20:00,0.018,3.831
2019-01-22 20:00,2019-01-22 21:00,0.020,3.933
2019-01-22 21:00,2019-01-22 22:00,0.043,4.527
2019-01-22 22:00,2019-01-22 23:00,0.099,5.500
2019-01-22 23:00,2019-01-23 00:00,0.186,6.544
2019-01-23 00:00,2019-01-23 01:00,0.275,7.405
2019-01-23 01:00,2019-01-23 02:00,0.313,7.747
2019-01-23 02:00,2019-01-23 03:00,0.309,7.718
2019-01-23 03:00,2019-01-23 04:00,0.306,7.687
2019-01-23 04:00,2019-01-23 05:00,0.303,7.652
2019-01-23 05:00,2019-01-23 06:00,0.287,7.516
2019-01-23 06:00,2019-01-23 07:00,0.228,6.961
2019-01-23 07:00,2019-01-23 08:00,0.095,5.445
2019-01-23 08:00,2019-01-23 09:00,0.049,4.662
2019-01-23 09:00,2019-01-23 10:00,0.102,5.536
2019-01-23 10:00,2019-01-23 11:00,0.024,4.044
2019-01-23 11:00,2019-01-23 12:00,0.003,2.874
2019-01-23 12:00,2019-01-23 13:00,0.005,3.114
2019-01-23 13:00,2019-01-23 14:00,0.018,3.826
2019-01-23 14:00,2019-01-23 15:00,0.039,4.451
2019-01-23 15:00,2019-01-23 16:00,0.062,4.920
2019-01-23 16:00,2019-01-23 17:00,0.088,5.344
2019-01-23 17:00,2019-01-23 18:00,0.172,6.396
2019-01-23 18:00,2019-01-23 19:00,0.264,7.313
2019-01-23 19:00,2019-01-23 20:00,0.334,7.920
2019-01-23 20:00,2019-01-23 21:00,0.376,8.280
2019-01-23 21:00,2019-01-23 22:00,0.398,8.474
2019-01-23 22:00,2019-01-23 23:00,0.412,8.594
2019-01-23 23:00,2019-01-24 00:00,0.428,8.716
2019-01-24 00:00,2019-01-24 01:00,0.429,8.731
2019-01-24 01:00,2019-01-24 02:00,0.412,8.584
2019-01-24 02:00,2019-01-24 03:00,0.394,8.437
2019-01-24 03:00,2019-01-24 04:00,0.359,8.144
2019-01-24 04:00,2019-01-24 05:00,0.308,7.707
2019-01-24 05:00,2019-01-24 06:00,0.265,7.319
2019-01-24 06:00,2019-01-24 07:00,0.193,6.616
2019-01-24 07:00,2019-01-24 08:00,0.086,5.298
2019-01-24 08:00,2019-01-24 09:00,0.069,5.039
2019-01-24 09:00,2019-01-24 10:00,0.048,4.650
2019-01-24 10:00,2019-01-24 11:00,0.007,3.283
2019-01-24 11:00,2019-01-24 12:00,0,0.621
2019-01-24 12:00,2019-01-24 13:00,0,0.776
2019-01-24 13:00,2019-01-24 14:00,0.004,3.023
2019-01-24 14:00,2019-01-24 15:00,0.027,4.125
2019-01-24 15:00,2019-01-24 16:00,0.038,4.424
2019-01-24 16:00,2019-01-24 17:00,0.033,4.288
2019-01-24 17:00,2019-01-24 18:00,0.036,4.368
2019-01-24 18:00,2019-01-24 19:00,0.032,4.276
2019-01-24 19:00,2019-01-24 20:00,0.026,4.115
2019-01-24 20:00,2019-01-24 21:00,0.020,3.920
2019-01-24 21:00,2019-01-24 22:00,0.016,3.776
2019-01-24 22:00,2019-01-24 23:00,0.025,4.075
2019-01-24 23:00,2019-01-25 00:00,0.044,4.567
2019-01-25 00:00,2019-01-25 01:00,0.069,5.029
2019-01-25 01:00,2019-01-25 02:00,0.126,5.863
2019-01-25 02:00,2019-01-25 03:00,0.215,6.832
2019-01-25 03:00,2019-01-25 04:00,0.250,7.169
2019-01-25 04:00,2019-01-25 05:00,0.257,7.238
2019-01-25 05:00,2019-01-25 06:00,0.264,7.310
2019-01-25 06:00,2019-01-25 07:00,0.206,6.745
2019-01-25 07:00,2019-01-25 08:00,0.071,5.081
2019-01-25 08:00,2019-01-25 09:00,0.050,4.688
2019-01-25 09:00,2019-01-25 10:00,0.052,4.725
2019-01-25 10:00,2019-01-25 11:00,0.026,4.111
2019-01-25 11:00,2019-01-25 12:00,0.016,3.764
2019-01-25 12:00,2019-01-25 13:00,0.013,3.619
2019-01-25 13:00,2019-01-25 14:00,0.033,4.303
2019-01-25 14:00,2019-01-25 15:00,0.080,5.219
2019-01-25 15:00,2019-01-25 16:00,0.122,5.818
2019-01-25 16:00,2019-01-25 17:00,0.104,5.569
2019-01-25 17:00,2019-01-25 18:00,0.104,5.561
2019-01-25 18:00,2019-01-25 19:00,0.112,5.686
2019-01-25 19:00,2019-01-25 20:00,0.145,6.079
2019-01-25 20:00,2019-01-25 21:00,0.207,6.752
2019-01-25 21:00,2019-01-25 22:00,0.268,7.344
2019-01-25 22:00,2019-01-25 23:00,0.315,7.758
2019-01-25 23:00,2019-01-26 00:00,0.335,7.937
2019-01-26 00:00,2019-01-26 01:00,0.341,7.987
2019-01-26 01:00,2019-01-26 02:00,0.381,8.320
2019-01-26 02:00,2019-01-26 03:00,0.411,8.574
2019-01-26 03:00,2019-01-26 04:00,0.402,8.504
2019-01-26 04:00,2019-01-26 05:00,0.357,8.122
2019-01-26 05:00,2019-01-26 06:00,0.322,7.825
2019-01-26 06:00,2019-01-26 07:00,0.267,7.342
2019-01-26 07:00,2019-01-26 08:00,0.109,5.642
2019-01-26 08:00,2019-01-26 09:00,0.037,4.407
2019-01-26 09:00,2019-01-26 10:00,0.053,4.748
2019-01-26 10:00,2019-01-26 11:00,0.026,4.111
2019-01-26 11:00,2019-01-26 12:00,0.028,4.179
2019-01-26 12:00,2019-01-26 13:00,0.031,4.260
2019-01-26 13:00,2019-01-26 14:00,0.057,4.823
2019-01-26 14:00,2019-01-26 15:00,0.089,5.355
2019-01-26 15:00,2019-01-26 16:00,0.118,5.755
2019-01-26 16:00,2019-01-26 17:00,0.160,6.271
2019-01-26 17:00,2019-01-26 18:00,0.250,7.175
2019-01-26 18:00,2019-01-26 19:00,0.301,7.640
2019-01-26 19:00,2019-01-26 20:00,0.325,7.846
2019-01-26 20:00,2019-01-26 21:00,0.344,8.013
2019-01-26 21:00,2019-01-26 22:00,0.384,8.354
2019-01-26 22:00,2019-01-26 23:00,0.452,8.915
2019-01-26 23:00,2019-01-27 00:00,0.507,9.388
2019-01-27 00:00,2019-01-27 01:00,0.533,9.602
2019-01-27 01:00,2019-01-27 02:00,0.511,9.415
2019-01-27 02:00,2019-01-27 03:00,0.457,8.963
2019-01-27 03:00,2019-01-27 04:00,0.428,8.723
2019-01-27 04:00,2019-01-27 05:00,0.397,8.463
2019-01-27 05:00,2019-01-27 06:00,0.393,8.425
2019-01-27 06:00,2019-01-27 07:00,0.334,7.925
2019-01-27 07:00,2019-01-27 08:00,0.210,6.793
2019-01-27 08:00,2019-01-27 09:00,0.405,8.528
2019-01-27 09:00,2019-01-27 10:00,0.611,10.299
2019-01-27 10:00,2019-01-27 11:00,0.414,8.604
2019-01-27 11:00,2019-01-27 12:00,0.229,6.983
2019-01-27 12:00,2019-01-27 13:00,0.115,5.706
2019-01-27 13:00,2019-01-27 14:00,0.057,4.812
2019-01-27 14:00,2019-01-27 15:00,0.053,4.754
2019-01-27 15:00,2019-01-27 16:00,0.091,5.387
2019-01-27 16:00,2019-01-27 17:00,0.179,6.471
2019-01-27 17:00,2019-01-27 18:00,0.395,8.437
2019-01-27 18:00,2019-01-27 19:00,0.516,9.457
2019-01-27 19:00,2019-01-27 20:00,0.523,9.524
2019-01-27 20:00,2019-01-27 21:00,0.525,9.533
2019-01-27 21:00,2019-01-27 22:00,0.493,9.258
2019-01-27 22:00,2019-01-27 23:00,0.456,8.955
2019-01-27 23:00,2019-01-28 00:00,0.439,8.819
2019-01-28 00:00,2019-01-28 01:00,0.407,8.546
2019-01-28 01:00,2019-01-28 02:00,0.354,8.097
2019-01-28 02:00,2019-01-28 03:00,0.324,7.843
2019-01-28 03:00,2019-01-28 04:00,0.339,7.979
2019-01-28 04:00,2019-01-28 05:00,0.347,8.036
2019-01-28 05:00,2019-01-28 06:00,0.353,8.092
2019-01-28 06:00,2019-01-28 07:00,0.315,7.761
2019-01-28 07:00,2019-01-28 08:00,0.201,6.694
2019-01-28 08:00,2019-01-28 09:00,0.446,8.873
2019-01-28 09:00,2019-01-28 10:00,0.359,8.143
2019-01-28 10:00,2019-01-28 11:00,0.190,6.582
2019-01-28 11:00,2019-01-28 12:00,0.076,5.152
2019-01-28 12:00,2019-01-28 13:00,0.013,3.651
2019-01-28 13:00,2019-01-28 14:00,0,1.684
2019-01-28 14:00,2019-01-28 15:00,0,0.070
2019-01-28 15:00,2019-01-28 16:00,0,0.168
2019-01-28 16:00,2019-01-28 17:00,0,2.061
2019-01-28 17:00,2019-01-28 18:00,0.022,3.969
2019-01-28 18:00,2019-01-28 19:00,0.109,5.643
2019-01-28 19:00,2019-01-28 20:00,0.218,6.868
2019-01-28 20:00,2019-01-28 21:00,0.307,7.694
2019-01-28 21:00,2019-01-28 22:00,0.363,8.171
2019-01-28 22:00,2019-01-28 23:00,0.384,8.355
2019-01-28 23:00,2019-01-29 00:00,0.378,8.308
2019-01-29 00:00,2019-01-29 01:00,0.355,8.103
2019-01-29 01:00,2019-01-29 02:00,0.334,7.935
2019-01-29 02:00,2019-01-29 03:00,0.328,7.869
2019-01-29 03:00,2019-01-29 04:00,0.321,7.822
2019-01-29 04:00,2019-01-29 05:00,0.328,7.880
2019-01-29 05:00,2019-01-29 06:00,0.337,7.960
2019-01-29 06:00,2019-01-29 07:00,0.282,7.478
2019-01-29 07:00,2019-01-29 08:00,0.130,5.913
2019-01-29 08:00,2019-01-29 09:00,0.076,5.154
2019-01-29 09:00,2019-01-29 10:00,0.210,6.799
2019-01-29 10:00,2019-01-29 11:00,0.086,5.305
2019-01-29 11:00,2019-01-29 12:00,0.016,3.777
2019-01-29 12:00,2019-01-29 13:00,0.003,2.858
2019-01-29 13:00,2019-01-29 14:00,0.001,2.549
2019-01-29 14:00,2019-01-29 15:00,0.001,2.581
2019-01-29 15:00,2019-01-29 16:00,0.004,2.974
2019-01-29 16:00,2019-01-29 17:00,0.020,3.897
2019-01-29 17:00,2019-01-29 18:00,0.069,5.027
2019-01-29 18:00,2019-01-29 19:00,0.139,6.012
2019-01-29 19:00,2019-01-29 20:00,0.232,7.004
2019-01-29 20:00,2019-01-29 21:00,0.320,7.810
2019-01-29 21:00,2019-01-29 22:00,0.371,8.250
2019-01-29 22:00,2019-01-29 23:00,0.395,8.450
2019-01-29 23:00,2019-01-30 00:00,0.390,8.405
2019-01-30 00:00,2019-01-30 01:00,0.406,8.540
2019-01-30 01:00,2019-01-30 02:00,0.428,8.718
2019-01-30 02:00,2019-01-30 03:00,0.434,8.767
2019-01-30 03:00,2019-01-30 04:00,0.448,8.891
2019-01-30 04:00,2019-01-30 05:00,0.434,8.764
2019-01-30 05:00,2019-01-30 06:00,0.417,8.631
2019-01-30 06:00,2019-01-30 07:00,0.337,7.957
2019-01-30 07:00,2019-01-30 08:00,0.161,6.280
2019-01-30 08:00,2019-01-30 09:00,0.119,5.773
2019-01-30 09:00,2019-01-30 10:00,0.417,8.630
2019-01-30 10:00,2019-01-30 11:00,0.262,7.284
2019-01-30 11:00,2019-01-30 12:00,0.106,5.596
2019-01-30 12:00,2019-01-30 13:00,0.031,4.259
2019-01-30 13:00,2019-01-30 14:00,0.010,3.499
2019-01-30 14:00,2019-01-30 15:00,0.007,3.280
2019-01-30 15:00,2019-01-30 16:00,0.011,3.529
2019-01-30 16:00,2019-01-30 17:00,0.063,4.934
2019-01-30 17:00,2019-01-30 18:00,0.267,7.329
2019-01-30 18:00,2019-01-30 19:00,0.475,9.112
2019-01-30 19:00,2019-01-30 20:00,0.566,9.889
2019-01-30 20:00,2019-01-30 21:00,0.562,9.857
2019-01-30 21:00,2019-01-30 22:00,0.528,9.563
2019-01-30 22:00,2019-01-30 23:00,0.486,9.204
2019-01-30 23:00,2019-01-31 00:00,0.450,8.903
2019-01-31 00:00,2019-01-31 01:00,0.428,8.712
2019-01-31 01:00,2019-01-31 02:00,0.412,8.584
2019-01-31 02:00,2019-01-31 03:00,0.409,8.563
2019-01-31 03:00,2019-01-31 04:00,0.438,8.807
2019-01-31 04:00,2019-01-31 05:00,0.453,8.929
2019-01-31 05:00,2019-01-31 06:00,0.444,8.857
2019-01-31 06:00,2019-01-31 07:00,0.329,7.890
2019-01-31 07:00,2019-01-31 08:00,0.175,6.425
2019-01-31 08:00,2019-01-31 09:00,0.207,6.760
2019-01-31 09:00,2019-01-31 10:00,0.489,9.232
2019-01-31 10:00,2019-01-31 11:00,0.414,8.609
2019-01-31 11:00,2019-01-31 12:00,0.297,7.609
2019-01-31 12:00,2019-01-31 13:00,0.155,6.206
2019-01-31 13:00,2019-01-31 14:00,0.094,5.430
2019-01-31 14:00,2019-01-31 15:00,0.091,5.388
2019-01-31 15:00,2019-01-31 16:00,0.124,5.837
2019-01-31 16:00,2019-01-31 17:00,0.199,6.676
2019-01-31 17:00,2019-01-31 18:00,0.334,7.932
2019-01-31 18:00,2019-01-31 19:00,0.439,8.813
2019-01-31 19:00,2019-01-31 20:00,0.505,9.366
2019-01-31 20:00,2019-01-31 21:00,0.531,9.585
2019-01-31 21:00,2019-01-31 22:00,0.515,9.445
2019-01-31 22:00,2019-01-31 23:00,0.470,9.073
2019-01-31 23:00,2019-02-01 00:00,0.426,8.702
2019-02-01 00:00,2019-02-01 01:00,0.384,8.350
2019-02-01 01:00,2019-02-01 02:00,0.357,8.123
2019-02-01 02:00,2019-02-01 03:00,0.338,7.969
2019-02-01 03:00,2019-02-01 04:00,0.339,7.979
2019-02-01 04:00,2019-02-01 05:00,0.358,8.139
2019-02-01 05:00,2019-02-01 06:00,0.388,8.390
2019-02-01 06:00,2019-02-01 07:00,0.349,8.060
2019-02-01 07:00,2019-02-01 08:00,0.163,6.301
2019-02-01 08:00,2019-02-01 09:00,0.084,5.275
2019-02-01 09:00,2019-02-01 10:00,0.204,6.730
2019-02-01 10:00,2019-02-01 11:00,0.060,4.887
2019-02-01 11:00,2019-02-01 12:00,0.019,3.877
2019-02-01 12:00,2019-02-01 13:00,0.010,3.496
2019-02-01 13:00,2019-02-01 14:00,0.010,3.449
2019-02-01 14:00,2019-02-01 15:00,0.012,3.566
2019-02-01 15:00,2019-02-01 16:00,0.025,4.073
2019-02-01 16:00,2019-02-01 17:00,0.088,5.347
2019-02-01 17:00,2019-02-01 18:00,0.244,7.120
2019-02-01 18:00,2019-02-01 19:00,0.382,8.337
2019-02-01 19:00,2019-02-01 20:00,0.470,9.070
2019-02-01 20:00,2019-02-01 21:00,0.485,9.189
2019-02-01 21:00,2019-02-01 22:00,0.475,9.115
2019-02-01 22:00,2019-02-01 23:00,0.453,8.929
2019-02-01 23:00,2019-02-02 00:00,0.430,8.736
2019-02-02 00:00,2019-02-02 01:00,0.419,8.645
2019-02-02 01:00,2019-02-02 02:00,0.397,8.467
2019-02-02 02:00,2019-02-02 03:00,0.367,8.217
2019-02-02 03:00,2019-02-02 04:00,0.364,8.192
2019-02-02 04:00,2019-02-02 05:00,0.375,8.277
2019-02-02 05:00,2019-02-02 06:00,0.356,8.115
2019-02-02 06:00,2019-02-02 07:00,0.284,7.488
2019-02-02 07:00,2019-02-02 08:00,0.143,6.065
2019-02-02 08:00,2019-02-02 09:00,0.093,5.418
2019-02-02 09:00,2019-02-02 10:00,0.239,7.076
2019-02-02 10:00,2019-02-02 11:00,0.109,5.635
2019-02-02 11:00,2019-02-02 12:00,0.028,4.149
2019-02-02 12:00,2019-02-02 13:00,0.005,3.091
2019-02-02 13:00,2019-02-02 14:00,0.001,2.539
2019-02-02 14:00,2019-02-02 15:00,0.001,2.417
2019-02-02 15:00,2019-02-02 16:00,0.001,2.582
2019-02-02 16:00,2019-02-02 17:00,0.009,3.429
2019-02-02 17:00,2019-02-02 18:00,0.061,4.900
2019-02-02 18:00,2019-02-02 19:00,0.173,6.407
2019-02-02 19:00,2019-02-02 20:00,0.279,7.443
2019-02-02 20:00,2019-02-02 21:00,0.317,7.776
2019-02-02 21:00,2019-02-02 22:00,0.306,7.688
2019-02-02 22:00,2019-02-02 23:00,0.287,7.508
2019-02-02 23:00,2019-02-03 00:00,0.259,7.260
2019-02-03 00:00,2019-02-03 01:00,0.221,6.903
2019-02-03 01:00,2019-02-03 02:00,0.211,6.808
2019-02-03 02:00,2019-02-03 03:00,0.222,6.909
2019-02-03 03:00,2019-02-03 04:00,0.189,6.574
2019-02-03 04:00,2019-02-03 05:00,0.185,6.542
2019-02-03 05:00,2019-02-03 06:00,0.175,6.421
2019-02-03 06:00,2019-02-03 07:00,0.151,6.163
2019-02-03 07:00,2019-02-03 08:00,0.065,4.969
2019-02-03 08:00,2019-02-03 09:00,0.012,3.593
2019-02-03 09:00,2019-02-03 10:00,0.007,3.307
2019-02-03 10:00,2019-02-03 11:00,0.001,2.448
2019-02-03 11:00,2019-02-03 12:00,0,2.215
2019-02-03 12:00,2019-02-03 13:00,0.001,2.541
2019-02-03 13:00,2019-02-03 14:00,0.004,3.062
2019-02-03 14:00,2019-02-03 15:00,0.005,3.129
2019-02-03 15:00,2019-02-03 16:00,0.005,3.095
2019-02-03 16:00,2019-02-03 17:00,0.002,2.819
2019-02-03 17:00,2019-02-03 18:00,0.004,3.062
2019-02-03 18:00,2019-02-03 19:00,0.008,3.357
2019-02-03 19:00,2019-02-03 20:00,0.014,3.691
2019-02-03 20:00,2019-02-03 21:00,0.025,4.084
2019-02-03 21:00,2019-02-03 22:00,0.028,4.170
2019-02-03 22:00,2019-02-03 23:00,0.027,4.131
2019-02-03 23:00,2019-02-04 00:00,0.018,3.848
2019-02-04 00:00,2019-02-04 01:00,0.015,3.698
2019-02-04 01:00,2019-02-04 02:00,0.015,3.715
2019-02-04 02:00,2019-02-04 03:00,0.017,3.799
2019-02-04 03:00,2019-02-04 04:00,0.034,4.325
2019-02-04 04:00,2019-02-04 05:00,0.059,4.866
2019-02-04 05:00,2019-02-04 06:00,0.074,5.122
2019-02-04 06:00,2019-02-04 07:00,0.077,5.172
2019-02-04 07:00,2019-02-04 08:00,0.049,4.673
2019-02-04 08:00,2019-02-04 09:00,0.016,3.779
2019-02-04 09:00,2019-02-04 10:00,0.027,4.131
2019-02-04 10:00,2019-02-04 11:00,0.009,3.401
2019-02-04 11:00,2019-02-04 12:00,0.003,2.846
2019-02-04 12:00,2019-02-04 13:00,0.004,2.979
2019-02-04 13:00,2019-02-04 14:00,0.016,3.784
2019-02-04 14:00,2019-02-04 15:00,0.041,4.498
2019-02-04 15:00,2019-02-04 16:00,0.072,5.098
2019-02-04 16:00,2019-02-04 17:00,0.110,5.657
2019-02-04 17:00,2019-02-04 18:00,0.174,6.415
2019-02-04 18:00,2019-02-04 19:00,0.241,7.095
2019-02-04 19:00,2019-02-04 20:00,0.347,8.041
2019-02-04 20:00,2019-02-04 21:00,0.417,8.634
2019-02-04 21:00,2019-02-04 22:00,0.438,8.803
2019-02-04 22:00,2019-02-04 23:00,0.431,8.739
2019-02-04 23:00,2019-02-05 00:00,0.405,8.525
2019-02-05 00:00,2019-02-05 01:00,0.390,8.401
2019-02-05 01:00,2019-02-05 02:00,0.381,8.320
2019-02-05 02:00,2019-02-05 03:00,0.384,8.353
2019-02-05 03:00,2019-02-05 04:00,0.384,8.349
2019-02-05 04:00,2019-02-05 05:00,0.389,8.396
2019-02-05 05:00,2019-02-05 06:00,0.416,8.624
2019-02-05 06:00,2019-02-05 07:00,0.411,8.570
2019-02-05 07:00,2019-02-05 08:00,0.689,11.059
2019-02-05 08:00,2019-02-05 09:00,0.734,11.555
2019-02-05 09:00,2019-02-05 10:00,0.625,10.425
2019-02-05 10:00,2019-02-05 11:00,0.475,9.118
2019-02-05 11:00,2019-02-05 12:00,0.328,7.869
2019-02-05 12:00,2019-02-05 13:00,0.204,6.729
2019-02-05 13:00,2019-02-05 14:00,0.114,5.703
2019-02-05 14:00,2019-02-05 15:00,0.078,5.188
2019-02-05 15:00,2019-02-05 16:00,0.095,5.445
2019-02-05 16:00,2019-02-05 17:00,0.185,6.542
2019-02-05 17:00,2019-02-05 18:00,0.401,8.501
2019-02-05 18:00,2019-02-05 19:00,0.495,9.282
2019-02-05 19:00,2019-02-05 20:00,0.478,9.136
2019-02-05 20:00,2019-02-05 21:00,0.476,9.125
2019-02-05 21:00,2019-02-05 22:00,0.485,9.188
2019-02-05 22:00,2019-02-05 23:00,0.453,8.932
2019-02-05 23:00,2019-02-06 00:00,0.412,8.576
2019-02-06 00:00,2019-02-06 01:00,0.378,8.298
2019-02-06 01:00,2019-02-06 02:00,0.384,8.355
2019-02-06 02:00,2019-02-06 03:00,0.413,8.597
2019-02-06 03:00,2019-02-06 04:00,0.428,8.723
2019-02-06 04:00,2019-02-06 05:00,0.447,8.878
2019-02-06 05:00,2019-02-06 06:00,0.473,9.100
2019-02-06 06:00,2019-02-06 07:00,0.442,8.838
2019-02-06 07:00,2019-02-06 08:00,0.654,10.709
2019-02-06 08:00,2019-02-06 09:00,0.809,12.521
2019-02-06 09:00,2019-02-06 10:00,0.754,11.778
2019-02-06 10:00,2019-02-06 11:00,0.678,10.944
2019-02-06 11:00,2019-02-06 12:00,0.586,10.071
2019-02-06 12:00,2019-02-06 13:00,0.476,9.121
2019-02-06 13:00,2019-02-06 14:00,0.371,8.242
2019-02-06 14:00,2019-02-06 15:00,0.323,7.827
2019-02-06 15:00,2019-02-06 16:00,0.318,7.795
2019-02-06 16:00,2019-02-06 17:00,0.306,7.691
2019-02-06 17:00,2019-02-06 18:00,0.387,8.383
2019-02-06 18:00,2019-02-06 19:00,0.476,9.126
2019-02-06 19:00,2019-02-06 20:00,0.484,9.186
2019-02-06 20:00,2019-02-06 21:00,0.473,9.098
2019-02-06 21:00,2019-02-06 22:00,0.466,9.034
2019-02-06 22:00,2019-02-06 23:00,0.454,8.941
2019-02-06 23:00,2019-02-07 00:00,0.436,8.791
2019-02-07 00:00,2019-02-07 01:00,0.422,8.666
2019-02-07 01:00,2019-02-07 02:00,0.405,8.526
2019-02-07 02:00,2019-02-07 03:00,0.386,8.372
2019-02-07 03:00,2019-02-07 04:00,0.375,8.276
2019-02-07 04:00,2019-02-07 05:00,0.377,8.293
2019-02-07 05:00,2019-02-07 06:00,0.384,8.351
2019-02-07 06:00,2019-02-07 07:00,0.325,7.849
2019-02-07 07:00,2019-02-07 08:00,0.214,6.827
2019-02-07 08:00,2019-02-07 09:00,0.658,10.740
2019-02-07 09:00,2019-02-07 10:00,0.728,11.481
2019-02-07 10:00,2019-02-07 11:00,0.615,10.326
2019-02-07 11:00,2019-02-07 12:00,0.514,9.438
2019-02-07 12:00,2019-02-07 13:00,0.406,8.531
2019-02-07 13:00,2019-02-07 14:00,0.299,7.624
2019-02-07 14:00,2019-02-07 15:00,0.252,7.204
2019-02-07 15:00,2019-02-07 16:00,0.256,7.235
2019-02-07 16:00,2019-02-07 17:00,0.269,7.354
2019-02-07 17:00,2019-02-07 18:00,0.369,8.226
2019-02-07 18:00,2019-02-07 19:00,0.464,9.015
2019-02-07 19:00,2019-02-07 20:00,0.509,9.395
2019-02-07 20:00,2019-02-07 21:00,0.515,9.443
2019-02-07 21:00,2019-02-07 22:00,0.491,9.245
2019-02-07 22:00,2019-02-07 23:00,0.473,9.099
2019-02-07 23:00,2019-02-08 00:00,0.449,8.893
2019-02-08 00:00,2019-02-08 01:00,0.436,8.780
2019-02-08 01:00,2019-02-08 02:00,0.432,8.755
2019-02-08 02:00,2019-02-08 03:00,0.425,8.700
2019-02-08 03:00,2019-02-08 04:00,0.431,8.738
2019-02-08 04:00,2019-02-08 05:00,0.441,8.824
2019-02-08 05:00,2019-02-08 06:00,0.438,8.802
2019-02-08 06:00,2019-02-08 07:00,0.340,7.980
2019-02-08 07:00,2019-02-08 08:00,0.195,6.642
2019-02-08 08:00,2019-02-08 09:00,0.527,9.552
2019-02-08 09:00,2019-02-08 10:00,0.779,12.105
2019-02-08 10:00,2019-02-08 11:00,0.709,11.263
2019-02-08 11:00,2019-02-08 12:00,0.623,10.400
2019-02-08 12:00,2019-02-08 13:00,0.527,9.557
2019-02-08 13:00,2019-02-08 14:00,0.428,8.716
2019-02-08 14:00,2019-02-08 15:00,0.355,8.101
2019-02-08 15:00,2019-02-08 16:00,0.337,7.954
2019-02-08 16:00,2019-02-08 17:00,0.344,8.017
2019-02-08 17:00,2019-02-08 18:00,0.434,8.761
2019-02-08 18:00,2019-02-08 19:00,0.518,9.474
2019-02-08 19:00,2019-02-08 20:00,0.534,9.612
2019-02-08 20:00,2019-02-08 21:00,0.507,9.385
2019-02-08 21:00,2019-02-08 22:00,0.498,9.307
2019-02-08 22:00,2019-02-08 23:00,0.497,9.298
2019-02-08 23:00,2019-02-09 00:00,0.486,9.204
2019-02-09 00:00,2019-02-09 01:00,0.477,9.129
2019-02-09 01:00,2019-02-09 02:00,0.470,9.070
2019-02-09 02:00,2019-02-09 03:00,0.461,8.999
2019-02-09 03:00,2019-02-09 04:00,0.444,8.855
2019-02-09 04:00,2019-02-09 05:00,0.430,8.737
2019-02-09 05:00,2019-02-09 06:00,0.422,8.667
2019-02-09 06:00,2019-02-09 07:00,0.365,8.197
2019-02-09 07:00,2019-02-09 08:00,0.252,7.192
2019-02-09 08:00,2019-02-09 09:00,0.756,11.820
2019-02-09 09:00,2019-02-09 10:00,0.801,12.397
2019-02-09 10:00,2019-02-09 11:00,0.747,11.704
2019-02-09 11:00,2019-02-09 12:00,0.681,10.973
2019-02-09 12:00,2019-02-09 13:00,0.591,10.116
2019-02-09 13:00,2019-02-09 14:00,0.518,9.474
2019-02-09 14:00,2019-02-09 15:00,0.498,9.309
2019-02-09 15:00,2019-02-09 16:00,0.517,9.460
2019-02-09 16:00,2019-02-09 17:00,0.476,9.122
2019-02-09 17:00,2019-02-09 18:00,0.493,9.259
2019-02-09 18:00,2019-02-09 19:00,0.556,9.802
2019-02-09 19:00,2019-02-09 20:00,0.561,9.849
2019-02-09 20:00,2019-02-09 21:00,0.539,9.649
2019-02-09 21:00,2019-02-09 22:00,0.502,9.342
2019-02-09 22:00,2019-02-09 23:00,0.475,9.118
2019-02-09 23:00,2019-02-10 00:00,0.460,8.984
2019-02-10 00:00,2019-02-10 01:00,0.438,8.802
2019-02-10 01:00,2019-02-10 02:00,0.416,8.623
2019-02-10 02:00,2019-02-10 03:00,0.423,8.680
2019-02-10 03:00,2019-02-10 04:00,0.446,8.873
2019-02-10 04:00,2019-02-10 05:00,0.468,9.060
2019-02-10 05:00,2019-02-10 06:00,0.491,9.245
2019-02-10 06:00,2019-02-10 07:00,0.471,9.085
2019-02-10 07:00,2019-02-10 08:00,0.570,9.923
2019-02-10 08:00,2019-02-10 09:00,0.838,12.961
2019-02-10 09:00,2019-02-10 10:00,0.860,13.342
2019-02-10 10:00,2019-02-10 11:00,0.798,12.365
2019-02-10 11:00,2019-02-10 12:00,0.694,11.109
2019-02-10 12:00,2019-02-10 13:00,0.597,10.166
2019-02-10 13:00,2019-02-10 14:00,0.534,9.616
2019-02-10 14:00,2019-02-10 15:00,0.485,9.198
2019-02-10 15:00,2019-02-10 16:00,0.491,9.245
2019-02-10 16:00,2019-02-10 17:00,0.471,9.085
2019-02-10 17:00,2019-02-10 18:00,0.499,9.317
2019-02-10 18:00,2019-02-10 19:00,0.557,9.817
2019-02-10 19:00,2019-02-10 20:00,0.570,9.925
2019-02-10 20:00,2019-02-10 21:00,0.560,9.842
2019-02-10 21:00,2019-02-10 22:00,0.510,9.409
2019-02-10 22:00,2019-02-10 23:00,0.469,9.064
2019-02-10 23:00,2019-02-11 00:00,0.457,8.966
2019-02-11 00:00,2019-02-11 01:00,0.450,8.905
2019-02-11 01:00,2019-02-11 02:00,0.428,8.722
2019-02-11 02:00,2019-02-11 03:00,0.392,8.417
2019-02-11 03:00,2019-02-11 04:00,0.392,8.419
2019-02-11 04:00,2019-02-11 05:00,0.393,8.419
2019-02-11 05:00,2019-02-11 06:00,0.402,8.503
2019-02-11 06:00,2019-02-11 07:00,0.368,8.218
2019-02-11 07:00,2019-02-11 08:00,0.318,7.794
2019-02-11 08:00,2019-02-11 09:00,0.767,11.944
2019-02-11 09:00,2019-02-11 10:00,0.811,12.545
2019-02-11 10:00,2019-02-11 11:00,0.702,11.199
2019-02-11 11:00,2019-02-11 12:00,0.561,9.846
2019-02-11 12:00,2019-02-11 13:00,0.462,9.004
2019-02-11 13:00,2019-02-11 14:00,0.368,8.223
2019-02-11 14:00,2019-02-11 15:00,0.299,7.626
2019-02-11 15:00,2019-02-11 16:00,0.262,7.281
2019-02-11 16:00,2019-02-11 17:00,0.257,7.238
2019-02-11 17:00,2019-02-11 18:00,0.393,8.429
2019-02-11 18:00,2019-02-11 19:00,0.505,9.365
2019-02-11 19:00,2019-02-11 20:00,0.523,9.512
2019-02-11 20:00,2019-02-11 21:00,0.501,9.330
2019-02-11 21:00,2019-02-11 22:00,0.485,9.192
2019-02-11 22:00,2019-02-11 23:00,0.468,9.052
2019-02-11 23:00,2019-02-12 00:00,0.451,8.914
2019-02-12 00:00,2019-02-12 01:00,0.425,8.700
2019-02-12 01:00,2019-02-12 02:00,0.396,8.460
2019-02-12 02:00,2019-02-12 03:00,0.383,8.342
2019-02-12 03:00,2019-02-12 04:00,0.369,8.227
2019-02-12 04:00,2019-02-12 05:00,0.363,8.173
2019-02-12 05:00,2019-02-12 06:00,0.366,8.204
2019-02-12 06:00,2019-02-12 07:00,0.313,7.739
2019-02-12 07:00,2019-02-12 08:00,0.191,6.597
2019-02-12 08:00,2019-02-12 09:00,0.412,8.582
2019-02-12 09:00,2019-02-12 10:00,0.547,9.730
2019-02-12 10:00,2019-02-12 11:00,0.408,8.551
2019-02-12 11:00,2019-02-12 12:00,0.307,7.700
2019-02-12 12:00,2019-02-12 13:00,0.240,7.080
2019-02-12 13:00,2019-02-12 14:00,0.192,6.603
2019-02-12 14:00,2019-02-12 15:00,0.172,6.395
2019-02-12 15:00,2019-02-12 16:00,0.194,6.633
2019-02-12 16:00,2019-02-12 17:00,0.238,7.066
2019-02-12 17:00,2019-02-12 18:00,0.358,8.133
2019-02-12 18:00,2019-02-12 19:00,0.443,8.850
2019-02-12 19:00,2019-02-12 20:00,0.475,9.113
2019-02-12 20:00,2019-02-12 21:00,0.484,9.183
2019-02-12 21:00,2019-02-12 22:00,0.471,9.083
2019-02-12 22:00,2019-02-12 23:00,0.450,8.903
2019-02-12 23:00,2019-02-13 00:00,0.425,8.699
2019-02-13 00:00,2019-02-13 01:00,0.404,8.520
2019-02-13 01:00,2019-02-13 02:00,0.393,8.426
2019-02-13 02:00,2019-02-13 03:00,0.390,8.408
2019-02-13 03:00,2019-02-13 04:00,0.393,8.424
2019-02-13 04:00,2019-02-13 05:00,0.397,8.462
2019-02-13 05:00,2019-02-13 06:00,0.401,8.493
2019-02-13 06:00,2019-02-13 07:00,0.328,7.872
2019-02-13 07:00,2019-02-13 08:00,0.191,6.598
2019-02-13 08:00,2019-02-13 09:00,0.485,9.195
2019-02-13 09:00,2019-02-13 10:00,0.766,11.938
2019-02-13 10:00,2019-02-13 11:00,0.716,11.347
2019-02-13 11:00,2019-02-13 12:00,0.658,10.741
2019-02-13 12:00,2019-02-13 13:00,0.603,10.213
2019-02-13 13:00,2019-02-13 14:00,0.560,9.838
2019-02-13 14:00,2019-02-13 15:00,0.531,9.580
2019-02-13 15:00,2019-02-13 16:00,0.519,9.483
2019-02-13 16:00,2019-02-13 17:00,0.485,9.200
2019-02-13 17:00,2019-02-13 18:00,0.522,9.506
2019-02-13 18:00,2019-02-13 19:00,0.588,10.088
2019-02-13 19:00,2019-02-13 20:00,0.570,9.928
2019-02-13 20:00,2019-02-13 21:00,0.554,9.786
2019-02-13 21:00,2019-02-13 22:00,0.535,9.624
2019-02-13 22:00,2019-02-13 23:00,0.512,9.423
2019-02-13 23:00,2019-02-14 00:00,0.500,9.328
2019-02-14 00:00,2019-02-14 01:00,0.485,9.196
2019-02-14 01:00,2019-02-14 02:00,0.477,9.129
2019-02-14 02:00,2019-02-14 03:00,0.488,9.223
2019-02-14 03:00,2019-02-14 04:00,0.501,9.332
2019-02-14 04:00,2019-02-14 05:00,0.493,9.267
2019-02-14 05:00,2019-02-14 06:00,0.512,9.429
2019-02-14 06:00,2019-02-14 07:00,0.554,9.787
2019-02-14 07:00,2019-02-14 08:00,0.889,13.906
2019-02-14 08:00,2019-02-14 09:00,0.921,14.670
2019-02-14 09:00,2019-02-14 10:00,0.884,13.812
2019-02-14 10:00,2019-02-14 11:00,0.819,12.650
2019-02-14 11:00,2019-02-14 12:00,0.737,11.579
2019-02-14 12:00,2019-02-14 13:00,0.644,10.611
2019-02-14 13:00,2019-02-14 14:00,0.572,9.939
2019-02-14 14:00,2019-02-14 15:00,0.522,9.508
2019-02-14 15:00,2019-02-14 16:00,0.504,9.359
2019-02-14 16:00,2019-02-14 17:00,0.450,8.897
2019-02-14 17:00,2019-02-14 18:00,0.426,8.705
2019-02-14 18:00,2019-02-14 19:00,0.476,9.125
2019-02-14 19:00,2019-02-14 20:00,0.500,9.325
2019-02-14 20:00,2019-02-14 21:00,0.493,9.268
2019-02-14 21:00,2019-02-14 22:00,0.466,9.028
2019-02-14 22:00,2019-02-14 23:00,0.441,8.828
2019-02-14 23:00,2019-02-15 00:00,0.428,8.726
2019-02-15 00:00,2019-02-15 01:00,0.423,8.681
2019-02-15 01:00,2019-02-15 02:00,0.425,8.688
2019-02-15 02:00,2019-02-15 03:00,0.442,8.842
2019-02-15 03:00,2019-02-15 04:00,0.480,9.148
2019-02-15 04:00,2019-02-15 05:00,0.528,9.561
2019-02-15 05:00,2019-02-15 06:00,0.572,9.939
2019-02-15 06:00,2019-02-15 07:00,0.555,9.795
2019-02-15 07:00,2019-02-15 08:00,0.847,13.115
2019-02-15 08:00,2019-02-15 09:00,0.898,14.117
2019-02-15 09:00,2019-02-15 10:00,0.856,13.273
2019-02-15 10:00,2019-02-15 11:00,0.774,12.049
2019-02-15 11:00,2019-02-15 12:00,0.671,10.877
2019-02-15 12:00,2019-02-15 13:00,0.573,9.954
2019-02-15 13:00,2019-02-15 14:00,0.486,9.210
2019-02-15 14:00,2019-02-15 15:00,0.418,8.639
2019-02-15 15:00,2019-02-15 16:00,0.408,8.550
2019-02-15 16:00,2019-02-15 17:00,0.401,8.498
2019-02-15 17:00,2019-02-15 18:00,0.462,9.004
2019-02-15 18:00,2019-02-15 19:00,0.558,9.819
2019-02-15 19:00,2019-02-15 20:00,0.560,9.831
2019-02-15 20:00,2019-02-15 21:00,0.517,9.460
2019-02-15 21:00,2019-02-15 22:00,0.468,9.053
2019-02-15 22:00,2019-02-15 23:00,0.442,8.835
2019-02-15 23:00,2019-02-16 00:00,0.425,8.696
2019-02-16 00:00,2019-02-16 01:00,0.412,8.578
2019-02-16 01:00,2019-02-16 02:00,0.397,8.468
2019-02-16 02:00,2019-02-16 03:00,0.385,8.364
2019-02-16 03:00,2019-02-16 04:00,0.384,8.353
2019-02-16 04:00,2019-02-16 05:00,0.383,8.344
2019-02-16 05:00,2019-02-16 06:00,0.393,8.424
2019-02-16 06:00,2019-02-16 07:00,0.349,8.051
2019-02-16 07:00,2019-02-16 08:00,0.279,7.445
2019-02-16 08:00,2019-02-16 09:00,0.761,11.881
2019-02-16 09:00,2019-02-16 10:00,0.783,12.149
2019-02-16 10:00,2019-02-16 11:00,0.692,11.091
2019-02-16 11:00,2019-02-16 12:00,0.583,10.041
2019-02-16 12:00,2019-02-16 13:00,0.488,9.225
2019-02-16 13:00,2019-02-16 14:00,0.390,8.397
2019-02-16 14:00,2019-02-16 15:00,0.329,7.885
2019-02-16 15:00,2019-02-16 16:00,0.349,8.061
2019-02-16 16:00,2019-02-16 17:00,0.335,7.939
2019-02-16 17:00,2019-02-16 18:00,0.369,8.232
2019-02-16 18:00,2019-02-16 19:00,0.469,9.065
2019-02-16 19:00,2019-02-16 20:00,0.529,9.568
2019-02-16 20:00,2019-02-16 21:00,0.515,9.453
2019-02-16 21:00,2019-02-16 22:00,0.472,9.094
2019-02-16 22:00,2019-02-16 23:00,0.446,8.876
2019-02-16 23:00,2019-02-17 00:00,0.448,8.889
2019-02-17 00:00,2019-02-17 01:00,0.451,8.912
2019-02-17 01:00,2019-02-17 02:00,0.452,8.917
2019-02-17 02:00,2019-02-17 03:00,0.447,8.880
2019-02-17 03:00,2019-02-17 04:00,0.418,8.636
2019-02-17 04:00,2019-02-17 05:00,0.404,8.513
2019-02-17 05:00,2019-02-17 06:00,0.414,8.607
2019-02-17 06:00,2019-02-17 07:00,0.355,8.106
2019-02-17 07:00,2019-02-17 08:00,0.249,7.165
2019-02-17 08:00,2019-02-17 09:00,0.593,10.130
2019-02-17 09:00,2019-02-17 10:00,0.758,11.844
2019-02-17 10:00,2019-02-17 11:00,0.655,10.719
2019-02-17 11:00,2019-02-17 12:00,0.526,9.550
2019-02-17 12:00,2019-02-17 13:00,0.404,8.519
2019-02-17 13:00,2019-02-17 14:00,0.279,7.447
2019-02-17 14:00,2019-02-17 15:00,0.244,7.121
2019-02-17 15:00,2019-02-17 16:00,0.263,7.300
2019-02-17 16:00,2019-02-17 17:00,0.280,7.458
2019-02-17 17:00,2019-02-17 18:00,0.413,8.601
2019-02-17 18:00,2019-02-17 19:00,0.523,9.518
2019-02-17 19:00,2019-02-17 20:00,0.563,9.866
2019-02-17 20:00,2019-02-17 21:00,0.560,9.832
2019-02-17 21:00,2019-02-17 22:00,0.539,9.659
2019-02-17 22:00,2019-02-17 23:00,0.507,9.387
2019-02-17 23:00,2019-02-18 00:00,0.472,9.087
2019-02-18 00:00,2019-02-18 01:00,0.456,8.958
2019-02-18 01:00,2019-02-18 02:00,0.458,8.970
2019-02-18 02:00,2019-02-18 03:00,0.477,9.130
2019-02-18 03:00,2019-02-18 04:00,0.507,9.382
2019-02-18 04:00,2019-02-18 05:00,0.518,9.479
2019-02-18 05:00,2019-02-18 06:00,0.543,9.687
2019-02-18 06:00,2019-02-18 07:00,0.477,9.133
2019-02-18 07:00,2019-02-18 08:00,0.235,7.039
2019-02-18 08:00,2019-02-18 09:00,0.573,9.953
2019-02-18 09:00,2019-02-18 10:00,0.667,10.832
2019-02-18 10:00,2019-02-18 11:00,0.528,9.562
2019-02-18 11:00,2019-02-18 12:00,0.358,8.134
2019-02-18 12:00,2019-02-18 13:00,0.228,6.964
2019-02-18 13:00,2019-02-18 14:00,0.140,6.030
2019-02-18 14:00,2019-02-18 15:00,0.100,5.513
2019-02-18 15:00,2019-02-18 16:00,0.102,5.532
2019-02-18 16:00,2019-02-18 17:00,0.170,6.374
2019-02-18 17:00,2019-02-18 18:00,0.365,8.195
2019-02-18 18:00,2019-02-18 19:00,0.498,9.312
2019-02-18 19:00,2019-02-18 20:00,0.549,9.736
2019-02-18 20:00,2019-02-18 21:00,0.550,9.740
2019-02-18 21:00,2019-02-18 22:00,0.517,9.461
2019-02-18 22:00,2019-02-18 23:00,0.457,8.964
2019-02-18 23:00,2019-02-19 00:00,0.442,8.841
2019-02-19 00:00,2019-02-19 01:00,0.428,8.726
2019-02-19 01:00,2019-02-19 02:00,0.397,8.466
2019-02-19 02:00,2019-02-19 03:00,0.410,8.568
2019-02-19 03:00,2019-02-19 04:00,0.466,9.032
2019-02-19 04:00,2019-02-19 05:00,0.444,8.854
2019-02-19 05:00,2019-02-19 06:00,0.391,8.414
2019-02-19 06:00,2019-02-19 07:00,0.354,8.097
2019-02-19 07:00,2019-02-19 08:00,0.257,7.245
2019-02-19 08:00,2019-02-19 09:00,0.570,9.923
2019-02-19 09:00,2019-02-19 10:00,0.600,10.188
2019-02-19 10:00,2019-02-19 11:00,0.347,8.037
2019-02-19 11:00,2019-02-19 12:00,0.140,6.035
2019-02-19 12:00,2019-02-19 13:00,0.054,4.760
2019-02-19 13:00,2019-02-19 14:00,0.024,4.052
2019-02-19 14:00,2019-02-19 15:00,0.016,3.759
2019-02-19 15:00,2019-02-19 16:00,0.036,4.383
2019-02-19 16:00,2019-02-19 17:00,0.112,5.683
2019-02-19 17:00,2019-02-19 18:00,0.303,7.650
2019-02-19 18:00,2019-02-19 19:00,0.441,8.827
2019-02-19 19:00,2019-02-19 20:00,0.486,9.204
2019-02-19 20:00,2019-02-19 21:00,0.511,9.416
2019-02-19 21:00,2019-02-19 22:00,0.505,9.365
2019-02-19 22:00,2019-02-19 23:00,0.483,9.176
2019-02-19 23:00,2019-02-20 00:00,0.450,8.909
2019-02-20 00:00,2019-02-20 01:00,0.417,8.634
2019-02-20 01:00,2019-02-20 02:00,0.406,8.535
2019-02-20 02:00,2019-02-20 03:00,0.392,8.419
2019-02-20 03:00,2019-02-20 04:00,0.382,8.335
2019-02-20 04:00,2019-02-20 05:00,0.350,8.067
2019-02-20 05:00,2019-02-20 06:00,0.355,8.104
2019-02-20 06:00,2019-02-20 07:00,0.318,7.797
2019-02-20 07:00,2019-02-20 08:00,0.221,6.905
2019-02-20 08:00,2019-02-20 09:00,0.376,8.286
2019-02-20 09:00,2019-02-20 10:00,0.467,9.043
2019-02-20 10:00,2019-02-20 11:00,0.301,7.637
2019-02-20 11:00,2019-02-20 12:00,0.157,6.229
2019-02-20 12:00,2019-02-20 13:00,0.055,4.781
2019-02-20 13:00,2019-02-20 14:00,0.007,3.299
2019-02-20 14:00,2019-02-20 15:00,0.001,2.653
2019-02-20 15:00,2019-02-20 16:00,0.003,2.860
2019-02-20 16:00,2019-02-20 17:00,0.018,3.838
2019-02-20 17:00,2019-02-20 18:00,0.087,5.336
2019-02-20 18:00,2019-02-20 19:00,0.197,6.663
2019-02-20 19:00,2019-02-20 20:00,0.318,7.789
2019-02-20 20:00,2019-02-20 21:00,0.400,8.485
2019-02-20 21:00,2019-02-20 22:00,0.415,8.616
2019-02-20 22:00,2019-02-20 23:00,0.388,8.388
2019-02-20 23:00,2019-02-21 00:00,0.336,7.948
2019-02-21 00:00,2019-02-21 01:00,0.307,7.693
2019-02-21 01:00,2019-02-21 02:00,0.315,7.757
2019-02-21 02:00,2019-02-21 03:00,0.318,7.780
2019-02-21 03:00,2019-02-21 04:00,0.280,7.461
2019-02-21 04:00,2019-02-21 05:00,0.242,7.098
2019-02-21 05:00,2019-02-21 06:00,0.218,6.867
2019-02-21 06:00,2019-02-21 07:00,0.164,6.306
2019-02-21 07:00,2019-02-21 08:00,0.088,5.351
2019-02-21 08:00,2019-02-21 09:00,0.144,6.075
2019-02-21 09:00,2019-02-21 10:00,0.175,6.430
2019-02-21 10:00,2019-02-21 11:00,0.058,4.844
2019-02-21 11:00,2019-02-21 12:00,0.015,3.728
2019-02-21 12:00,2019-02-21 13:00,0.006,3.186
2019-02-21 13:00,2019-02-21 14:00,0.004,3.043
2019-02-21 14:00,2019-02-21 15:00,0.005,3.165
2019-02-21 15:00,2019-02-21 16:00,0.012,3.608
2019-02-21 16:00,2019-02-21 17:00,0.042,4.512
2019-02-21 17:00,2019-02-21 18:00,0.136,5.985
2019-02-21 18:00,2019-02-21 19:00,0.250,7.176
2019-02-21 19:00,2019-02-21 20:00,0.332,7.912
2019-02-21 20:00,2019-02-21 21:00,0.369,8.231
2019-02-21 21:00,2019-02-21 22:00,0.387,8.380
2019-02-21 22:00,2019-02-21 23:00,0.388,8.388
2019-02-21 23:00,2019-02-22 00:00,0.368,8.224
2019-02-22 00:00,2019-02-22 01:00,0.356,8.116
2019-02-22 01:00,2019-02-22 02:00,0.360,8.148
2019-02-22 02:00,2019-02-22 03:00,0.352,8.086
2019-02-22 03:00,2019-02-22 04:00,0.337,7.957
2019-02-22 04:00,2019-02-22 05:00,0.336,7.947
2019-02-22 05:00,2019-02-22 06:00,0.347,8.032
2019-02-22 06:00,2019-02-22 07:00,0.294,7.576
2019-02-22 07:00,2019-02-22 08:00,0.123,5.830
2019-02-22 08:00,2019-02-22 09:00,0.049,4.670
2019-02-22 09:00,2019-02-22 10:00,0.091,5.390
2019-02-22 10:00,2019-02-22 11:00,0.019,3.871
2019-02-22 11:00,2019-02-22 12:00,0.002,2.683
2019-02-22 12:00,2019-02-22 13:00,0,1.823
2019-02-22 13:00,2019-02-22 14:00,0,1.013
2019-02-22 14:00,2019-02-22 15:00,0,0.742
2019-02-22 15:00,2019-02-22 16:00,0,1.230
2019-02-22 16:00,2019-02-22 17:00,0,1.899
2019-02-22 17:00,2019-02-22 18:00,0.003,2.889
2019-02-22 18:00,2019-02-22 19:00,0.018,3.843
2019-02-22 19:00,2019-02-22 20:00,0.047,4.626
2019-02-22 20:00,2019-02-22 21:00,0.077,5.181
2019-02-22 21:00,2019-02-22 22:00,0.096,5.447
2019-02-22 22:00,2019-02-22 23:00,0.096,5.448
2019-02-22 23:00,2019-02-23 00:00,0.084,5.280
2019-02-23 00:00,2019-02-23 01:00,0.077,5.174
2019-02-23 01:00,2019-02-23 02:00,0.097,5.469
2019-02-23 02:00,2019-02-23 03:00,0.137,6.002
2019-02-23 03:00,2019-02-23 04:00,0.172,6.400
2019-02-23 04:00,2019-02-23 05:00,0.182,6.502
2019-02-23 05:00,2019-02-23 06:00,0.172,6.394
2019-02-23 06:00,2019-02-23 07:00,0.131,5.921
2019-02-23 07:00,2019-02-23 08:00,0.050,4.691
2019-02-23 08:00,2019-02-23 09:00,0.034,4.333
2019-02-23 09:00,2019-02-23 10:00,0.017,3.810
2019-02-23 10:00,2019-02-23 11:00,0,2.218
2019-02-23 11:00,2019-02-23 12:00,0,0.084
2019-02-23 12:00,2019-02-23 13:00,0,1.768
2019-02-23 13:00,2019-02-23 14:00,0.003,2.870
2019-02-23 14:00,2019-02-23 15:00,0.015,3.711
2019-02-23 15:00,2019-02-23 16:00,0.034,4.331
2019-02-23 16:00,2019-02-23 17:00,0.045,4.593
2019-02-23 17:00,2019-02-23 18:00,0.067,5.007
2019-02-23 18:00,2019-02-23 19:00,0.085,5.288
2019-02-23 19:00,2019-02-23 20:00,0.112,5.679
2019-02-23 20:00,2019-02-23 21:00,0.175,6.431
2019-02-23 21:00,2019-02-23 22:00,0.268,7.344
2019-02-23 22:00,2019-02-23 23:00,0.354,8.097
2019-02-23 23:00,2019-02-24 00:00,0.400,8.485
2019-02-24 00:00,2019-02-24 01:00,0.412,8.580
2019-02-24 01:00,2019-02-24 02:00,0.387,8.382
2019-02-24 02:00,2019-02-24 03:00,0.342,7.992
2019-02-24 03:00,2019-02-24 04:00,0.290,7.546
2019-02-24 04:00,2019-02-24 05:00,0.248,7.163
2019-02-24 05:00,2019-02-24 06:00,0.218,6.867
2019-02-24 06:00,2019-02-24 07:00,0.147,6.120
2019-02-24 07:00,2019-02-24 08:00,0.058,4.845
2019-02-24 08:00,2019-02-24 09:00,0.028,4.158
2019-02-24 09:00,2019-02-24 10:00,0.008,3.338
2019-02-24 10:00,2019-02-24 11:00,0,0.422
2019-02-24 11:00,2019-02-24 12:00,0,0.831
2019-02-24 12:00,2019-02-24 13:00,0,1.740
2019-02-24 13:00,2019-02-24 14:00,0.001,2.506
2019-02-24 14:00,2019-02-24 15:00,0.003,2.908
2019-02-24 15:00,2019-02-24 16:00,0.004,3.006
2019-02-24 16:00,2019-02-24 17:00,0.001,2.563
2019-02-24 17:00,2019-02-24 18:00,0,2.005
2019-02-24 18:00,2019-02-24 19:00,0,1.805
2019-02-24 19:00,2019-02-24 20:00,0.001,2.319
2019-02-24 20:00,2019-02-24 21:00,0.003,2.856
2019-02-24 21:00,2019-02-24 22:00,0.007,3.267
2019-02-24 22:00,2019-02-24 23:00,0.011,3.527
2019-02-24 23:00,2019-02-25 00:00,0.013,3.641
2019-02-25 00:00,2019-02-25 01:00,0.018,3.858
2019-02-25 01:00,2019-02-25 02:00,0.040,4.465
2019-02-25 02:00,2019-02-25 03:00,0.089,5.354
2019-02-25 03:00,2019-02-25 04:00,0.162,6.288
2019-02-25 04:00,2019-02-25 05:00,0.236,7.046
2019-02-25 05:00,2019-02-25 06:00,0.269,7.350
2019-02-25 06:00,2019-02-25 07:00,0.209,6.785
2019-02-25 07:00,2019-02-25 08:00,0.125,5.855
2019-02-25 08:00,2019-02-25 09:00,0.154,6.200
2019-02-25 09:00,2019-02-25 10:00,0.194,6.629
2019-02-25 10:00,2019-02-25 11:00,0.103,5.554
2019-02-25 11:00,2019-02-25 12:00,0.033,4.295
2019-02-25 12:00,2019-02-25 13:00,0.011,3.536
2019-02-25 13:00,2019-02-25 14:00,0.009,3.396
2019-02-25 14:00,2019-02-25 15:00,0.011,3.520
2019-02-25 15:00,2019-02-25 16:00,0.008,3.362
2019-02-25 16:00,2019-02-25 17:00,0.002,2.710
2019-02-25 17:00,2019-02-25 18:00,0.002,2.727
2019-02-25 18:00,2019-02-25 19:00,0.012,3.604
2019-02-25 19:00,2019-02-25 20:00,0.056,4.792
2019-02-25 20:00,2019-02-25 21:00,0.116,5.728
2019-02-25 21:00,2019-02-25 22:00,0.165,6.322
2019-02-25 22:00,2019-02-25 23:00,0.173,6.412
2019-02-25 23:00,2019-02-26 00:00,0.143,6.071
2019-02-26 00:00,2019-02-26 01:00,0.095,5.442
2019-02-26 01:00,2019-02-26 02:00,0.055,4.787
2019-02-26 02:00,2019-02-26 03:00,0.036,4.375
2019-02-26 03:00,2019-02-26 04:00,0.035,4.353
2019-02-26 04:00,2019-02-26 05:00,0.046,4.611
2019-02-26 05:00,2019-02-26 06:00,0.070,5.045
2019-02-26 06:00,2019-02-26 07:00,0.058,4.837
2019-02-26 07:00,2019-02-26 08:00,0.019,3.875
2019-02-26 08:00,2019-02-26 09:00,0.024,4.046
2019-02-26 09:00,2019-02-26 10:00,0.044,4.573
2019-02-26 10:00,2019-02-26 11:00,0.028,4.168
2019-02-26 11:00,2019-02-26 12:00,0.009,3.412
2019-02-26 12:00,2019-02-26 13:00,0.003,2.866
2019-02-26 13:00,2019-02-26 14:00,0.001,2.600
2019-02-26 14:00,2019-02-26 15:00,0.001,2.397
2019-02-26 15:00,2019-02-26 16:00,0,1.884
2019-02-26 16:00,2019-02-26 17:00,0,1.212
2019-02-26 17:00,2019-02-26 18:00,0,1.795
2019-02-26 18:00,2019-02-26 19:00,0.008,3.365
2019-02-26 19:00,2019-02-26 20:00,0.069,5.034
2019-02-26 20:00,2019-02-26 21:00,0.159,6.254
2019-02-26 21:00,2019-02-26 22:00,0.222,6.912
2019-02-26 22:00,2019-02-26 23:00,0.257,7.244
2019-02-26 23:00,2019-02-27 00:00,0.247,7.144
2019-02-27 00:00,2019-02-27 01:00,0.227,6.956
2019-02-27 01:00,2019-02-27 02:00,0.223,6.919
2019-02-27 02:00,2019-02-27 03:00,0.224,6.921
2019-02-27 03:00,2019-02-27 04:00,0.221,6.901
2019-02-27 04:00,2019-02-27 05:00,0.210,6.796
2019-02-27 05:00,2019-02-27 06:00,0.196,6.654
2019-02-27 06:00,2019-02-27 07:00,0.146,6.104
2019-02-27 07:00,2019-02-27 08:00,0.069,5.033
2019-02-27 08:00,2019-02-27 09:00,0.131,5.927
2019-02-27 09:00,2019-02-27 10:00,0.199,6.675
2019-02-27 10:00,2019-02-27 11:00,0.100,5.512
2019-02-27 11:00,2019-02-27 12:00,0.027,4.134
2019-02-27 12:00,2019-02-27 13:00,0.005,3.102
2019-02-27 13:00,2019-02-27 14:00,0.001,2.459
2019-02-27 14:00,2019-02-27 15:00,0,2.061
2019-02-27 15:00,2019-02-27 16:00,0,1.586
2019-02-27 16:00,2019-02-27 17:00,0,0.949
2019-02-27 17:00,2019-02-27 18:00,0,1.035
2019-02-27 18:00,2019-02-27 19:00,0,1.908
2019-02-27 19:00,2019-02-27 20:00,0.002,2.829
2019-02-27 20:00,2019-02-27 21:00,0.016,3.767
2019-02-27 21:00,2019-02-27 22:00,0.052,4.735
2019-02-27 22:00,2019-02-27 23:00,0.097,5.478
2019-02-27 23:00,2019-02-28 00:00,0.123,5.823
2019-02-28 00:00,2019-02-28 01:00,0.159,6.243
2019-02-28 01:00,2019-02-28 02:00,0.184,6.531
2019-02-28 02:00,2019-02-28 03:00,0.191,6.595
2019-02-28 03:00,2019-02-28 04:00,0.201,6.701
2019-02-28 04:00,2019-02-28 05:00,0.219,6.870
2019-02-28 05:00,2019-02-28 06:00,0.224,6.926
2019-02-28 06:00,2019-02-28 07:00,0.162,6.291
2019-02-28 07:00,2019-02-28 08:00,0.080,5.221
2019-02-28 08:00,2019-02-28 09:00,0.087,5.317
2019-02-28 09:00,2019-02-28 10:00,0.115,5.720
2019-02-28 10:00,2019-02-28 11:00,0.090,5.376
2019-02-28 11:00,2019-02-28 12:00,0.087,5.321
2019-02-28 12:00,2019-02-28 13:00,0.103,5.548
2019-02-28 13:00,2019-02-28 14:00,0.118,5.758
2019-02-28 14:00,2019-02-28 15:00,0.117,5.748
2019-02-28 15:00,2019-02-28 16:00,0.092,5.409
2019-02-28 16:00,2019-02-28 17:00,0.057,4.817
2019-02-28 17:00,2019-02-28 18:00,0.049,4.655
2019-02-28 18:00,2019-02-28 19:00,0.044,4.567
2019-02-28 19:00,2019-02-28 20:00,0.041,4.501
2019-02-28 20:00,2019-02-28 21:00,0.046,4.611
2019-02-28 21:00,2019-02-28 22:00,0.065,4.980
2019-02-28 22:00,2019-02-28 23:00,0.087,5.336
2019-02-28 23:00,2019-03-01 00:00,0.102,5.542
2019-03-01 00:00,2019-03-01 01:00,0.111,5.667
2019-03-01 01:00,2019-03-01 02:00,0.109,5.636
2019-03-01 02:00,2019-03-01 03:00,0.096,5.453
2019-03-01 03:00,2019-03-01 04:00,0.078,5.184
2019-03-01 04:00,2019-03-01 05:00,0.067,5.006
2019-03-01 05:00,2019-03-01 06:00,0.061,4.896
2019-03-01 06:00,2019-03-01 07:00,0.036,4.371
2019-03-01 07:00,2019-03-01 08:00,0.008,3.334
2019-03-01 08:00,2019-03-01 09:00,0.006,3.253
2019-03-01 09:00,2019-03-01 10:00,0,0.918
2019-03-01 10:00,2019-03-01 11:00,0.008,3.393
2019-03-01 11:00,2019-03-01 12:00,0.041,4.497
2019-03-01 12:00,2019-03-01 13:00,0.072,5.092
2019-03-01 13:00,2019-03-01 14:00,0.100,5.512
2019-03-01 14:00,2019-03-01 15:00,0.124,5.841
2019-03-01 15:00,2019-03-01 16:00,0.145,6.086
2019-03-01 16:00,2019-03-01 17:00,0.178,6.456
2019-03-01 17:00,2019-03-01 18:00,0.318,7.790
2019-03-01 18:00,2019-03-01 19:00,0.437,8.793
2019-03-01 19:00,2019-03-01 20:00,0.460,8.983
2019-03-01 20:00,2019-03-01 21:00,0.434,8.761
2019-03-01 21:00,2019-03-01 22:00,0.387,8.379
2019-03-01 22:00,2019-03-01 23:00,0.324,7.844
2019-03-01 23:00,2019-03-02 00:00,0.278,7.436
2019-03-02 00:00,2019-03-02 01:00,0.244,7.119
2019-03-02 01:00,2019-03-02 02:00,0.224,6.923
2019-03-02 02:00,2019-03-02 03:00,0.211,6.809
2019-03-02 03:00,2019-03-02 04:00,0.203,6.713
2019-03-02 04:00,2019-03-02 05:00,0.203,6.719
2019-03-02 05:00,2019-03-02 06:00,0.215,6.830
2019-03-02 06:00,2019-03-02 07:00,0.191,6.595
2019-03-02 07:00,2019-03-02 08:00,0.288,7.526
2019-03-02 08:00,2019-03-02 09:00,0.555,9.797
2019-03-02 09:00,2019-03-02 10:00,0.392,8.417
2019-03-02 10:00,2019-03-02 11:00,0.242,7.102
2019-03-02 11:00,2019-03-02 12:00,0.135,5.965
2019-03-02 12:00,2019-03-02 13:00,0.065,4.969
2019-03-02 13:00,2019-03-02 14:00,0.032,4.266
2019-03-02 14:00,2019-03-02 15:00,0.018,3.849
2019-03-02 15:00,2019-03-02 16:00,0.014,3.692
2019-03-02 16:00,2019-03-02 17:00,0.020,3.907
2019-03-02 17:00,2019-03-02 18:00,0.051,4.702
2019-03-02 18:00,2019-03-02 19:00,0.090,5.380
2019-03-02 19:00,2019-03-02 20:00,0.139,6.020
2019-03-02 20:00,2019-03-02 21:00,0.194,6.620
2019-03-02 21:00,2019-03-02 22:00,0.237,7.057
2019-03-02 22:00,2019-03-02 23:00,0.259,7.268
2019-03-02 23:00,2019-03-03 00:00,0.262,7.292
2019-03-03 00:00,2019-03-03 01:00,0.263,7.305
2019-03-03 01:00,2019-03-03 02:00,0.284,7.486
2019-03-03 02:00,2019-03-03 03:00,0.310,7.721
2019-03-03 03:00,2019-03-03 04:00,0.324,7.845
2019-03-03 04:00,2019-03-03 05:00,0.310,7.721
2019-03-03 05:00,2019-03-03 06:00,0.289,7.534
2019-03-03 06:00,2019-03-03 07:00,0.232,7.008
2019-03-03 07:00,2019-03-03 08:00,0.188,6.570
2019-03-03 08:00,2019-03-03 09:00,0.508,9.392
2019-03-03 09:00,2019-03-03 10:00,0.310,7.727
2019-03-03 10:00,2019-03-03 11:00,0.121,5.788
2019-03-03 11:00,2019-03-03 12:00,0.033,4.296
2019-03-03 12:00,2019-03-03 13:00,0.007,3.328
2019-03-03 13:00,2019-03-03 14:00,0.003,2.874
2019-03-03 14:00,2019-03-03 15:00,0.002,2.835
2019-03-03 15:00,2019-03-03 16:00,0.006,3.181
2019-03-03 16:00,2019-03-03 17:00,0.031,4.241
2019-03-03 17:00,2019-03-03 18:00,0.168,6.346
2019-03-03 18:00,2019-03-03 19:00,0.361,8.153
2019-03-03 19:00,2019-03-03 20:00,0.485,9.198
2019-03-03 20:00,2019-03-03 21:00,0.515,9.447
2019-03-03 21:00,2019-03-03 22:00,0.502,9.345
2019-03-03 22:00,2019-03-03 23:00,0.493,9.258
2019-03-03 23:00,2019-03-04 00:00,0.458,8.975
2019-03-04 00:00,2019-03-04 01:00,0.426,8.705
2019-03-04 01:00,2019-03-04 02:00,0.391,8.411
2019-03-04 02:00,2019-03-04 03:00,0.374,8.263
2019-03-04 03:00,2019-03-04 04:00,0.361,8.157
2019-03-04 04:00,2019-03-04 05:00,0.358,8.136
2019-03-04 05:00,2019-03-04 06:00,0.359,8.142
2019-03-04 06:00,2019-03-04 07:00,0.292,7.563
2019-03-04 07:00,2019-03-04 08:00,0.206,6.746
2019-03-04 08:00,2019-03-04 09:00,0.563,9.866
2019-03-04 09:00,2019-03-04 10:00,0.498,9.306
2019-03-04 10:00,2019-03-04 11:00,0.372,8.252
2019-03-04 11:00,2019-03-04 12:00,0.255,7.230
2019-03-04 12:00,2019-03-04 13:00,0.160,6.260
2019-03-04 13:00,2019-03-04 14:00,0.092,5.405
2019-03-04 14:00,2019-03-04 15:00,0.056,4.807
2019-03-04 15:00,2019-03-04 16:00,0.049,4.674
2019-03-04 16:00,2019-03-04 17:00,0.067,5.011
2019-03-04 17:00,2019-03-04 18:00,0.162,6.287
2019-03-04 18:00,2019-03-04 19:00,0.309,7.713
2019-03-04 19:00,2019-03-04 20:00,0.429,8.730
2019-03-04 20:00,2019-03-04 21:00,0.483,9.170
2019-03-04 21:00,2019-03-04 22:00,0.485,9.192
2019-03-04 22:00,2019-03-04 23:00,0.456,8.957
2019-03-04 23:00,2019-03-05 00:00,0.420,8.656
2019-03-05 00:00,2019-03-05 01:00,0.387,8.378
2019-03-05 01:00,2019-03-05 02:00,0.360,8.147
2019-03-05 02:00,2019-03-05 03:00,0.331,7.902
2019-03-05 03:00,2019-03-05 04:00,0.324,7.842
2019-03-05 04:00,2019-03-05 05:00,0.328,7.880
2019-03-05 05:00,2019-03-05 06:00,0.337,7.962
2019-03-05 06:00,2019-03-05 07:00,0.279,7.438
2019-03-05 07:00,2019-03-05 08:00,0.184,6.523
2019-03-05 08:00,2019-03-05 09:00,0.526,9.546
2019-03-05 09:00,2019-03-05 10:00,0.557,9.818
2019-03-05 10:00,2019-03-05 11:00,0.393,8.433
2019-03-05 11:00,2019-03-05 12:00,0.254,7.219
2019-03-05 12:00,2019-03-05 13:00,0.158,6.231
2019-03-05 13:00,2019-03-05 14:00,0.103,5.554
2019-03-05 14:00,2019-03-05 15:00,0.084,5.274
2019-03-05 15:00,2019-03-05 16:00,0.098,5.483
2019-03-05 16:00,2019-03-05 17:00,0.155,6.203
2019-03-05 17:00,2019-03-05 18:00,0.318,7.795
2019-03-05 18:00,2019-03-05 19:00,0.471,9.079
2019-03-05 19:00,2019-03-05 20:00,0.532,9.600
2019-03-05 20:00,2019-03-05 21:00,0.550,9.756
2019-03-05 21:00,2019-03-05 22:00,0.539,9.658
2019-03-05 22:00,2019-03-05 23:00,0.493,9.267
2019-03-05 23:00,2019-03-06 00:00,0.452,8.915
2019-03-06 00:00,2019-03-06 01:00,0.409,8.562
2019-03-06 01:00,2019-03-06 02:00,0.408,8.551
2019-03-06 02:00,2019-03-06 03:00,0.420,8.648
2019-03-06 03:00,2019-03-06 04:00,0.425,8.695
2019-03-06 04:00,2019-03-06 05:00,0.423,8.677
2019-03-06 05:00,2019-03-06 06:00,0.412,8.588
2019-03-06 06:00,2019-03-06 07:00,0.313,7.743
2019-03-06 07:00,2019-03-06 08:00,0.181,6.497
2019-03-06 08:00,2019-03-06 09:00,0.536,9.628
2019-03-06 09:00,2019-03-06 10:00,0.495,9.285
2019-03-06 10:00,2019-03-06 11:00,0.320,7.809
2019-03-06 11:00,2019-03-06 12:00,0.181,6.493
2019-03-06 12:00,2019-03-06 13:00,0.105,5.592
2019-03-06 13:00,2019-03-06 14:00,0.071,5.070
2019-03-06 14:00,2019-03-06 15:00,0.055,4.785
2019-03-06 15:00,2019-03-06 16:00,0.058,4.842
2019-03-06 16:00,2019-03-06 17:00,0.105,5.577
2019-03-06 17:00,2019-03-06 18:00,0.277,7.431
2019-03-06 18:00,2019-03-06 19:00,0.458,8.972
2019-03-06 19:00,2019-03-06 20:00,0.526,9.543
2019-03-06 20:00,2019-03-06 21:00,0.525,9.541
2019-03-06 21:00,2019-03-06 22:00,0.517,9.459
2019-03-06 22:00,2019-03-06 23:00,0.503,9.349
2019-03-06 23:00,2019-03-07 00:00,0.485,9.199
2019-03-07 00:00,2019-03-07 01:00,0.463,9.007
2019-03-07 01:00,2019-03-07 02:00,0.442,8.841
2019-03-07 02:00,2019-03-07 03:00,0.431,8.748
2019-03-07 03:00,2019-03-07 04:00,0.424,8.685
2019-03-07 04:00,2019-03-07 05:00,0.425,8.694
2019-03-07 05:00,2019-03-07 06:00,0.423,8.676
2019-03-07 06:00,2019-03-07 07:00,0.396,8.457
2019-03-07 07:00,2019-03-07 08:00,0.363,8.183
2019-03-07 08:00,2019-03-07 09:00,0.462,9.004
2019-03-07 09:00,2019-03-07 10:00,0.468,9.052
2019-03-07 10:00,2019-03-07 11:00,0.350,8.069
2019-03-07 11:00,2019-03-07 12:00,0.196,6.656
2019-03-07 12:00,2019-03-07 13:00,0.091,5.395
2019-03-07 13:00,2019-03-07 14:00,0.038,4.423
2019-03-07 14:00,2019-03-07 15:00,0.015,3.728
2019-03-07 15:00,2019-03-07 16:00,0.010,3.486
2019-03-07 16:00,2019-03-07 17:00,0.020,3.919
2019-03-07 17:00,2019-03-07 18:00,0.084,5.276
2019-03-07 18:00,2019-03-07 19:00,0.196,6.648
2019-03-07 19:00,2019-03-07 20:00,0.315,7.766
2019-03-07 20:00,2019-03-07 21:00,0.404,8.515
2019-03-07 21:00,2019-03-07 22:00,0.450,8.907
2019-03-07 22:00,2019-03-07 23:00,0.461,8.990
2019-03-07 23:00,2019-03-08 00:00,0.450,8.906
2019-03-08 00:00,2019-03-08 01:00,0.423,8.682
2019-03-08 01:00,2019-03-08 02:00,0.409,8.564
2019-03-08 02:00,2019-03-08 03:00,0.411,8.575
2019-03-08 03:00,2019-03-08 04:00,0.390,8.410
2019-03-08 04:00,2019-03-08 05:00,0.362,8.165
2019-03-08 05:00,2019-03-08 06:00,0.355,8.106
2019-03-08 06:00,2019-03-08 07:00,0.279,7.450
2019-03-08 07:00,2019-03-08 08:00,0.159,6.254
2019-03-08 08:00,2019-03-08 09:00,0.338,7.965
2019-03-08 09:00,2019-03-08 10:00,0.450,8.905
2019-03-08 10:00,2019-03-08 11:00,0.273,7.388
2019-03-08 11:00,2019-03-08 12:00,0.143,6.072
2019-03-08 12:00,2019-03-08 13:00,0.065,4.976
2019-03-08 13:00,2019-03-08 14:00,0.027,4.144
2019-03-08 14:00,2019-03-08 15:00,0.010,3.493
2019-03-08 15:00,2019-03-08 16:00,0.003,2.950
2019-03-08 16:00,2019-03-08 17:00,0.001,2.648
2019-03-08 17:00,2019-03-08 18:00,0.003,2.896
2019-03-08 18:00,2019-03-08 19:00,0.017,3.800
2019-03-08 19:00,2019-03-08 20:00,0.073,5.105
2019-03-08 20:00,2019-03-08 21:00,0.159,6.251
2019-03-08 21:00,2019-03-08 22:00,0.228,6.963
2019-03-08 22:00,2019-03-08 23:00,0.262,7.290
2019-03-08 23:00,2019-03-09 00:00,0.308,7.710
2019-03-09 00:00,2019-03-09 01:00,0.375,8.275
2019-03-09 01:00,2019-03-09 02:00,0.408,8.551
2019-03-09 02:00,2019-03-09 03:00,0.415,8.617
2019-03-09 03:00,2019-03-09 04:00,0.404,8.511
2019-03-09 04:00,2019-03-09 05:00,0.402,8.505
2019-03-09 05:00,2019-03-09 06:00,0.399,8.479
2019-03-09 06:00,2019-03-09 07:00,0.347,8.038
2019-03-09 07:00,2019-03-09 08:00,0.249,7.165
2019-03-09 08:00,2019-03-09 09:00,0.358,8.134
2019-03-09 09:00,2019-03-09 10:00,0.423,8.672
2019-03-09 10:00,2019-03-09 11:00,0.249,7.165
2019-03-09 11:00,2019-03-09 12:00,0.123,5.822
2019-03-09 12:00,2019-03-09 13:00,0.060,4.888
2019-03-09 13:00,2019-03-09 14:00,0.028,4.165
2019-03-09 14:00,2019-03-09 15:00,0.010,3.478
2019-03-09 15:00,2019-03-09 16:00,0.002,2.762
2019-03-09 16:00,2019-03-09 17:00,0,1.881
2019-03-09 17:00,2019-03-09 18:00,0,1.120
2019-03-09 18:00,2019-03-09 19:00,0,1.537
2019-03-09 19:00,2019-03-09 20:00,0.001,2.617
2019-03-09 20:00,2019-03-09 21:00,0.018,3.828
2019-03-09 21:00,2019-03-09 22:00,0.066,4.991
2019-03-09 22:00,2019-03-09 23:00,0.139,6.021
2019-03-09 23:00,2019-03-10 00:00,0.203,6.721
2019-03-10 00:00,2019-03-10 01:00,0.231,7.003
2019-03-10 01:00,2019-03-10 02:00,0.237,7.060
2019-03-10 02:00,2019-03-10 03:00,0.237,7.059
2019-03-10 03:00,2019-03-10 04:00,0.235,7.042
2019-03-10 04:00,2019-03-10 05:00,0.252,7.199
2019-03-10 05:00,2019-03-10 06:00,0.275,7.400
2019-03-10 06:00,2019-03-10 07:00,0.225,6.938
2019-03-10 07:00,2019-03-10 08:00,0.201,6.702
2019-03-10 08:00,2019-03-10 09:00,0.526,9.543
2019-03-10 09:00,2019-03-10 10:00,0.588,10.079
2019-03-10 10:00,2019-03-10 11:00,0.525,9.540
2019-03-10 11:00,2019-03-10 12:00,0.438,8.810
2019-03-10 12:00,2019-03-10 13:00,0.341,7.988
2019-03-10 13:00,2019-03-10 14:00,0.239,7.076
2019-03-10 14:00,2019-03-10 15:00,0.161,6.278
2019-03-10 15:00,2019-03-10 16:00,0.121,5.787
2019-03-10 16:00,2019-03-10 17:00,0.101,5.525
2019-03-10 17:00,2019-03-10 18:00,0.150,6.150
2019-03-10 18:00,2019-03-10 19:00,0.243,7.115
2019-03-10 19:00,2019-03-10 20:00,0.365,8.197
2019-03-10 20:00,2019-03-10 21:00,0.472,9.091
2019-03-10 21:00,2019-03-10 22:00,0.536,9.630
2019-03-10 22:00,2019-03-10 23:00,0.577,9.991
2019-03-10 23:00,2019-03-11 00:00,0.606,10.254
2019-03-11 00:00,2019-03-11 01:00,0.619,10.365
2019-03-11 01:00,2019-03-11 02:00,0.616,10.340
2019-03-11 02:00,2019-03-11 03:00,0.609,10.280
2019-03-11 03:00,2019-03-11 04:00,0.592,10.129
2019-03-11 04:00,2019-03-11 05:00,0.613,10.318
2019-03-11 05:00,2019-03-11 06:00,0.625,10.425
2019-03-11 06:00,2019-03-11 07:00,0.461,8.999
2019-03-11 07:00,2019-03-11 08:00,0.438,8.799
2019-03-11 08:00,2019-03-11 09:00,0.754,11.778
2019-03-11 09:00,2019-03-11 10:00,0.707,11.248
2019-03-11 10:00,2019-03-11 11:00,0.568,9.910
2019-03-11 11:00,2019-03-11 12:00,0.389,8.394
2019-03-11 12:00,2019-03-11 13:00,0.200,6.685
2019-03-11 13:00,2019-03-11 14:00,0.065,4.980
2019-03-11 14:00,2019-03-11 15:00,0.016,3.784
2019-03-11 15:00,2019-03-11 16:00,0.013,3.649
2019-03-11 16:00,2019-03-11 17:00,0.057,4.828
2019-03-11 17:00,2019-03-11 18:00,0.201,6.696
2019-03-11 18:00,2019-03-11 19:00,0.352,8.085
2019-03-11 19:00,2019-03-11 20:00,0.453,8.923
2019-03-11 20:00,2019-03-11 21:00,0.500,9.323
2019-03-11 21:00,2019-03-11 22:00,0.511,9.415
2019-03-11 22:00,2019-03-11 23:00,0.507,9.385
2019-03-11 23:00,2019-03-12 00:00,0.480,9.160
2019-03-12 00:00,2019-03-12 01:00,0.428,8.718
2019-03-12 01:00,2019-03-12 02:00,0.393,8.423
2019-03-12 02:00,2019-03-12 03:00,0.366,8.207
2019-03-12 03:00,2019-03-12 04:00,0.345,8.022
2019-03-12 04:00,2019-03-12 05:00,0.330,7.896
2019-03-12 05:00,2019-03-12 06:00,0.319,7.803
2019-03-12 06:00,2019-03-12 07:00,0.228,6.973
2019-03-12 07:00,2019-03-12 08:00,0.081,5.234
2019-03-12 08:00,2019-03-12 09:00,0.089,5.356
2019-03-12 09:00,2019-03-12 10:00,0.143,6.067
2019-03-12 10:00,2019-03-12 11:00,0.051,4.718
2019-03-12 11:00,2019-03-12 12:00,0.017,3.797
2019-03-12 12:00,2019-03-12 13:00,0.004,3.059
2019-03-12 13:00,2019-03-12 14:00,0.001,2.472
2019-03-12 14:00,2019-03-12 15:00,0,2.067
2019-03-12 15:00,2019-03-12 16:00,0,2.004
2019-03-12 16:00,2019-03-12 17:00,0.002,2.777
2019-03-12 17:00,2019-03-12 18:00,0.032,4.282
2019-03-12 18:00,2019-03-12 19:00,0.110,5.658
2019-03-12 19:00,2019-03-12 20:00,0.205,6.739
2019-03-12 20:00,2019-03-12 21:00,0.285,7.502
2019-03-12 21:00,2019-03-12 22:00,0.340,7.982
2019-03-12 22:00,2019-03-12 23:00,0.368,8.223
2019-03-12 23:00,2019-03-13 00:00,0.384,8.347
2019-03-13 00:00,2019-03-13 01:00,0.391,8.411
2019-03-13 01:00,2019-03-13 02:00,0.399,8.479
2019-03-13 02:00,2019-03-13 03:00,0.406,8.542
2019-03-13 03:00,2019-03-13 04:00,0.425,8.696
2019-03-13 04:00,2019-03-13 05:00,0.442,8.841
2019-03-13 05:00,2019-03-13 06:00,0.451,8.914
2019-03-13 06:00,2019-03-13 07:00,0.382,8.330
2019-03-13 07:00,2019-03-13 08:00,0.286,7.507
2019-03-13 08:00,2019-03-13 09:00,0.649,10.661
2019-03-13 09:00,2019-03-13 10:00,0.692,11.089
2019-03-13 10:00,2019-03-13 11:00,0.542,9.674
2019-03-13 11:00,2019-03-13 12:00,0.382,8.341
2019-03-13 12:00,2019-03-13 13:00,0.271,7.377
2019-03-13 13:00,2019-03-13 14:00,0.203,6.722
2019-03-13 14:00,2019-03-13 15:00,0.169,6.362
2019-03-13 15:00,2019-03-13 16:00,0.175,6.427
2019-03-13 16:00,2019-03-13 17:00,0.229,6.980
2019-03-13 17:00,2019-03-13 18:00,0.407,8.544
2019-03-13 18:00,2019-03-13 19:00,0.561,9.847
2019-03-13 19:00,2019-03-13 20:00,0.621,10.387
2019-03-13 20:00,2019-03-13 21:00,0.637,10.540
2019-03-13 21:00,2019-03-13 22:00,0.648,10.643
2019-03-13 22:00,2019-03-13 23:00,0.644,10.607
2019-03-13 23:00,2019-03-14 00:00,0.615,10.326
2019-03-14 00:00,2019-03-14 01:00,0.587,10.073
2019-03-14 01:00,2019-03-14 02:00,0.528,9.564
2019-03-14 02:00,2019-03-14 03:00,0.539,9.649
2019-03-14 03:00,2019-03-14 04:00,0.554,9.785
2019-03-14 04:00,2019-03-14 05:00,0.557,9.813
2019-03-14 05:00,2019-03-14 06:00,0.562,9.854
2019-03-14 06:00,2019-03-14 07:00,0.529,9.571
2019-03-14 07:00,2019-03-14 08:00,0.793,12.301
2019-03-14 08:00,2019-03-14 09:00,0.832,12.867
2019-03-14 09:00,2019-03-14 10:00,0.785,12.174
2019-03-14 10:00,2019-03-14 11:00,0.678,10.948
2019-03-14 11:00,2019-03-14 12:00,0.516,9.455
2019-03-14 12:00,2019-03-14 13:00,0.350,8.067
2019-03-14 13:00,2019-03-14 14:00,0.233,7.009
2019-03-14 14:00,2019-03-14 15:00,0.176,6.434
2019-03-14 15:00,2019-03-14 16:00,0.186,6.553
2019-03-14 16:00,2019-03-14 17:00,0.255,7.225
2019-03-14 17:00,2019-03-14 18:00,0.442,8.833
2019-03-14 18:00,2019-03-14 19:00,0.588,10.086
2019-03-14 19:00,2019-03-14 20:00,0.625,10.431
2019-03-14 20:00,2019-03-14 21:00,0.587,10.077
2019-03-14 21:00,2019-03-14 22:00,0.530,9.574
2019-03-14 22:00,2019-03-14 23:00,0.518,9.475
2019-03-14 23:00,2019-03-15 00:00,0.510,9.411
2019-03-15 00:00,2019-03-15 01:00,0.505,9.368
2019-03-15 01:00,2019-03-15 02:00,0.499,9.317
2019-03-15 02:00,2019-03-15 03:00,0.487,9.219
2019-03-15 03:00,2019-03-15 04:00,0.473,9.099
2019-03-15 04:00,2019-03-15 05:00,0.466,9.042
2019-03-15 05:00,2019-03-15 06:00,0.469,9.067
2019-03-15 06:00,2019-03-15 07:00,0.406,8.535
2019-03-15 07:00,2019-03-15 08:00,0.384,8.359
2019-03-15 08:00,2019-03-15 09:00,0.774,12.039
2019-03-15 09:00,2019-03-15 10:00,0.765,11.929
2019-03-15 10:00,2019-03-15 11:00,0.713,11.313
2019-03-15 11:00,2019-03-15 12:00,0.664,10.804
2019-03-15 12:00,2019-03-15 13:00,0.584,10.053
2019-03-15 13:00,2019-03-15 14:00,0.501,9.332
2019-03-15 14:00,2019-03-15 15:00,0.460,8.984
2019-03-15 15:00,2019-03-15 16:00,0.454,8.939
2019-03-15 16:00,2019-03-15 17:00,0.436,8.784
2019-03-15 17:00,2019-03-15 18:00,0.441,8.825
2019-03-15 18:00,2019-03-15 19:00,0.528,9.564
2019-03-15 19:00,2019-03-15 20:00,0.559,9.824
2019-03-15 20:00,2019-03-15 21:00,0.555,9.794
2019-03-15 21:00,2019-03-15 22:00,0.530,9.577
2019-03-15 22:00,2019-03-15 23:00,0.496,9.294
2019-03-15 23:00,2019-03-16 00:00,0.479,9.146
2019-03-16 00:00,2019-03-16 01:00,0.479,9.145
2019-03-16 01:00,2019-03-16 02:00,0.482,9.166
2019-03-16 02:00,2019-03-16 03:00,0.493,9.266
2019-03-16 03:00,2019-03-16 04:00,0.516,9.457
2019-03-16 04:00,2019-03-16 05:00,0.523,9.521
2019-03-16 05:00,2019-03-16 06:00,0.521,9.497
2019-03-16 06:00,2019-03-16 07:00,0.480,9.155
2019-03-16 07:00,2019-03-16 08:00,0.675,10.918
2019-03-16 08:00,2019-03-16 09:00,0.843,13.051
2019-03-16 09:00,2019-03-16 10:00,0.826,12.781
2019-03-16 10:00,2019-03-16 11:00,0.740,11.629
2019-03-16 11:00,2019-03-16 12:00,0.640,10.567
2019-03-16 12:00,2019-03-16 13:00,0.542,9.674
2019-03-16 13:00,2019-03-16 14:00,0.458,8.970
2019-03-16 14:00,2019-03-16 15:00,0.410,8.565
2019-03-16 15:00,2019-03-16 16:00,0.398,8.472
2019-03-16 16:00,2019-03-16 17:00,0.358,8.141
2019-03-16 17:00,2019-03-16 18:00,0.373,8.259
2019-03-16 18:00,2019-03-16 19:00,0.442,8.828
2019-03-16 19:00,2019-03-16 20:00,0.471,9.083
2019-03-16 20:00,2019-03-16 21:00,0.465,9.028
2019-03-16 21:00,2019-03-16 22:00,0.443,8.848
2019-03-16 22:00,2019-03-16 23:00,0.431,8.737
2019-03-16 23:00,2019-03-17 00:00,0.419,8.643
2019-03-17 00:00,2019-03-17 01:00,0.406,8.530
2019-03-17 01:00,2019-03-17 02:00,0.393,8.420
2019-03-17 02:00,2019-03-17 03:00,0.385,8.364
2019-03-17 03:00,2019-03-17 04:00,0.385,8.362
2019-03-17 04:00,2019-03-17 05:00,0.374,8.263
2019-03-17 05:00,2019-03-17 06:00,0.381,8.323
2019-03-17 06:00,2019-03-17 07:00,0.370,8.236
2019-03-17 07:00,2019-03-17 08:00,0.334,7.933
2019-03-17 08:00,2019-03-17 09:00,0.466,9.029
2019-03-17 09:00,2019-03-17 10:00,0.646,10.619
2019-03-17 10:00,2019-03-17 11:00,0.656,10.731
2019-03-17 11:00,2019-03-17 12:00,0.608,10.271
2019-03-17 12:00,2019-03-17 13:00,0.554,9.791
2019-03-17 13:00,2019-03-17 14:00,0.515,9.446
2019-03-17 14:00,2019-03-17 15:00,0.483,9.183
2019-03-17 15:00,2019-03-17 16:00,0.462,9.002
2019-03-17 16:00,2019-03-17 17:00,0.401,8.489
2019-03-17 17:00,2019-03-17 18:00,0.393,8.424
2019-03-17 18:00,2019-03-17 19:00,0.434,8.771
2019-03-17 19:00,2019-03-17 20:00,0.440,8.823
2019-03-17 20:00,2019-03-17 21:00,0.420,8.651
2019-03-17 21:00,2019-03-17 22:00,0.395,8.445
2019-03-17 22:00,2019-03-17 23:00,0.387,8.380
2019-03-17 23:00,2019-03-18 00:00,0.362,8.165
2019-03-18 00:00,2019-03-18 01:00,0.306,7.685
2019-03-18 01:00,2019-03-18 02:00,0.347,8.033
2019-03-18 02:00,2019-03-18 03:00,0.385,8.365
2019-03-18 03:00,2019-03-18 04:00,0.374,8.267
2019-03-18 04:00,2019-03-18 05:00,0.376,8.279
2019-03-18 05:00,2019-03-18 06:00,0.398,8.474
2019-03-18 06:00,2019-03-18 07:00,0.369,8.231
2019-03-18 07:00,2019-03-18 08:00,0.290,7.551
2019-03-18 08:00,2019-03-18 09:00,0.481,9.165
2019-03-18 09:00,2019-03-18 10:00,0.540,9.664
2019-03-18 10:00,2019-03-18 11:00,0.504,9.356
2019-03-18 11:00,2019-03-18 12:00,0.472,9.094
2019-03-18 12:00,2019-03-18 13:00,0.447,8.883
2019-03-18 13:00,2019-03-18 14:00,0.432,8.755
2019-03-18 14:00,2019-03-18 15:00,0.414,8.608
2019-03-18 15:00,2019-03-18 16:00,0.386,8.373
2019-03-18 16:00,2019-03-18 17:00,0.314,7.756
2019-03-18 17:00,2019-03-18 18:00,0.320,7.815
2019-03-18 18:00,2019-03-18 19:00,0.360,8.148
2019-03-18 19:00,2019-03-18 20:00,0.387,8.386
2019-03-18 20:00,2019-03-18 21:00,0.416,8.621
2019-03-18 21:00,2019-03-18 22:00,0.430,8.734
2019-03-18 22:00,2019-03-18 23:00,0.417,8.634
2019-03-18 23:00,2019-03-19 00:00,0.371,8.237
2019-03-19 00:00,2019-03-19 01:00,0.334,7.921
2019-03-19 01:00,2019-03-19 02:00,0.312,7.735
2019-03-19 02:00,2019-03-19 03:00,0.305,7.675
2019-03-19 03:00,2019-03-19 04:00,0.297,7.610
2019-03-19 04:00,2019-03-19 05:00,0.299,7.626
2019-03-19 05:00,2019-03-19 06:00,0.318,7.789
2019-03-19 06:00,2019-03-19 07:00,0.257,7.244
2019-03-19 07:00,2019-03-19 08:00,0.131,5.923
2019-03-19 08:00,2019-03-19 09:00,0.286,7.507
2019-03-19 09:00,2019-03-19 10:00,0.335,7.939
2019-03-19 10:00,2019-03-19 11:00,0.282,7.473
2019-03-19 11:00,2019-03-19 12:00,0.221,6.891
2019-03-19 12:00,2019-03-19 13:00,0.145,6.087
2019-03-19 13:00,2019-03-19 14:00,0.079,5.205
2019-03-19 14:00,2019-03-19 15:00,0.038,4.432
2019-03-19 15:00,2019-03-19 16:00,0.019,3.872
2019-03-19 16:00,2019-03-19 17:00,0.018,3.861
2019-03-19 17:00,2019-03-19 18:00,0.064,4.954
2019-03-19 18:00,2019-03-19 19:00,0.162,6.285
2019-03-19 19:00,2019-03-19 20:00,0.282,7.476
2019-03-19 20:00,2019-03-19 21:00,0.374,8.271
2019-03-19 21:00,2019-03-19 22:00,0.416,8.624
2019-03-19 22:00,2019-03-19 23:00,0.420,8.658
2019-03-19 23:00,2019-03-20 00:00,0.396,8.459
2019-03-20 00:00,2019-03-20 01:00,0.357,8.133
2019-03-20 01:00,2019-03-20 02:00,0.326,7.857
2019-03-20 02:00,2019-03-20 03:00,0.321,7.821
2019-03-20 03:00,2019-03-20 04:00,0.342,7.990
2019-03-20 04:00,2019-03-20 05:00,0.363,8.177
2019-03-20 05:00,2019-03-20 06:00,0.376,8.290
2019-03-20 06:00,2019-03-20 07:00,0.305,7.679
2019-03-20 07:00,2019-03-20 08:00,0.171,6.386
2019-03-20 08:00,2019-03-20 09:00,0.196,6.655
2019-03-20 09:00,2019-03-20 10:00,0.249,7.168
2019-03-20 10:00,2019-03-20 11:00,0.156,6.221
2019-03-20 11:00,2019-03-20 12:00,0.118,5.765
2019-03-20 12:00,2019-03-20 13:00,0.104,5.570
2019-03-20 13:00,2019-03-20 14:00,0.097,5.476
2019-03-20 14:00,2019-03-20 15:00,0.086,5.307
2019-03-20 15:00,2019-03-20 16:00,0.058,4.846
2019-03-20 16:00,2019-03-20 17:00,0.027,4.130
2019-03-20 17:00,2019-03-20 18:00,0.015,3.722
2019-03-20 18:00,2019-03-20 19:00,0.009,3.401
2019-03-20 19:00,2019-03-20 20:00,0.007,3.265
2019-03-20 20:00,2019-03-20 21:00,0.006,3.252
2019-03-20 21:00,2019-03-20 22:00,0.008,3.339
2019-03-20 22:00,2019-03-20 23:00,0.010,3.466
2019-03-20 23:00,2019-03-21 00:00,0.007,3.323
2019-03-21 00:00,2019-03-21 01:00,0.002,2.736
2019-03-21 01:00,2019-03-21 02:00,0,2.124
2019-03-21 02:00,2019-03-21 03:00,0,2.000
2019-03-21 03:00,2019-03-21 04:00,0,1.793
2019-03-21 04:00,2019-03-21 05:00,0,1.693
2019-03-21 05:00,2019-03-21 06:00,0,1.501
2019-03-21 06:00,2019-03-21 07:00,0,1.197
2019-03-21 07:00,2019-03-21 08:00,0,0.707
2019-03-21 08:00,2019-03-21 09:00,0,1.227
2019-03-21 09:00,2019-03-21 10:00,0.001,2.532
2019-03-21 10:00,2019-03-21 11:00,0.010,3.460
2019-03-21 11:00,2019-03-21 12:00,0.011,3.554
2019-03-21 12:00,2019-03-21 13:00,0.007,3.301
2019-03-21 13:00,2019-03-21 14:00,0.004,3.026
2019-03-21 14:00,2019-03-21 15:00,0.002,2.733
2019-03-21 15:00,2019-03-21 16:00,0.001,2.536
2019-03-21 16:00,2019-03-21 17:00,0.002,2.794
2019-03-21 17:00,2019-03-21 18:00,0.034,4.324
2019-03-21 18:00,2019-03-21 19:00,0.135,5.967
2019-03-21 19:00,2019-03-21 20:00,0.252,7.195
2019-03-21 20:00,2019-03-21 21:00,0.331,7.909
2019-03-21 21:00,2019-03-21 22:00,0.359,8.143
2019-03-21 22:00,2019-03-21 23:00,0.355,8.105
2019-03-21 23:00,2019-03-22 00:00,0.349,8.063
2019-03-22 00:00,2019-03-22 01:00,0.355,8.100
2019-03-22 01:00,2019-03-22 02:00,0.365,8.195
2019-03-22 02:00,2019-03-22 03:00,0.376,8.287
2019-03-22 03:00,2019-03-22 04:00,0.389,8.394
2019-03-22 04:00,2019-03-22 05:00,0.382,8.328
2019-03-22 05:00,2019-03-22 06:00,0.362,8.166
2019-03-22 06:00,2019-03-22 07:00,0.282,7.472
2019-03-22 07:00,2019-03-22 08:00,0.178,6.457
2019-03-22 08:00,2019-03-22 09:00,0.352,8.086
2019-03-22 09:00,2019-03-22 10:00,0.399,8.481
2019-03-22 10:00,2019-03-22 11:00,0.252,7.193
2019-03-22 11:00,2019-03-22 12:00,0.111,5.675
2019-03-22 12:00,2019-03-22 13:00,0.037,4.388
2019-03-22 13:00,2019-03-22 14:00,0.009,3.437
2019-03-22 14:00,2019-03-22 15:00,0.003,2.875
2019-03-22 15:00,2019-03-22 16:00,0.002,2.805
2019-03-22 16:00,2019-03-22 17:00,0.009,3.403
2019-03-22 17:00,2019-03-22 18:00,0.038,4.433
2019-03-22 18:00,2019-03-22 19:00,0.072,5.088
2019-03-22 19:00,2019-03-22 20:00,0.107,5.614
2019-03-22 20:00,2019-03-22 21:00,0.154,6.195
2019-03-22 21:00,2019-03-22 22:00,0.208,6.773
2019-03-22 22:00,2019-03-22 23:00,0.268,7.342
2019-03-22 23:00,2019-03-23 00:00,0.321,7.816
2019-03-23 00:00,2019-03-23 01:00,0.355,8.105
2019-03-23 01:00,2019-03-23 02:00,0.377,8.294
2019-03-23 02:00,2019-03-23 03:00,0.392,8.416
2019-03-23 03:00,2019-03-23 04:00,0.386,8.370
2019-03-23 04:00,2019-03-23 05:00,0.363,8.182
2019-03-23 05:00,2019-03-23 06:00,0.349,8.051
2019-03-23 06:00,2019-03-23 07:00,0.280,7.456
2019-03-23 07:00,2019-03-23 08:00,0.208,6.771
2019-03-23 08:00,2019-03-23 09:00,0.342,7.998
2019-03-23 09:00,2019-03-23 10:00,0.332,7.913
2019-03-23 10:00,2019-03-23 11:00,0.282,7.475
2019-03-23 11:00,2019-03-23 12:00,0.219,6.873
2019-03-23 12:00,2019-03-23 13:00,0.149,6.137
2019-03-23 13:00,2019-03-23 14:00,0.101,5.529
2019-03-23 14:00,2019-03-23 15:00,0.073,5.107
2019-03-23 15:00,2019-03-23 16:00,0.071,5.070
2019-03-23 16:00,2019-03-23 17:00,0.092,5.405
2019-03-23 17:00,2019-03-23 18:00,0.175,6.429
2019-03-23 18:00,2019-03-23 19:00,0.290,7.543
2019-03-23 19:00,2019-03-23 20:00,0.399,8.478
2019-03-23 20:00,2019-03-23 21:00,0.471,9.082
2019-03-23 21:00,2019-03-23 22:00,0.492,9.254
2019-03-23 22:00,2019-03-23 23:00,0.488,9.221
2019-03-23 23:00,2019-03-24 00:00,0.476,9.124
2019-03-24 00:00,2019-03-24 01:00,0.468,9.049
2019-03-24 01:00,2019-03-24 02:00,0.463,9.009
2019-03-24 02:00,2019-03-24 03:00,0.453,8.931
2019-03-24 03:00,2019-03-24 04:00,0.461,8.988
2019-03-24 04:00,2019-03-24 05:00,0.469,9.067
2019-03-24 05:00,2019-03-24 06:00,0.472,9.087
2019-03-24 06:00,2019-03-24 07:00,0.415,8.613
2019-03-24 07:00,2019-03-24 08:00,0.634,10.516
2019-03-24 08:00,2019-03-24 09:00,0.740,11.621
2019-03-24 09:00,2019-03-24 10:00,0.674,10.899
2019-03-24 10:00,2019-03-24 11:00,0.573,9.953
2019-03-24 11:00,2019-03-24 12:00,0.454,8.940
2019-03-24 12:00,2019-03-24 13:00,0.346,8.028
2019-03-24 13:00,2019-03-24 14:00,0.265,7.321
2019-03-24 14:00,2019-03-24 15:00,0.219,6.882
2019-03-24 15:00,2019-03-24 16:00,0.198,6.664
2019-03-24 16:00,2019-03-24 17:00,0.172,6.393
2019-03-24 17:00,2019-03-24 18:00,0.222,6.913
2019-03-24 18:00,2019-03-24 19:00,0.336,7.951
2019-03-24 19:00,2019-03-24 20:00,0.442,8.831
2019-03-24 20:00,2019-03-24 21:00,0.493,9.258
2019-03-24 21:00,2019-03-24 22:00,0.495,9.284
2019-03-24 22:00,2019-03-24 23:00,0.498,9.310
2019-03-24 23:00,2019-03-25 00:00,0.484,9.186
2019-03-25 00:00,2019-03-25 01:00,0.450,8.906
2019-03-25 01:00,2019-03-25 02:00,0.436,8.779
2019-03-25 02:00,2019-03-25 03:00,0.446,8.877
2019-03-25 03:00,2019-03-25 04:00,0.468,9.059
2019-03-25 04:00,2019-03-25 05:00,0.489,9.231
2019-03-25 05:00,2019-03-25 06:00,0.505,9.369
2019-03-25 06:00,2019-03-25 07:00,0.468,9.054
2019-03-25 07:00,2019-03-25 08:00,0.771,12.002
2019-03-25 08:00,2019-03-25 09:00,0.822,12.715
2019-03-25 09:00,2019-03-25 10:00,0.774,12.042
2019-03-25 10:00,2019-03-25 11:00,0.701,11.188
2019-03-25 11:00,2019-03-25 12:00,0.615,10.328
2019-03-25 12:00,2019-03-25 13:00,0.530,9.576
2019-03-25 13:00,2019-03-25 14:00,0.468,9.060
2019-03-25 14:00,2019-03-25 15:00,0.434,8.773
2019-03-25 15:00,2019-03-25 16:00,0.423,8.679
2019-03-25 16:00,2019-03-25 17:00,0.398,8.472
2019-03-25 17:00,2019-03-25 18:00,0.376,8.283
2019-03-25 18:00,2019-03-25 19:00,0.438,8.802
2019-03-25 19:00,2019-03-25 20:00,0.471,9.080
2019-03-25 20:00,2019-03-25 21:00,0.483,9.174
2019-03-25 21:00,2019-03-25 22:00,0.464,9.020
2019-03-25 22:00,2019-03-25 23:00,0.448,8.886
2019-03-25 23:00,2019-03-26 00:00,0.436,8.788
2019-03-26 00:00,2019-03-26 01:00,0.417,8.633
2019-03-26 01:00,2019-03-26 02:00,0.395,8.439
2019-03-26 02:00,2019-03-26 03:00,0.378,8.299
2019-03-26 03:00,2019-03-26 04:00,0.374,8.265
2019-03-26 04:00,2019-03-26 05:00,0.376,8.283
2019-03-26 05:00,2019-03-26 06:00,0.376,8.291
2019-03-26 06:00,2019-03-26 07:00,0.315,7.768
2019-03-26 07:00,2019-03-26 08:00,0.527,9.553
2019-03-26 08:00,2019-03-26 09:00,0.736,11.571
2019-03-26 09:00,2019-03-26 10:00,0.652,10.691
2019-03-26 10:00,2019-03-26 11:00,0.546,9.711
2019-03-26 11:00,2019-03-26 12:00,0.466,9.037
2019-03-26 12:00,2019-03-26 13:00,0.415,8.618
2019-03-26 13:00,2019-03-26 14:00,0.396,8.459
2019-03-26 14:00,2019-03-26 15:00,0.408,8.554
2019-03-26 15:00,2019-03-26 16:00,0.439,8.811
2019-03-26 16:00,2019-03-26 17:00,0.461,8.987
2019-03-26 17:00,2019-03-26 18:00,0.429,8.731
2019-03-26 18:00,2019-03-26 19:00,0.467,9.046
2019-03-26 19:00,2019-03-26 20:00,0.470,9.070
2019-03-26 20:00,2019-03-26 21:00,0.455,8.952
2019-03-26 21:00,2019-03-26 22:00,0.438,8.797
2019-03-26 22:00,2019-03-26 23:00,0.420,8.657
2019-03-26 23:00,2019-03-27 00:00,0.411,8.575
2019-03-27 00:00,2019-03-27 01:00,0.398,8.472
2019-03-27 01:00,2019-03-27 02:00,0.379,8.310
2019-03-27 02:00,2019-03-27 03:00,0.361,8.163
2019-03-27 03:00,2019-03-27 04:00,0.357,8.121
2019-03-27 04:00,2019-03-27 05:00,0.351,8.074
2019-03-27 05:00,2019-03-27 06:00,0.337,7.958
2019-03-27 06:00,2019-03-27 07:00,0.228,6.974
2019-03-27 07:00,2019-03-27 08:00,0.140,6.025
2019-03-27 08:00,2019-03-27 09:00,0.594,10.142
2019-03-27 09:00,2019-03-27 10:00,0.495,9.285
2019-03-27 10:00,2019-03-27 11:00,0.343,8.004
2019-03-27 11:00,2019-03-27 12:00,0.224,6.923
2019-03-27 12:00,2019-03-27 13:00,0.152,6.173
2019-03-27 13:00,2019-03-27 14:00,0.122,5.816
2019-03-27 14:00,2019-03-27 15:00,0.125,5.856
2019-03-27 15:00,2019-03-27 16:00,0.157,6.223
2019-03-27 16:00,2019-03-27 17:00,0.217,6.858
2019-03-27 17:00,2019-03-27 18:00,0.368,8.223
2019-03-27 18:00,2019-03-27 19:00,0.553,9.781
2019-03-27 19:00,2019-03-27 20:00,0.620,10.382
2019-03-27 20:00,2019-03-27 21:00,0.617,10.347
2019-03-27 21:00,2019-03-27 22:00,0.560,9.832
2019-03-27 22:00,2019-03-27 23:00,0.515,9.452
2019-03-27 23:00,2019-03-28 00:00,0.474,9.108
2019-03-28 00:00,2019-03-28 01:00,0.453,8.922
2019-03-28 01:00,2019-03-28 02:00,0.440,8.820
2019-03-28 02:00,2019-03-28 03:00,0.434,8.763
2019-03-28 03:00,2019-03-28 04:00,0.423,8.681
2019-03-28 04:00,2019-03-28 05:00,0.412,8.587
2019-03-28 05:00,2019-03-28 06:00,0.398,8.472
2019-03-28 06:00,2019-03-28 07:00,0.293,7.574
2019-03-28 07:00,2019-03-28 08:00,0.168,6.346
2019-03-28 08:00,2019-03-28 09:00,0.596,10.153
2019-03-28 09:00,2019-03-28 10:00,0.578,10.003
2019-03-28 10:00,2019-03-28 11:00,0.481,9.162
2019-03-28 11:00,2019-03-28 12:00,0.393,8.420
2019-03-28 12:00,2019-03-28 13:00,0.327,7.867
2019-03-28 13:00,2019-03-28 14:00,0.299,7.624
2019-03-28 14:00,2019-03-28 15:00,0.307,7.697
2019-03-28 15:00,2019-03-28 16:00,0.326,7.855
2019-03-28 16:00,2019-03-28 17:00,0.325,7.846
2019-03-28 17:00,2019-03-28 18:00,0.382,8.335
2019-03-28 18:00,2019-03-28 19:00,0.455,8.951
2019-03-28 19:00,2019-03-28 20:00,0.470,9.072
2019-03-28 20:00,2019-03-28 21:00,0.456,8.959
2019-03-28 21:00,2019-03-28 22:00,0.442,8.843
2019-03-28 22:00,2019-03-28 23:00,0.436,8.792
2019-03-28 23:00,2019-03-29 00:00,0.429,8.730
2019-03-29 00:00,2019-03-29 01:00,0.423,8.677
2019-03-29 01:00,2019-03-29 02:00,0.415,8.617
2019-03-29 02:00,2019-03-29 03:00,0.408,8.549
2019-03-29 03:00,2019-03-29 04:00,0.396,8.459
2019-03-29 04:00,2019-03-29 05:00,0.376,8.290
2019-03-29 05:00,2019-03-29 06:00,0.344,8.015
2019-03-29 06:00,2019-03-29 07:00,0.231,6.990
2019-03-29 07:00,2019-03-29 08:00,0.089,5.364
2019-03-29 08:00,2019-03-29 09:00,0.179,6.462
2019-03-29 09:00,2019-03-29 10:00,0.371,8.250
2019-03-29 10:00,2019-03-29 11:00,0.352,8.085
2019-03-29 11:00,2019-03-29 12:00,0.329,7.892
2019-03-29 12:00,2019-03-29 13:00,0.307,7.700
2019-03-29 13:00,2019-03-29 14:00,0.297,7.598
2019-03-29 14:00,2019-03-29 15:00,0.299,7.621
2019-03-29 15:00,2019-03-29 16:00,0.315,7.761
2019-03-29 16:00,2019-03-29 17:00,0.305,7.680
2019-03-29 17:00,2019-03-29 18:00,0.368,8.224
2019-03-29 18:00,2019-03-29 19:00,0.467,9.046
2019-03-29 19:00,2019-03-29 20:00,0.523,9.509
2019-03-29 20:00,2019-03-29 21:00,0.543,9.684
2019-03-29 21:00,2019-03-29 22:00,0.542,9.678
2019-03-29 22:00,2019-03-29 23:00,0.511,9.414
2019-03-29 23:00,2019-03-30 00:00,0.457,8.966
2019-03-30 00:00,2019-03-30 01:00,0.428,8.717
2019-03-30 01:00,2019-03-30 02:00,0.425,8.687
2019-03-30 02:00,2019-03-30 03:00,0.425,8.697
2019-03-30 03:00,2019-03-30 04:00,0.419,8.645
2019-03-30 04:00,2019-03-30 05:00,0.412,8.577
2019-03-30 05:00,2019-03-30 06:00,0.404,8.514
2019-03-30 06:00,2019-03-30 07:00,0.295,7.580
2019-03-30 07:00,2019-03-30 08:00,0.183,6.515
2019-03-30 08:00,2019-03-30 09:00,0.505,9.371
2019-03-30 09:00,2019-03-30 10:00,0.642,10.583
2019-03-30 10:00,2019-03-30 11:00,0.598,10.178
2019-03-30 11:00,2019-03-30 12:00,0.565,9.888
2019-03-30 12:00,2019-03-30 13:00,0.545,9.705
2019-03-30 13:00,2019-03-30 14:00,0.537,9.639
2019-03-30 14:00,2019-03-30 15:00,0.539,9.650
2019-03-30 15:00,2019-03-30 16:00,0.539,9.661
2019-03-30 16:00,2019-03-30 17:00,0.482,9.168
2019-03-30 17:00,2019-03-30 18:00,0.425,8.690
2019-03-30 18:00,2019-03-30 19:00,0.458,8.971
2019-03-30 19:00,2019-03-30 20:00,0.503,9.348
2019-03-30 20:00,2019-03-30 21:00,0.546,9.716
2019-03-30 21:00,2019-03-30 22:00,0.503,9.351
2019-03-30 22:00,2019-03-30 23:00,0.473,9.098
2019-03-30 23:00,2019-03-31 00:00,0.454,8.942
2019-03-31 00:00,2019-03-31 01:00,0.468,9.050
2019-03-31 01:00,2019-03-31 02:00,0.500,9.323
2019-03-31 02:00,2019-03-31 03:00,0.530,9.576
2019-03-31 03:00,2019-03-31 04:00,0.546,9.712
2019-03-31 04:00,2019-03-31 05:00,0.544,9.700
2019-03-31 05:00,2019-03-31 06:00,0.523,9.525
2019-03-31 06:00,2019-03-31 07:00,0.560,9.837
2019-03-31 07:00,2019-03-31 08:00,0.803,12.437
2019-03-31 08:00,2019-03-31 09:00,0.803,12.425
2019-03-31 09:00,2019-03-31 10:00,0.747,11.710
2019-03-31 10:00,2019-03-31 11:00,0.654,10.708
2019-03-31 11:00,2019-03-31 12:00,0.535,9.624
2019-03-31 12:00,2019-03-31 13:00,0.427,8.706
2019-03-31 13:00,2019-03-31 14:00,0.352,8.090
2019-03-31 14:00,2019-03-31 15:00,0.315,7.770
2019-03-31 15:00,2019-03-31 16:00,0.295,7.580
2019-03-31 16:00,2019-03-31 17:00,0.303,7.653
2019-03-31 17:00,2019-03-31 18:00,0.408,8.554
2019-03-31 18:00,2019-03-31 19:00,0.500,9.329
2019-03-31 19:00,2019-03-31 20:00,0.478,9.139
2019-03-31 20:00,2019-03-31 21:00,0.427,8.706
2019-03-31 21:00,2019-03-31 22:00,0.415,8.614
2019-03-31 22:00,2019-03-31 23:00,0.429,8.732
2019-03-31 23:00,2019-04-01 00:00,0.438,8.799
2019-04-01 00:00,2019-04-01 01:00,0.428,8.724
2019-04-01 01:00,2019-04-01 02:00,0.407,8.542
2019-04-01 02:00,2019-04-01 03:00,0.384,8.353
2019-04-01 03:00,2019-04-01 04:00,0.369,8.227
2019-04-01 04:00,2019-04-01 05:00,0.361,8.156
2019-04-01 05:00,2019-04-01 06:00,0.349,8.050
2019-04-01 06:00,2019-04-01 07:00,0.265,7.320
2019-04-01 07:00,2019-04-01 08:00,0.154,6.200
2019-04-01 08:00,2019-04-01 09:00,0.283,7.481
2019-04-01 09:00,2019-04-01 10:00,0.383,8.345
2019-04-01 10:00,2019-04-01 11:00,0.299,7.630
2019-04-01 11:00,2019-04-01 12:00,0.224,6.920
2019-04-01 12:00,2019-04-01 13:00,0.182,6.501
2019-04-01 13:00,2019-04-01 14:00,0.172,6.402
2019-04-01 14:00,2019-04-01 15:00,0.186,6.550
2019-04-01 15:00,2019-04-01 16:00,0.221,6.892
2019-04-01 16:00,2019-04-01 17:00,0.236,7.046
2019-04-01 17:00,2019-04-01 18:00,0.334,7.933
2019-04-01 18:00,2019-04-01 19:00,0.466,9.034
2019-04-01 19:00,2019-04-01 20:00,0.556,9.808
2019-04-01 20:00,2019-04-01 21:00,0.586,10.070
2019-04-01 21:00,2019-04-01 22:00,0.539,9.661
2019-04-01 22:00,2019-04-01 23:00,0.486,9.205
2019-04-01 23:00,2019-04-02 00:00,0.452,8.915
2019-04-02 00:00,2019-04-02 01:00,0.419,8.643
2019-04-02 01:00,2019-04-02 02:00,0.391,8.412
2019-04-02 02:00,2019-04-02 03:00,0.378,8.304
2019-04-02 03:00,2019-04-02 04:00,0.374,8.272
2019-04-02 04:00,2019-04-02 05:00,0.373,8.255
2019-04-02 05:00,2019-04-02 06:00,0.360,8.148
2019-04-02 06:00,2019-04-02 07:00,0.246,7.136
2019-04-02 07:00,2019-04-02 08:00,0.094,5.426
2019-04-02 08:00,2019-04-02 09:00,0.287,7.512
2019-04-02 09:00,2019-04-02 10:00,0.566,9.891
2019-04-02 10:00,2019-04-02 11:00,0.582,10.037
2019-04-02 11:00,2019-04-02 12:00,0.568,9.904
2019-04-02 12:00,2019-04-02 13:00,0.535,9.619
2019-04-02 13:00,2019-04-02 14:00,0.493,9.265
2019-04-02 14:00,2019-04-02 15:00,0.453,8.924
2019-04-02 15:00,2019-04-02 16:00,0.422,8.669
2019-04-02 16:00,2019-04-02 17:00,0.370,8.234
2019-04-02 17:00,2019-04-02 18:00,0.407,8.545
2019-04-02 18:00,2019-04-02 19:00,0.493,9.269
2019-04-02 19:00,2019-04-02 20:00,0.546,9.721
2019-04-02 20:00,2019-04-02 21:00,0.553,9.781
2019-04-02 21:00,2019-04-02 22:00,0.546,9.710
2019-04-02 22:00,2019-04-02 23:00,0.526,9.543
2019-04-02 23:00,2019-04-03 00:00,0.495,9.285
2019-04-03 00:00,2019-04-03 01:00,0.448,8.888
2019-04-03 01:00,2019-04-03 02:00,0.382,8.337
2019-04-03 02:00,2019-04-03 03:00,0.347,8.034
2019-04-03 03:00,2019-04-03 04:00,0.328,7.871
2019-04-03 04:00,2019-04-03 05:00,0.323,7.831
2019-04-03 05:00,2019-04-03 06:00,0.328,7.878
2019-04-03 06:00,2019-04-03 07:00,0.253,7.214
2019-04-03 07:00,2019-04-03 08:00,0.115,5.715
2019-04-03 08:00,2019-04-03 09:00,0.211,6.803
2019-04-03 09:00,2019-04-03 10:00,0.446,8.870
2019-04-03 10:00,2019-04-03 11:00,0.366,8.208
2019-04-03 11:00,2019-04-03 12:00,0.306,7.690
2019-04-03 12:00,2019-04-03 13:00,0.289,7.538
2019-04-03 13:00,2019-04-03 14:00,0.303,7.651
2019-04-03 14:00,2019-04-03 15:00,0.325,7.847
2019-04-03 15:00,2019-04-03 16:00,0.361,8.163
2019-04-03 16:00,2019-04-03 17:00,0.369,8.227
2019-04-03 17:00,2019-04-03 18:00,0.425,8.696
2019-04-03 18:00,2019-04-03 19:00,0.521,9.494
2019-04-03 19:00,2019-04-03 20:00,0.570,9.929
2019-04-03 20:00,2019-04-03 21:00,0.588,10.080
2019-04-03 21:00,2019-04-03 22:00,0.572,9.944
2019-04-03 22:00,2019-04-03 23:00,0.539,9.649
2019-04-03 23:00,2019-04-04 00:00,0.480,9.154
2019-04-04 00:00,2019-04-04 01:00,0.410,8.567
2019-04-04 01:00,2019-04-04 02:00,0.356,8.117
2019-04-04 02:00,2019-04-04 03:00,0.321,7.821
2019-04-04 03:00,2019-04-04 04:00,0.305,7.671
2019-04-04 04:00,2019-04-04 05:00,0.296,7.597
2019-04-04 05:00,2019-04-04 06:00,0.285,7.495
2019-04-04 06:00,2019-04-04 07:00,0.215,6.834
2019-04-04 07:00,2019-04-04 08:00,0.076,5.152
2019-04-04 08:00,2019-04-04 09:00,0.113,5.693
2019-04-04 09:00,2019-04-04 10:00,0.337,7.961
2019-04-04 10:00,2019-04-04 11:00,0.325,7.849
2019-04-04 11:00,2019-04-04 12:00,0.315,7.757
2019-04-04 12:00,2019-04-04 13:00,0.321,7.821
2019-04-04 13:00,2019-04-04 14:00,0.345,8.022
2019-04-04 14:00,2019-04-04 15:00,0.376,8.292
2019-04-04 15:00,2019-04-04 16:00,0.408,8.551
2019-04-04 16:00,2019-04-04 17:00,0.380,8.314
2019-04-04 17:00,2019-04-04 18:00,0.371,8.247
2019-04-04 18:00,2019-04-04 19:00,0.415,8.618
2019-04-04 19:00,2019-04-04 20:00,0.433,8.758
2019-04-04 20:00,2019-04-04 21:00,0.436,8.787
2019-04-04 21:00,2019-04-04 22:00,0.433,8.756
2019-04-04 22:00,2019-04-04 23:00,0.418,8.641
2019-04-04 23:00,2019-04-05 00:00,0.382,8.328
2019-04-05 00:00,2019-04-05 01:00,0.321,7.822
2019-04-05 01:00,2019-04-05 02:00,0.263,7.303
2019-04-05 02:00,2019-04-05 03:00,0.217,6.858
2019-04-05 03:00,2019-04-05 04:00,0.191,6.593
2019-04-05 04:00,2019-04-05 05:00,0.181,6.487
2019-04-05 05:00,2019-04-05 06:00,0.177,6.453
2019-04-05 06:00,2019-04-05 07:00,0.140,6.030
2019-04-05 07:00,2019-04-05 08:00,0.044,4.566
2019-04-05 08:00,2019-04-05 09:00,0.043,4.553
2019-04-05 09:00,2019-04-05 10:00,0.066,4.998
2019-04-05 10:00,2019-04-05 11:00,0.028,4.166
2019-04-05 11:00,2019-04-05 12:00,0.008,3.384
2019-04-05 12:00,2019-04-05 13:00,0.002,2.742
2019-04-05 13:00,2019-04-05 14:00,0.001,2.385
2019-04-05 14:00,2019-04-05 15:00,0,2.306
2019-04-05 15:00,2019-04-05 16:00,0.001,2.389
2019-04-05 16:00,2019-04-05 17:00,0.001,2.611
2019-04-05 17:00,2019-04-05 18:00,0.008,3.363
2019-04-05 18:00,2019-04-05 19:00,0.032,4.278
2019-04-05 19:00,2019-04-05 20:00,0.074,5.129
2019-04-05 20:00,2019-04-05 21:00,0.117,5.752
2019-04-05 21:00,2019-04-05 22:00,0.142,6.060
2019-04-05 22:00,2019-04-05 23:00,0.142,6.059
2019-04-05 23:00,2019-04-06 00:00,0.122,5.814
2019-04-06 00:00,2019-04-06 01:00,0.097,5.460
2019-04-06 01:00,2019-04-06 02:00,0.074,5.132
2019-04-06 02:00,2019-04-06 03:00,0.064,4.956
2019-04-06 03:00,2019-04-06 04:00,0.069,5.031
2019-04-06 04:00,2019-04-06 05:00,0.082,5.249
2019-04-06 05:00,2019-04-06 06:00,0.093,5.423
2019-04-06 06:00,2019-04-06 07:00,0.083,5.266
2019-04-06 07:00,2019-04-06 08:00,0.027,4.139
2019-04-06 08:00,2019-04-06 09:00,0.004,3.068
2019-04-06 09:00,2019-04-06 10:00,0.001,2.509
2019-04-06 10:00,2019-04-06 11:00,0.001,2.611
2019-04-06 11:00,2019-04-06 12:00,0.002,2.843
2019-04-06 12:00,2019-04-06 13:00,0.004,3.025
2019-04-06 13:00,2019-04-06 14:00,0.004,3.071
2019-04-06 14:00,2019-04-06 15:00,0.004,2.996
2019-04-06 15:00,2019-04-06 16:00,0.003,2.865
2019-04-06 16:00,2019-04-06 17:00,0.002,2.826
2019-04-06 17:00,2019-04-06 18:00,0.004,3.045
2019-04-06 18:00,2019-04-06 19:00,0.006,3.180
2019-04-06 19:00,2019-04-06 20:00,0.006,3.224
2019-04-06 20:00,2019-04-06 21:00,0.006,3.228
2019-04-06 21:00,2019-04-06 22:00,0.008,3.356
2019-04-06 22:00,2019-04-06 23:00,0.014,3.659
2019-04-06 23:00,2019-04-07 00:00,0.022,3.989
2019-04-07 00:00,2019-04-07 01:00,0.030,4.230
2019-04-07 01:00,2019-04-07 02:00,0.038,4.423
2019-04-07 02:00,2019-04-07 03:00,0.049,4.661
2019-04-07 03:00,2019-04-07 04:00,0.060,4.874
2019-04-07 04:00,2019-04-07 05:00,0.060,4.874
2019-04-07 05:00,2019-04-07 06:00,0.046,4.598
2019-04-07 06:00,2019-04-07 07:00,0.021,3.951
2019-04-07 07:00,2019-04-07 08:00,0.003,2.879
2019-04-07 08:00,2019-04-07 09:00,0.001,2.391
2019-04-07 09:00,2019-04-07 10:00,0,2.250
2019-04-07 10:00,2019-04-07 11:00,0.001,2.417
2019-04-07 11:00,2019-04-07 12:00,0.003,2.851
2019-04-07 12:00,2019-04-07 13:00,0.005,3.137
2019-04-07 13:00,2019-04-07 14:00,0.007,3.323
2019-04-07 14:00,2019-04-07 15:00,0.010,3.493
2019-04-07 15:00,2019-04-07 16:00,0.012,3.600
2019-04-07 16:00,2019-04-07 17:00,0.014,3.666
2019-04-07 17:00,2019-04-07 18:00,0.027,4.124
2019-04-07 18:00,2019-04-07 19:00,0.080,5.229
2019-04-07 19:00,2019-04-07 20:00,0.199,6.676
2019-04-07 20:00,2019-04-07 21:00,0.352,8.082
2019-04-07 21:00,2019-04-07 22:00,0.457,8.967
2019-04-07 22:00,2019-04-07 23:00,0.497,9.300
2019-04-07 23:00,2019-04-08 00:00,0.499,9.313
2019-04-08 00:00,2019-04-08 01:00,0.489,9.229
2019-04-08 01:00,2019-04-08 02:00,0.464,9.013
2019-04-08 02:00,2019-04-08 03:00,0.418,8.642
2019-04-08 03:00,2019-04-08 04:00,0.362,8.166
2019-04-08 04:00,2019-04-08 05:00,0.308,7.707
2019-04-08 05:00,2019-04-08 06:00,0.259,7.264
2019-04-08 06:00,2019-04-08 07:00,0.153,6.181
2019-04-08 07:00,2019-04-08 08:00,0.075,5.146
2019-04-08 08:00,2019-04-08 09:00,0.104,5.569
2019-04-08 09:00,2019-04-08 10:00,0.056,4.806
2019-04-08 10:00,2019-04-08 11:00,0.022,3.974
2019-04-08 11:00,2019-04-08 12:00,0.008,3.393
2019-04-08 12:00,2019-04-08 13:00,0.005,3.132
2019-04-08 13:00,2019-04-08 14:00,0.005,3.122
2019-04-08 14:00,2019-04-08 15:00,0.006,3.218
2019-04-08 15:00,2019-04-08 16:00,0.007,3.261
2019-04-08 16:00,2019-04-08 17:00,0.005,3.168
2019-04-08 17:00,2019-04-08 18:00,0.004,2.989
2019-04-08 18:00,2019-04-08 19:00,0.003,2.885
2019-04-08 19:00,2019-04-08 20:00,0.004,2.981
2019-04-08 20:00,2019-04-08 21:00,0.009,3.411
2019-04-08 21:00,2019-04-08 22:00,0.033,4.312
2019-04-08 22:00,2019-04-08 23:00,0.097,5.482
2019-04-08 23:00,2019-04-09 00:00,0.183,6.519
2019-04-09 00:00,2019-04-09 01:00,0.257,7.242
2019-04-09 01:00,2019-04-09 02:00,0.300,7.633
2019-04-09 02:00,2019-04-09 03:00,0.316,7.773
2019-04-09 03:00,2019-04-09 04:00,0.305,7.676
2019-04-09 04:00,2019-04-09 05:00,0.277,7.425
2019-04-09 05:00,2019-04-09 06:00,0.245,7.134
2019-04-09 06:00,2019-04-09 07:00,0.164,6.314
2019-04-09 07:00,2019-04-09 08:00,0.085,5.285
2019-04-09 08:00,2019-04-09 09:00,0.117,5.748
2019-04-09 09:00,2019-04-09 10:00,0.074,5.122
2019-04-09 10:00,2019-04-09 11:00,0.028,4.171
2019-04-09 11:00,2019-04-09 12:00,0.004,3.052
2019-04-09 12:00,2019-04-09 13:00,0,1.752
2019-04-09 13:00,2019-04-09 14:00,0,0.221
2019-04-09 14:00,2019-04-09 15:00,0,0.191
2019-04-09 15:00,2019-04-09 16:00,0,0.810
2019-04-09 16:00,2019-04-09 17:00,0,1.317
2019-04-09 17:00,2019-04-09 18:00,0,1.945
2019-04-09 18:00,2019-04-09 19:00,0.002,2.683
2019-04-09 19:00,2019-04-09 20:00,0.008,3.332
2019-04-09 20:00,2019-04-09 21:00,0.016,3.780
2019-04-09 21:00,2019-04-09 22:00,0.020,3.916
2019-04-09 22:00,2019-04-09 23:00,0.017,3.798
2019-04-09 23:00,2019-04-10 00:00,0.011,3.516
2019-04-10 00:00,2019-04-10 01:00,0.005,3.148
2019-04-10 01:00,2019-04-10 02:00,0.002,2.774
2019-04-10 02:00,2019-04-10 03:00,0.001,2.558
2019-04-10 03:00,2019-04-10 04:00,0.001,2.603
2019-04-10 04:00,2019-04-10 05:00,0.002,2.838
2019-04-10 05:00,2019-04-10 06:00,0.005,3.109
2019-04-10 06:00,2019-04-10 07:00,0.006,3.233
2019-04-10 07:00,2019-04-10 08:00,0.004,2.982
2019-04-10 08:00,2019-04-10 09:00,0.003,2.933
2019-04-10 09:00,2019-04-10 10:00,0.002,2.790
2019-04-10 10:00,2019-04-10 11:00,0.003,2.877
2019-04-10 11:00,2019-04-10 12:00,0.004,3.072
2019-04-10 12:00,2019-04-10 13:00,0.007,3.314
2019-04-10 13:00,2019-04-10 14:00,0.012,3.570
2019-04-10 14:00,2019-04-10 15:00,0.016,3.769
2019-04-10 15:00,2019-04-10 16:00,0.019,3.865
2019-04-10 16:00,2019-04-10 17:00,0.016,3.755
2019-04-10 17:00,2019-04-10 18:00,0.015,3.705
2019-04-10 18:00,2019-04-10 19:00,0.014,3.693
2019-04-10 19:00,2019-04-10 20:00,0.015,3.709
2019-04-10 20:00,2019-04-10 21:00,0.016,3.767
2019-04-10 21:00,2019-04-10 22:00,0.019,3.872
2019-04-10 22:00,2019-04-10 23:00,0.029,4.184
2019-04-10 23:00,2019-04-11 00:00,0.059,4.858
2019-04-11 00:00,2019-04-11 01:00,0.114,5.696
2019-04-11 01:00,2019-04-11 02:00,0.171,6.382
2019-04-11 02:00,2019-04-11 03:00,0.208,6.763
2019-04-11 03:00,2019-04-11 04:00,0.200,6.688
2019-04-11 04:00,2019-04-11 05:00,0.181,6.497
2019-04-11 05:00,2019-04-11 06:00,0.167,6.333
2019-04-11 06:00,2019-04-11 07:00,0.107,5.614
2019-04-11 07:00,2019-04-11 08:00,0.027,4.120
2019-04-11 08:00,2019-04-11 09:00,0.017,3.797
2019-04-11 09:00,2019-04-11 10:00,0.008,3.339
2019-04-11 10:00,2019-04-11 11:00,0,2.295
2019-04-11 11:00,2019-04-11 12:00,0.001,2.380
2019-04-11 12:00,2019-04-11 13:00,0.004,3.025
2019-04-11 13:00,2019-04-11 14:00,0.014,3.686
2019-04-11 14:00,2019-04-11 15:00,0.029,4.203
2019-04-11 15:00,2019-04-11 16:00,0.041,4.499
2019-04-11 16:00,2019-04-11 17:00,0.043,4.548
2019-04-11 17:00,2019-04-11 18:00,0.055,4.788
2019-04-11 18:00,2019-04-11 19:00,0.082,5.247
2019-04-11 19:00,2019-04-11 20:00,0.128,5.893
2019-04-11 20:00,2019-04-11 21:00,0.208,6.769
2019-04-11 21:00,2019-04-11 22:00,0.312,7.736
2019-04-11 22:00,2019-04-11 23:00,0.397,8.466
2019-04-11 23:00,2019-04-12 00:00,0.430,8.737
2019-04-12 00:00,2019-04-12 01:00,0.423,8.678
2019-04-12 01:00,2019-04-12 02:00,0.401,8.495
2019-04-12 02:00,2019-04-12 03:00,0.361,8.163
2019-04-12 03:00,2019-04-12 04:00,0.312,7.737
2019-04-12 04:00,2019-04-12 05:00,0.264,7.312
2019-04-12 05:00,2019-04-12 06:00,0.217,6.850
2019-04-12 06:00,2019-04-12 07:00,0.127,5.877
2019-04-12 07:00,2019-04-12 08:00,0.028,4.181
2019-04-12 08:00,2019-04-12 09:00,0.012,3.582
2019-04-12 09:00,2019-04-12 10:00,0.026,4.102
2019-04-12 10:00,2019-04-12 11:00,0.002,2.668
2019-04-12 11:00,2019-04-12 12:00,0,1.624
2019-04-12 12:00,2019-04-12 13:00,0,1.040
2019-04-12 13:00,2019-04-12 14:00,0,0.844
2019-04-12 14:00,2019-04-12 15:00,0,0.914
2019-04-12 15:00,2019-04-12 16:00,0,1.155
2019-04-12 16:00,2019-04-12 17:00,0,1.556
2019-04-12 17:00,2019-04-12 18:00,0.001,2.496
2019-04-12 18:00,2019-04-12 19:00,0.020,3.922
2019-04-12 19:00,2019-04-12 20:00,0.113,5.691
2019-04-12 20:00,2019-04-12 21:00,0.262,7.295
2019-04-12 21:00,2019-04-12 22:00,0.363,8.181
2019-04-12 22:00,2019-04-12 23:00,0.378,8.298
2019-04-12 23:00,2019-04-13 00:00,0.344,8.010
2019-04-13 00:00,2019-04-13 01:00,0.292,7.569
2019-04-13 01:00,2019-04-13 02:00,0.239,7.073
2019-04-13 02:00,2019-04-13 03:00,0.192,6.604
2019-04-13 03:00,2019-04-13 04:00,0.165,6.323
2019-04-13 04:00,2019-04-13 05:00,0.171,6.383
2019-04-13 05:00,2019-04-13 06:00,0.205,6.730
2019-04-13 06:00,2019-04-13 07:00,0.189,6.576
2019-04-13 07:00,2019-04-13 08:00,0.167,6.342
2019-04-13 08:00,2019-04-13 09:00,0.359,8.145
2019-04-13 09:00,2019-04-13 10:00,0.363,8.171
2019-04-13 10:00,2019-04-13 11:00,0.259,7.270
2019-04-13 11:00,2019-04-13 12:00,0.158,6.230
2019-04-13 12:00,2019-04-13 13:00,0.095,5.444
2019-04-13 13:00,2019-04-13 14:00,0.070,5.053
2019-04-13 14:00,2019-04-13 15:00,0.060,4.883
2019-04-13 15:00,2019-04-13 16:00,0.055,4.780
2019-04-13 16:00,2019-04-13 17:00,0.058,4.837
2019-04-13 17:00,2019-04-13 18:00,0.092,5.401
2019-04-13 18:00,2019-04-13 19:00,0.189,6.576
2019-04-13 19:00,2019-04-13 20:00,0.315,7.766
2019-04-13 20:00,2019-04-13 21:00,0.428,8.710
2019-04-13 21:00,2019-04-13 22:00,0.493,9.256
2019-04-13 22:00,2019-04-13 23:00,0.488,9.225
2019-04-13 23:00,2019-04-14 00:00,0.434,8.770
2019-04-14 00:00,2019-04-14 01:00,0.343,8.003
2019-04-14 01:00,2019-04-14 02:00,0.231,6.998
2019-04-14 02:00,2019-04-14 03:00,0.129,5.894
2019-04-14 03:00,2019-04-14 04:00,0.040,4.478
2019-04-14 04:00,2019-04-14 05:00,0.003,2.893
2019-04-14 05:00,2019-04-14 06:00,0,1.604
2019-04-14 06:00,2019-04-14 07:00,0,2.113
2019-04-14 07:00,2019-04-14 08:00,0.003,2.905
2019-04-14 08:00,2019-04-14 09:00,0.002,2.734
2019-04-14 09:00,2019-04-14 10:00,0,1.940
2019-04-14 10:00,2019-04-14 11:00,0,0.987
2019-04-14 11:00,2019-04-14 12:00,0,0.965
2019-04-14 12:00,2019-04-14 13:00,0,1.190
2019-04-14 13:00,2019-04-14 14:00,0,1.463
2019-04-14 14:00,2019-04-14 15:00,0,1.730
2019-04-14 15:00,2019-04-14 16:00,0,2.071
2019-04-14 16:00,2019-04-14 17:00,0,2.182
2019-04-14 17:00,2019-04-14 18:00,0,1.968
2019-04-14 18:00,2019-04-14 19:00,0,1.689
2019-04-14 19:00,2019-04-14 20:00,0,1.586
2019-04-14 20:00,2019-04-14 21:00,0,1.929
2019-04-14 21:00,2019-04-14 22:00,0.001,2.457
2019-04-14 22:00,2019-04-14 23:00,0.005,3.121
2019-04-14 23:00,2019-04-15 00:00,0.013,3.649
2019-04-15 00:00,2019-04-15 01:00,0.023,4.024
2019-04-15 01:00,2019-04-15 02:00,0.034,4.341
2019-04-15 02:00,2019-04-15 03:00,0.064,4.952
2019-04-15 03:00,2019-04-15 04:00,0.126,5.860
2019-04-15 04:00,2019-04-15 05:00,0.235,7.038
2019-04-15 05:00,2019-04-15 06:00,0.425,8.698
2019-04-15 06:00,2019-04-15 07:00,0.588,10.083
2019-04-15 07:00,2019-04-15 08:00,0.816,12.628
2019-04-15 08:00,2019-04-15 09:00,0.809,12.516
2019-04-15 09:00,2019-04-15 10:00,0.726,11.460
2019-04-15 10:00,2019-04-15 11:00,0.596,10.157
2019-04-15 11:00,2019-04-15 12:00,0.433,8.759
2019-04-15 12:00,2019-04-15 13:00,0.309,7.719
2019-04-15 13:00,2019-04-15 14:00,0.242,7.108
2019-04-15 14:00,2019-04-15 15:00,0.221,6.901
2019-04-15 15:00,2019-04-15 16:00,0.231,7.001
2019-04-15 16:00,2019-04-15 17:00,0.262,7.280
2019-04-15 17:00,2019-04-15 18:00,0.323,7.829
2019-04-15 18:00,2019-04-15 19:00,0.465,9.027
2019-04-15 19:00,2019-04-15 20:00,0.546,9.721
2019-04-15 20:00,2019-04-15 21:00,0.577,9.989
2019-04-15 21:00,2019-04-15 22:00,0.594,10.139
2019-04-15 22:00,2019-04-15 23:00,0.604,10.230
2019-04-15 23:00,2019-04-16 00:00,0.600,10.196
2019-04-16 00:00,2019-04-16 01:00,0.563,9.863
2019-04-16 01:00,2019-04-16 02:00,0.557,9.814
2019-04-16 02:00,2019-04-16 03:00,0.539,9.648
2019-04-16 03:00,2019-04-16 04:00,0.516,9.455
2019-04-16 04:00,2019-04-16 05:00,0.486,9.210
2019-04-16 05:00,2019-04-16 06:00,0.462,9.003
2019-04-16 06:00,2019-04-16 07:00,0.352,8.088
2019-04-16 07:00,2019-04-16 08:00,0.337,7.959
2019-04-16 08:00,2019-04-16 09:00,0.667,10.839
2019-04-16 09:00,2019-04-16 10:00,0.539,9.657
2019-04-16 10:00,2019-04-16 11:00,0.384,8.348
2019-04-16 11:00,2019-04-16 12:00,0.252,7.192
2019-04-16 12:00,2019-04-16 13:00,0.163,6.297
2019-04-16 13:00,2019-04-16 14:00,0.120,5.777
2019-04-16 14:00,2019-04-16 15:00,0.108,5.623
2019-04-16 15:00,2019-04-16 16:00,0.110,5.659
2019-04-16 16:00,2019-04-16 17:00,0.135,5.961
2019-04-16 17:00,2019-04-16 18:00,0.210,6.795
2019-04-16 18:00,2019-04-16 19:00,0.364,8.186
2019-04-16 19:00,2019-04-16 20:00,0.480,9.157
2019-04-16 20:00,2019-04-16 21:00,0.540,9.661
2019-04-16 21:00,2019-04-16 22:00,0.553,9.782
2019-04-16 22:00,2019-04-16 23:00,0.528,9.565
2019-04-16 23:00,2019-04-17 00:00,0.482,9.169
2019-04-17 00:00,2019-04-17 01:00,0.455,8.949
2019-04-17 01:00,2019-04-17 02:00,0.439,8.817
2019-04-17 02:00,2019-04-17 03:00,0.429,8.728
2019-04-17 03:00,2019-04-17 04:00,0.431,8.748
2019-04-17 04:00,2019-04-17 05:00,0.433,8.758
2019-04-17 05:00,2019-04-17 06:00,0.422,8.666
2019-04-17 06:00,2019-04-17 07:00,0.299,7.626
2019-04-17 07:00,2019-04-17 08:00,0.190,6.578
2019-04-17 08:00,2019-04-17 09:00,0.507,9.386
2019-04-17 09:00,2019-04-17 10:00,0.507,9.385
2019-04-17 10:00,2019-04-17 11:00,0.406,8.535
2019-04-17 11:00,2019-04-17 12:00,0.325,7.849
2019-04-17 12:00,2019-04-17 13:00,0.267,7.335
2019-04-17 13:00,2019-04-17 14:00,0.233,7.012
2019-04-17 14:00,2019-04-17 15:00,0.218,6.866
2019-04-17 15:00,2019-04-17 16:00,0.218,6.869
2019-04-17 16:00,2019-04-17 17:00,0.221,6.907
2019-04-17 17:00,2019-04-17 18:00,0.281,7.467
2019-04-17 18:00,2019-04-17 19:00,0.394,8.436
2019-04-17 19:00,2019-04-17 20:00,0.459,8.980
2019-04-17 20:00,2019-04-17 21:00,0.485,9.200
2019-04-17 21:00,2019-04-17 22:00,0.491,9.250
2019-04-17 22:00,2019-04-17 23:00,0.475,9.112
2019-04-17 23:00,2019-04-18 00:00,0.457,8.962
2019-04-18 00:00,2019-04-18 01:00,0.447,8.878
2019-04-18 01:00,2019-04-18 02:00,0.443,8.847
2019-04-18 02:00,2019-04-18 03:00,0.441,8.825
2019-04-18 03:00,2019-04-18 04:00,0.438,8.809
2019-04-18 04:00,2019-04-18 05:00,0.434,8.772
2019-04-18 05:00,2019-04-18 06:00,0.423,8.670
2019-04-18 06:00,2019-04-18 07:00,0.286,7.505
2019-04-18 07:00,2019-04-18 08:00,0.123,5.819
2019-04-18 08:00,2019-04-18 09:00,0.261,7.278
2019-04-18 09:00,2019-04-18 10:00,0.231,7.001
2019-04-18 10:00,2019-04-18 11:00,0.095,5.447
2019-04-18 11:00,2019-04-18 12:00,0.039,4.455
2019-04-18 12:00,2019-04-18 13:00,0.019,3.870
2019-04-18 13:00,2019-04-18 14:00,0.011,3.557
2019-04-18 14:00,2019-04-18 15:00,0.009,3.426
2019-04-18 15:00,2019-04-18 16:00,0.011,3.528
2019-04-18 16:00,2019-04-18 17:00,0.021,3.941
2019-04-18 17:00,2019-04-18 18:00,0.078,5.182
2019-04-18 18:00,2019-04-18 19:00,0.188,6.569
2019-04-18 19:00,2019-04-18 20:00,0.313,7.738
2019-04-18 20:00,2019-04-18 21:00,0.406,8.541
2019-04-18 21:00,2019-04-18 22:00,0.450,8.905
2019-04-18 22:00,2019-04-18 23:00,0.454,8.942
2019-04-18 23:00,2019-04-19 00:00,0.445,8.867
2019-04-19 00:00,2019-04-19 01:00,0.438,8.807
2019-04-19 01:00,2019-04-19 02:00,0.431,8.743
2019-04-19 02:00,2019-04-19 03:00,0.416,8.625
2019-04-19 03:00,2019-04-19 04:00,0.404,8.522
2019-04-19 04:00,2019-04-19 05:00,0.405,8.527
2019-04-19 05:00,2019-04-19 06:00,0.411,8.573
2019-04-19 06:00,2019-04-19 07:00,0.324,7.842
2019-04-19 07:00,2019-04-19 08:00,0.214,6.826
2019-04-19 08:00,2019-04-19 09:00,0.236,7.049
2019-04-19 09:00,2019-04-19 10:00,0.227,6.954
2019-04-19 10:00,2019-04-19 11:00,0.109,5.643
2019-04-19 11:00,2019-04-19 12:00,0.043,4.546
2019-04-19 12:00,2019-04-19 13:00,0.016,3.784
2019-04-19 13:00,2019-04-19 14:00,0.007,3.273
2019-04-19 14:00,2019-04-19 15:00,0.004,3.014
2019-04-19 15:00,2019-04-19 16:00,0.005,3.095
2019-04-19 16:00,2019-04-19 17:00,0.011,3.545
2019-04-19 17:00,2019-04-19 18:00,0.045,4.582
2019-04-19 18:00,2019-04-19 19:00,0.107,5.613
2019-04-19 19:00,2019-04-19 20:00,0.182,6.506
2019-04-19 20:00,2019-04-19 21:00,0.257,7.240
2019-04-19 21:00,2019-04-19 22:00,0.309,7.719
2019-04-19 22:00,2019-04-19 23:00,0.335,7.940
2019-04-19 23:00,2019-04-20 00:00,0.342,7.997
2019-04-20 00:00,2019-04-20 01:00,0.334,7.928
2019-04-20 01:00,2019-04-20 02:00,0.320,7.814
2019-04-20 02:00,2019-04-20 03:00,0.318,7.781
2019-04-20 03:00,2019-04-20 04:00,0.313,7.741
2019-04-20 04:00,2019-04-20 05:00,0.304,7.661
2019-04-20 05:00,2019-04-20 06:00,0.299,7.630
2019-04-20 06:00,2019-04-20 07:00,0.230,6.987
2019-04-20 07:00,2019-04-20 08:00,0.136,5.982
2019-04-20 08:00,2019-04-20 09:00,0.197,6.663
2019-04-20 09:00,2019-04-20 10:00,0.246,7.139
2019-04-20 10:00,2019-04-20 11:00,0.142,6.061
2019-04-20 11:00,2019-04-20 12:00,0.063,4.938
2019-04-20 12:00,2019-04-20 13:00,0.024,4.060
2019-04-20 13:00,2019-04-20 14:00,0.011,3.529
2019-04-20 14:00,2019-04-20 15:00,0.009,3.399
2019-04-20 15:00,2019-04-20 16:00,0.012,3.579
2019-04-20 16:00,2019-04-20 17:00,0.022,4.001
2019-04-20 17:00,2019-04-20 18:00,0.066,4.985
2019-04-20 18:00,2019-04-20 19:00,0.132,5.939
2019-04-20 19:00,2019-04-20 20:00,0.203,6.721
2019-04-20 20:00,2019-04-20 21:00,0.265,7.317
2019-04-20 21:00,2019-04-20 22:00,0.309,7.718
2019-04-20 22:00,2019-04-20 23:00,0.338,7.965
2019-04-20 23:00,2019-04-21 00:00,0.364,8.188
2019-04-21 00:00,2019-04-21 01:00,0.384,8.350
2019-04-21 01:00,2019-04-21 02:00,0.385,8.364
2019-04-21 02:00,2019-04-21 03:00,0.371,8.240
2019-04-21 03:00,2019-04-21 04:00,0.352,8.086
2019-04-21 04:00,2019-04-21 05:00,0.344,8.014
2019-04-21 05:00,2019-04-21 06:00,0.338,7.970
2019-04-21 06:00,2019-04-21 07:00,0.240,7.086
2019-04-21 07:00,2019-04-21 08:00,0.124,5.832
2019-04-21 08:00,2019-04-21 09:00,0.135,5.961
2019-04-21 09:00,2019-04-21 10:00,0.349,8.057
2019-04-21 10:00,2019-04-21 11:00,0.285,7.494
2019-04-21 11:00,2019-04-21 12:00,0.201,6.690
2019-04-21 12:00,2019-04-21 13:00,0.138,6.002
2019-04-21 13:00,2019-04-21 14:00,0.101,5.529
2019-04-21 14:00,2019-04-21 15:00,0.086,5.301
2019-04-21 15:00,2019-04-21 16:00,0.077,5.182
2019-04-21 16:00,2019-04-21 17:00,0.067,5.013
2019-04-21 17:00,2019-04-21 18:00,0.105,5.587
2019-04-21 18:00,2019-04-21 19:00,0.183,6.515
2019-04-21 19:00,2019-04-21 20:00,0.281,7.470
2019-04-21 20:00,2019-04-21 21:00,0.371,8.247
2019-04-21 21:00,2019-04-21 22:00,0.425,8.688
2019-04-21 22:00,2019-04-21 23:00,0.439,8.815
2019-04-21 23:00,2019-04-22 00:00,0.442,8.833
2019-04-22 00:00,2019-04-22 01:00,0.446,8.871
2019-04-22 01:00,2019-04-22 02:00,0.447,8.884
2019-04-22 02:00,2019-04-22 03:00,0.442,8.835
2019-04-22 03:00,2019-04-22 04:00,0.428,8.717
2019-04-22 04:00,2019-04-22 05:00,0.401,8.493
2019-04-22 05:00,2019-04-22 06:00,0.364,8.189
2019-04-22 06:00,2019-04-22 07:00,0.235,7.035
2019-04-22 07:00,2019-04-22 08:00,0.123,5.825
2019-04-22 08:00,2019-04-22 09:00,0.248,7.152
2019-04-22 09:00,2019-04-22 10:00,0.337,7.957
2019-04-22 10:00,2019-04-22 11:00,0.210,6.796
2019-04-22 11:00,2019-04-22 12:00,0.128,5.888
2019-04-22 12:00,2019-04-22 13:00,0.071,5.059
2019-04-22 13:00,2019-04-22 14:00,0.036,4.372
2019-04-22 14:00,2019-04-22 15:00,0.022,3.978
2019-04-22 15:00,2019-04-22 16:00,0.017,3.787
2019-04-22 16:00,2019-04-22 17:00,0.017,3.808
2019-04-22 17:00,2019-04-22 18:00,0.036,4.371
2019-04-22 18:00,2019-04-22 19:00,0.064,4.948
2019-04-22 19:00,2019-04-22 20:00,0.095,5.447
2019-04-22 20:00,2019-04-22 21:00,0.129,5.901
2019-04-22 21:00,2019-04-22 22:00,0.152,6.171
2019-04-22 22:00,2019-04-22 23:00,0.152,6.174
2019-04-22 23:00,2019-04-23 00:00,0.142,6.063
2019-04-23 00:00,2019-04-23 01:00,0.135,5.961
2019-04-23 01:00,2019-04-23 02:00,0.126,5.856
2019-04-23 02:00,2019-04-23 03:00,0.130,5.918
2019-04-23 03:00,2019-04-23 04:00,0.172,6.395
2019-04-23 04:00,2019-04-23 05:00,0.224,6.932
2019-04-23 05:00,2019-04-23 06:00,0.271,7.370
2019-04-23 06:00,2019-04-23 07:00,0.234,7.034
2019-04-23 07:00,2019-04-23 08:00,0.113,5.694
2019-04-23 08:00,2019-04-23 09:00,0.159,6.248
2019-04-23 09:00,2019-04-23 10:00,0.168,6.353
2019-04-23 10:00,2019-04-23 11:00,0.071,5.058
2019-04-23 11:00,2019-04-23 12:00,0.017,3.797
2019-04-23 12:00,2019-04-23 13:00,0.003,2.930
2019-04-23 13:00,2019-04-23 14:00,0.001,2.453
2019-04-23 14:00,2019-04-23 15:00,0,2.131
2019-04-23 15:00,2019-04-23 16:00,0,1.787
2019-04-23 16:00,2019-04-23 17:00,0,1.381
2019-04-23 17:00,2019-04-23 18:00,0,1.825
2019-04-23 18:00,2019-04-23 19:00,0.001,2.404
2019-04-23 19:00,2019-04-23 20:00,0.003,2.897
2019-04-23 20:00,2019-04-23 21:00,0.008,3.351
2019-04-23 21:00,2019-04-23 22:00,0.012,3.590
2019-04-23 22:00,2019-04-23 23:00,0.016,3.768
2019-04-23 23:00,2019-04-24 00:00,0.027,4.135
2019-04-24 00:00,2019-04-24 01:00,0.067,5.008
2019-04-24 01:00,2019-04-24 02:00,0.153,6.182
2019-04-24 02:00,2019-04-24 03:00,0.233,7.023
2019-04-24 03:00,2019-04-24 04:00,0.274,7.394
2019-04-24 04:00,2019-04-24 05:00,0.287,7.509
2019-04-24 05:00,2019-04-24 06:00,0.269,7.360
2019-04-24 06:00,2019-04-24 07:00,0.182,6.504
2019-04-24 07:00,2019-04-24 08:00,0.124,5.836
2019-04-24 08:00,2019-04-24 09:00,0.146,6.103
2019-04-24 09:00,2019-04-24 10:00,0.093,5.420
2019-04-24 10:00,2019-04-24 11:00,0.064,4.955
2019-04-24 11:00,2019-04-24 12:00,0.049,4.666
2019-04-24 12:00,2019-04-24 13:00,0.049,4.660
2019-04-24 13:00,2019-04-24 14:00,0.067,4.999
2019-04-24 14:00,2019-04-24 15:00,0.100,5.515
2019-04-24 15:00,2019-04-24 16:00,0.150,6.155
2019-04-24 16:00,2019-04-24 17:00,0.212,6.810
2019-04-24 17:00,2019-04-24 18:00,0.374,8.262
2019-04-24 18:00,2019-04-24 19:00,0.584,10.049
2019-04-24 19:00,2019-04-24 20:00,0.627,10.440
2019-04-24 20:00,2019-04-24 21:00,0.606,10.254
2019-04-24 21:00,2019-04-24 22:00,0.577,9.993
2019-04-24 22:00,2019-04-24 23:00,0.546,9.716
2019-04-24 23:00,2019-04-25 00:00,0.500,9.322
2019-04-25 00:00,2019-04-25 01:00,0.453,8.921
2019-04-25 01:00,2019-04-25 02:00,0.421,8.664
2019-04-25 02:00,2019-04-25 03:00,0.400,8.487
2019-04-25 03:00,2019-04-25 04:00,0.384,8.358
2019-04-25 04:00,2019-04-25 05:00,0.376,8.290
2019-04-25 05:00,2019-04-25 06:00,0.357,8.123
2019-04-25 06:00,2019-04-25 07:00,0.306,7.693
2019-04-25 07:00,2019-04-25 08:00,0.247,7.144
2019-04-25 08:00,2019-04-25 09:00,0.342,7.989
2019-04-25 09:00,2019-04-25 10:00,0.595,10.148
2019-04-25 10:00,2019-04-25 11:00,0.584,10.053
2019-04-25 11:00,2019-04-25 12:00,0.495,9.284
2019-04-25 12:00,2019-04-25 13:00,0.412,8.581
2019-04-25 13:00,2019-04-25 14:00,0.358,8.135
2019-04-25 14:00,2019-04-25 15:00,0.341,7.985
2019-04-25 15:00,2019-04-25 16:00,0.342,8.000
2019-04-25 16:00,2019-04-25 17:00,0.303,7.651
2019-04-25 17:00,2019-04-25 18:00,0.345,8.025
2019-04-25 18:00,2019-04-25 19:00,0.491,9.238
2019-04-25 19:00,2019-04-25 20:00,0.609,10.278
2019-04-25 20:00,2019-04-25 21:00,0.666,10.821
2019-04-25 21:00,2019-04-25 22:00,0.664,10.804
2019-04-25 22:00,2019-04-25 23:00,0.620,10.369
2019-04-25 23:00,2019-04-26 00:00,0.528,9.559
2019-04-26 00:00,2019-04-26 01:00,0.456,8.958
2019-04-26 01:00,2019-04-26 02:00,0.382,8.329
2019-04-26 02:00,2019-04-26 03:00,0.339,7.977
2019-04-26 03:00,2019-04-26 04:00,0.317,7.778
2019-04-26 04:00,2019-04-26 05:00,0.302,7.647
2019-04-26 05:00,2019-04-26 06:00,0.285,7.496
2019-04-26 06:00,2019-04-26 07:00,0.194,6.626
2019-04-26 07:00,2019-04-26 08:00,0.070,5.054
2019-04-26 08:00,2019-04-26 09:00,0.221,6.904
2019-04-26 09:00,2019-04-26 10:00,0.473,9.099
2019-04-26 10:00,2019-04-26 11:00,0.469,9.063
2019-04-26 11:00,2019-04-26 12:00,0.451,8.914
2019-04-26 12:00,2019-04-26 13:00,0.420,8.650
2019-04-26 13:00,2019-04-26 14:00,0.384,8.352
2019-04-26 14:00,2019-04-26 15:00,0.357,8.119
2019-04-26 15:00,2019-04-26 16:00,0.340,7.982
2019-04-26 16:00,2019-04-26 17:00,0.298,7.615
2019-04-26 17:00,2019-04-26 18:00,0.311,7.733
2019-04-26 18:00,2019-04-26 19:00,0.368,8.219
2019-04-26 19:00,2019-04-26 20:00,0.404,8.514
2019-04-26 20:00,2019-04-26 21:00,0.414,8.610
2019-04-26 21:00,2019-04-26 22:00,0.394,8.435
2019-04-26 22:00,2019-04-26 23:00,0.366,8.203
2019-04-26 23:00,2019-04-27 00:00,0.347,8.030
2019-04-27 00:00,2019-04-27 01:00,0.337,7.955
2019-04-27 01:00,2019-04-27 02:00,0.326,7.863
2019-04-27 02:00,2019-04-27 03:00,0.307,7.694
2019-04-27 03:00,2019-04-27 04:00,0.291,7.555
2019-04-27 04:00,2019-04-27 05:00,0.283,7.481
2019-04-27 05:00,2019-04-27 06:00,0.275,7.398
2019-04-27 06:00,2019-04-27 07:00,0.191,6.594
2019-04-27 07:00,2019-04-27 08:00,0.064,4.951
2019-04-27 08:00,2019-04-27 09:00,0.116,5.731
2019-04-27 09:00,2019-04-27 10:00,0.374,8.271
2019-04-27 10:00,2019-04-27 11:00,0.366,8.207
2019-04-27 11:00,2019-04-27 12:00,0.356,8.115
2019-04-27 12:00,2019-04-27 13:00,0.334,7.922
2019-04-27 13:00,2019-04-27 14:00,0.318,7.782
2019-04-27 14:00,2019-04-27 15:00,0.314,7.755
2019-04-27 15:00,2019-04-27 16:00,0.315,7.762
2019-04-27 16:00,2019-04-27 17:00,0.290,7.548
2019-04-27 17:00,2019-04-27 18:00,0.326,7.864
2019-04-27 18:00,2019-04-27 19:00,0.415,8.615
2019-04-27 19:00,2019-04-27 20:00,0.477,9.134
2019-04-27 20:00,2019-04-27 21:00,0.494,9.278
2019-04-27 21:00,2019-04-27 22:00,0.473,9.100
2019-04-27 22:00,2019-04-27 23:00,0.450,8.902
2019-04-27 23:00,2019-04-28 00:00,0.429,8.730
2019-04-28 00:00,2019-04-28 01:00,0.406,8.537
2019-04-28 01:00,2019-04-28 02:00,0.384,8.350
2019-04-28 02:00,2019-04-28 03:00,0.367,8.210
2019-04-28 03:00,2019-04-28 04:00,0.350,8.067
2019-04-28 04:00,2019-04-28 05:00,0.338,7.965
2019-04-28 05:00,2019-04-28 06:00,0.328,7.883
2019-04-28 06:00,2019-04-28 07:00,0.245,7.129
2019-04-28 07:00,2019-04-28 08:00,0.083,5.264
2019-04-28 08:00,2019-04-28 09:00,0.160,6.267
2019-04-28 09:00,2019-04-28 10:00,0.384,8.355
2019-04-28 10:00,2019-04-28 11:00,0.316,7.771
2019-04-28 11:00,2019-04-28 12:00,0.260,7.271
2019-04-28 12:00,2019-04-28 13:00,0.221,6.907
2019-04-28 13:00,2019-04-28 14:00,0.207,6.760
2019-04-28 14:00,2019-04-28 15:00,0.199,6.682
2019-04-28 15:00,2019-04-28 16:00,0.190,6.580
2019-04-28 16:00,2019-04-28 17:00,0.170,6.370
2019-04-28 17:00,2019-04-28 18:00,0.216,6.846
2019-04-28 18:00,2019-04-28 19:00,0.299,7.623
2019-04-28 19:00,2019-04-28 20:00,0.355,8.112
2019-04-28 20:00,2019-04-28 21:00,0.374,8.266
2019-04-28 21:00,2019-04-28 22:00,0.374,8.266
2019-04-28 22:00,2019-04-28 23:00,0.358,8.138
2019-04-28 23:00,2019-04-29 00:00,0.336,7.953
2019-04-29 00:00,2019-04-29 01:00,0.311,7.733
2019-04-29 01:00,2019-04-29 02:00,0.285,7.494
2019-04-29 02:00,2019-04-29 03:00,0.269,7.352
2019-04-29 03:00,2019-04-29 04:00,0.263,7.298
2019-04-29 04:00,2019-04-29 05:00,0.258,7.251
2019-04-29 05:00,2019-04-29 06:00,0.237,7.059
2019-04-29 06:00,2019-04-29 07:00,0.164,6.305
2019-04-29 07:00,2019-04-29 08:00,0.050,4.689
2019-04-29 08:00,2019-04-29 09:00,0.039,4.444
2019-04-29 09:00,2019-04-29 10:00,0.043,4.534
2019-04-29 10:00,2019-04-29 11:00,0.025,4.081
2019-04-29 11:00,2019-04-29 12:00,0.022,3.967
2019-04-29 12:00,2019-04-29 13:00,0.020,3.927
2019-04-29 13:00,2019-04-29 14:00,0.021,3.958
2019-04-29 14:00,2019-04-29 15:00,0.024,4.032
2019-04-29 15:00,2019-04-29 16:00,0.027,4.137
2019-04-29 16:00,2019-04-29 17:00,0.031,4.257
2019-04-29 17:00,2019-04-29 18:00,0.057,4.826
2019-04-29 18:00,2019-04-29 19:00,0.090,5.379
2019-04-29 19:00,2019-04-29 20:00,0.117,5.741
2019-04-29 20:00,2019-04-29 21:00,0.133,5.944
2019-04-29 21:00,2019-04-29 22:00,0.139,6.016
2019-04-29 22:00,2019-04-29 23:00,0.134,5.955
2019-04-29 23:00,2019-04-30 00:00,0.127,5.879
2019-04-30 00:00,2019-04-30 01:00,0.125,5.853
2019-04-30 01:00,2019-04-30 02:00,0.125,5.855
2019-04-30 02:00,2019-04-30 03:00,0.126,5.860
2019-04-30 03:00,2019-04-30 04:00,0.127,5.874
2019-04-30 04:00,2019-04-30 05:00,0.126,5.857
2019-04-30 05:00,2019-04-30 06:00,0.115,5.712
2019-04-30 06:00,2019-04-30 07:00,0.084,5.279
2019-04-30 07:00,2019-04-30 08:00,0.022,3.971
2019-04-30 08:00,2019-04-30 09:00,0.003,2.926
2019-04-30 09:00,2019-04-30 10:00,0,1.047
2019-04-30 10:00,2019-04-30 11:00,0,1.039
2019-04-30 11:00,2019-04-30 12:00,0,1.567
2019-04-30 12:00,2019-04-30 13:00,0,2.045
2019-04-30 13:00,2019-04-30 14:00,0.001,2.542
2019-04-30 14:00,2019-04-30 15:00,0.003,2.932
2019-04-30 15:00,2019-04-30 16:00,0.005,3.127
2019-04-30 16:00,2019-04-30 17:00,0.009,3.429
2019-04-30 17:00,2019-04-30 18:00,0.034,4.318
2019-04-30 18:00,2019-04-30 19:00,0.070,5.052
2019-04-30 19:00,2019-04-30 20:00,0.095,5.445
2019-04-30 20:00,2019-04-30 21:00,0.097,5.475
2019-04-30 21:00,2019-04-30 22:00,0.079,5.202
2019-04-30 22:00,2019-04-30 23:00,0.058,4.853
2019-04-30 23:00,2019-05-01 00:00,0.043,4.546
2019-05-01 00:00,2019-05-01 01:00,0.034,4.331
2019-05-01 01:00,2019-05-01 02:00,0.029,4.197
2019-05-01 02:00,2019-05-01 03:00,0.026,4.103
2019-05-01 03:00,2019-05-01 04:00,0.022,3.975
2019-05-01 04:00,2019-05-01 05:00,0.018,3.828
2019-05-01 05:00,2019-05-01 06:00,0.015,3.698
2019-05-01 06:00,2019-05-01 07:00,0.008,3.342
2019-05-01 07:00,2019-05-01 08:00,0.004,3.013
2019-05-01 08:00,2019-05-01 09:00,0.013,3.633
2019-05-01 09:00,2019-05-01 10:00,0.024,4.042
2019-05-01 10:00,2019-05-01 11:00,0.027,4.124
2019-05-01 11:00,2019-05-01 12:00,0.027,4.138
2019-05-01 12:00,2019-05-01 13:00,0.026,4.113
2019-05-01 13:00,2019-05-01 14:00,0.023,4.025
2019-05-01 14:00,2019-05-01 15:00,0.022,3.999
2019-05-01 15:00,2019-05-01 16:00,0.026,4.110
2019-05-01 16:00,2019-05-01 17:00,0.039,4.450
2019-05-01 17:00,2019-05-01 18:00,0.097,5.463
2019-05-01 18:00,2019-05-01 19:00,0.192,6.601
2019-05-01 19:00,2019-05-01 20:00,0.253,7.207
2019-05-01 20:00,2019-05-01 21:00,0.267,7.331
2019-05-01 21:00,2019-05-01 22:00,0.253,7.214
2019-05-01 22:00,2019-05-01 23:00,0.240,7.077
2019-05-01 23:00,2019-05-02 00:00,0.228,6.976
2019-05-02 00:00,2019-05-02 01:00,0.217,6.857
2019-05-02 01:00,2019-05-02 02:00,0.199,6.672
2019-05-02 02:00,2019-05-02 03:00,0.170,6.374
2019-05-02 03:00,2019-05-02 04:00,0.132,5.939
2019-05-02 04:00,2019-05-02 05:00,0.097,5.475
2019-05-02 05:00,2019-05-02 06:00,0.069,5.038
2019-05-02 06:00,2019-05-02 07:00,0.066,4.991
2019-05-02 07:00,2019-05-02 08:00,0.141,6.036
2019-05-02 08:00,2019-05-02 09:00,0.115,5.713
2019-05-02 09:00,2019-05-02 10:00,0.051,4.704
2019-05-02 10:00,2019-05-02 11:00,0.014,3.665
2019-05-02 11:00,2019-05-02 12:00,0.002,2.780
2019-05-02 12:00,2019-05-02 13:00,0,2.130
2019-05-02 13:00,2019-05-02 14:00,0,1.644
2019-05-02 14:00,2019-05-02 15:00,0,1.178
2019-05-02 15:00,2019-05-02 16:00,0,0.910
2019-05-02 16:00,2019-05-02 17:00,0,0.870
2019-05-02 17:00,2019-05-02 18:00,0,0.861
2019-05-02 18:00,2019-05-02 19:00,0,0.850
2019-05-02 19:00,2019-05-02 20:00,0,0.743
2019-05-02 20:00,2019-05-02 21:00,0,0.692
2019-05-02 21:00,2019-05-02 22:00,0,0.855
2019-05-02 22:00,2019-05-02 23:00,0,0.986
2019-05-02 23:00,2019-05-03 00:00,0,1.035
2019-05-03 00:00,2019-05-03 01:00,0,1.074
2019-05-03 01:00,2019-05-03 02:00,0,1.174
2019-05-03 02:00,2019-05-03 03:00,0,1.393
2019-05-03 03:00,2019-05-03 04:00,0,2.045
2019-05-03 04:00,2019-05-03 05:00,0.003,2.945
2019-05-03 05:00,2019-05-03 06:00,0.015,3.717
2019-05-03 06:00,2019-05-03 07:00,0.024,4.042
2019-05-03 07:00,2019-05-03 08:00,0.039,4.460
2019-05-03 08:00,2019-05-03 09:00,0.032,4.272
2019-05-03 09:00,2019-05-03 10:00,0.004,3.005
2019-05-03 10:00,2019-05-03 11:00,0,1.694
2019-05-03 11:00,2019-05-03 12:00,0,0.963
2019-05-03 12:00,2019-05-03 13:00,0,1.869
2019-05-03 13:00,2019-05-03 14:00,0.041,4.503
2019-05-03 14:00,2019-05-03 15:00,0.184,6.529
2019-05-03 15:00,2019-05-03 16:00,0.303,7.650
2019-05-03 16:00,2019-05-03 17:00,0.275,7.411
2019-05-03 17:00,2019-05-03 18:00,0.061,4.900
2019-05-03 18:00,2019-05-03 19:00,0.001,2.511
2019-05-03 19:00,2019-05-03 20:00,0.007,3.282
2019-05-03 20:00,2019-05-03 21:00,0.044,4.571
2019-05-03 21:00,2019-05-03 22:00,0.105,5.583
2019-05-03 22:00,2019-05-03 23:00,0.163,6.299
2019-05-03 23:00,2019-05-04 00:00,0.190,6.590
2019-05-04 00:00,2019-05-04 01:00,0.171,6.390
2019-05-04 01:00,2019-05-04 02:00,0.137,5.997
2019-05-04 02:00,2019-05-04 03:00,0.098,5.488
2019-05-04 03:00,2019-05-04 04:00,0.060,4.872
2019-05-04 04:00,2019-05-04 05:00,0.034,4.333
2019-05-04 05:00,2019-05-04 06:00,0.018,3.853
2019-05-04 06:00,2019-05-04 07:00,0.005,3.173
2019-05-04 07:00,2019-05-04 08:00,0.006,3.210
2019-05-04 08:00,2019-05-04 09:00,0.002,2.762
2019-05-04 09:00,2019-05-04 10:00,0,1.827
2019-05-04 10:00,2019-05-04 11:00,0,1.982
2019-05-04 11:00,2019-05-04 12:00,0.002,2.667
2019-05-04 12:00,2019-05-04 13:00,0.004,3.025
2019-05-04 13:00,2019-05-04 14:00,0.004,3.044
2019-05-04 14:00,2019-05-04 15:00,0.004,3.035
2019-05-04 15:00,2019-05-04 16:00,0.004,3.074
2019-05-04 16:00,2019-05-04 17:00,0.005,3.133
2019-05-04 17:00,2019-05-04 18:00,0.005,3.153
2019-05-04 18:00,2019-05-04 19:00,0.008,3.358
2019-05-04 19:00,2019-05-04 20:00,0.014,3.692
2019-05-04 20:00,2019-05-04 21:00,0.024,4.066
2019-05-04 21:00,2019-05-04 22:00,0.030,4.225
2019-05-04 22:00,2019-05-04 23:00,0.027,4.121
2019-05-04 23:00,2019-05-05 00:00,0.021,3.939
2019-05-05 00:00,2019-05-05 01:00,0.015,3.742
2019-05-05 01:00,2019-05-05 02:00,0.010,3.466
2019-05-05 02:00,2019-05-05 03:00,0.005,3.123
2019-05-05 03:00,2019-05-05 04:00,0.003,2.892
2019-05-05 04:00,2019-05-05 05:00,0.001,2.616
2019-05-05 05:00,2019-05-05 06:00,0.001,2.358
2019-05-05 06:00,2019-05-05 07:00,0,2.089
2019-05-05 07:00,2019-05-05 08:00,0,1.833
2019-05-05 08:00,2019-05-05 09:00,0,1.598
2019-05-05 09:00,2019-05-05 10:00,0.002,2.814
2019-05-05 10:00,2019-05-05 11:00,0.007,3.328
2019-05-05 11:00,2019-05-05 12:00,0.008,3.383
2019-05-05 12:00,2019-05-05 13:00,0.011,3.514
2019-05-05 13:00,2019-05-05 14:00,0.015,3.744
2019-05-05 14:00,2019-05-05 15:00,0.020,3.906
2019-05-05 15:00,2019-05-05 16:00,0.024,4.049
2019-05-05 16:00,2019-05-05 17:00,0.023,4.025
2019-05-05 17:00,2019-05-05 18:00,0.021,3.954
2019-05-05 18:00,2019-05-05 19:00,0.039,4.444
2019-05-05 19:00,2019-05-05 20:00,0.080,5.229
2019-05-05 20:00,2019-05-05 21:00,0.142,6.060
2019-05-05 21:00,2019-05-05 22:00,0.194,6.628
2019-05-05 22:00,2019-05-05 23:00,0.212,6.812
2019-05-05 23:00,2019-05-06 00:00,0.203,6.710
2019-05-06 00:00,2019-05-06 01:00,0.175,6.421
2019-05-06 01:00,2019-05-06 02:00,0.139,6.014
2019-05-06 02:00,2019-05-06 03:00,0.103,5.554
2019-05-06 03:00,2019-05-06 04:00,0.074,5.127
2019-05-06 04:00,2019-05-06 05:00,0.054,4.764
2019-05-06 05:00,2019-05-06 06:00,0.039,4.460
2019-05-06 06:00,2019-05-06 07:00,0.024,4.036
2019-05-06 07:00,2019-05-06 08:00,0.012,3.583
2019-05-06 08:00,2019-05-06 09:00,0.027,4.141
2019-05-06 09:00,2019-05-06 10:00,0.055,4.789
2019-05-06 10:00,2019-05-06 11:00,0.061,4.902
2019-05-06 11:00,2019-05-06 12:00,0.049,4.671
2019-05-06 12:00,2019-05-06 13:00,0.031,4.239
2019-05-06 13:00,2019-05-06 14:00,0.019,3.876
2019-05-06 14:00,2019-05-06 15:00,0.014,3.682
2019-05-06 15:00,2019-05-06 16:00,0.012,3.575
2019-05-06 16:00,2019-05-06 17:00,0.009,3.426
2019-05-06 17:00,2019-05-06 18:00,0.009,3.426
2019-05-06 18:00,2019-05-06 19:00,0.019,3.871
2019-05-06 19:00,2019-05-06 20:00,0.041,4.496
2019-05-06 20:00,2019-05-06 21:00,0.072,5.085
2019-05-06 21:00,2019-05-06 22:00,0.104,5.561
2019-05-06 22:00,2019-05-06 23:00,0.123,5.829
2019-05-06 23:00,2019-05-07 00:00,0.128,5.887
2019-05-07 00:00,2019-05-07 01:00,0.123,5.820
2019-05-07 01:00,2019-05-07 02:00,0.113,5.695
2019-05-07 02:00,2019-05-07 03:00,0.103,5.557
2019-05-07 03:00,2019-05-07 04:00,0.090,5.378
2019-05-07 04:00,2019-05-07 05:00,0.075,5.148
2019-05-07 05:00,2019-05-07 06:00,0.061,4.892
2019-05-07 06:00,2019-05-07 07:00,0.038,4.437
2019-05-07 07:00,2019-05-07 08:00,0.013,3.627
2019-05-07 08:00,2019-05-07 09:00,0.012,3.597
2019-05-07 09:00,2019-05-07 10:00,0.010,3.453
2019-05-07 10:00,2019-05-07 11:00,0.003,2.961
2019-05-07 11:00,2019-05-07 12:00,0,2.303
2019-05-07 12:00,2019-05-07 13:00,0,1.288
2019-05-07 13:00,2019-05-07 14:00,0,0.342
2019-05-07 14:00,2019-05-07 15:00,0,0.219
2019-05-07 15:00,2019-05-07 16:00,0,0.634
2019-05-07 16:00,2019-05-07 17:00,0,1.029
2019-05-07 17:00,2019-05-07 18:00,0,1.284
2019-05-07 18:00,2019-05-07 19:00,0,1.565
2019-05-07 19:00,2019-05-07 20:00,0,1.818
2019-05-07 20:00,2019-05-07 21:00,0,2.022
2019-05-07 21:00,2019-05-07 22:00,0,2.184
2019-05-07 22:00,2019-05-07 23:00,0.001,2.339
2019-05-07 23:00,2019-05-08 00:00,0.001,2.584
2019-05-08 00:00,2019-05-08 01:00,0.003,2.877
2019-05-08 01:00,2019-05-08 02:00,0.004,3.059
2019-05-08 02:00,2019-05-08 03:00,0.004,3.024
2019-05-08 03:00,2019-05-08 04:00,0.004,3.000
2019-05-08 04:00,2019-05-08 05:00,0.009,3.410
2019-05-08 05:00,2019-05-08 06:00,0.031,4.248
2019-05-08 06:00,2019-05-08 07:00,0.055,4.781
2019-05-08 07:00,2019-05-08 08:00,0.064,4.952
2019-05-08 08:00,2019-05-08 09:00,0.104,5.570
2019-05-08 09:00,2019-05-08 10:00,0.092,5.396
2019-05-08 10:00,2019-05-08 11:00,0.058,4.850
2019-05-08 11:00,2019-05-08 12:00,0.030,4.219
2019-05-08 12:00,2019-05-08 13:00,0.013,3.643
2019-05-08 13:00,2019-05-08 14:00,0.005,3.113
2019-05-08 14:00,2019-05-08 15:00,0.001,2.609
2019-05-08 15:00,2019-05-08 16:00,0,2.077
2019-05-08 16:00,2019-05-08 17:00,0,1.615
2019-05-08 17:00,2019-05-08 18:00,0,1.397
2019-05-08 18:00,2019-05-08 19:00,0,1.591
2019-05-08 19:00,2019-05-08 20:00,0,1.841
2019-05-08 20:00,2019-05-08 21:00,0,2.112
2019-05-08 21:00,2019-05-08 22:00,0.002,2.783
2019-05-08 22:00,2019-05-08 23:00,0.019,3.881
2019-05-08 23:00,2019-05-09 00:00,0.071,5.076
2019-05-09 00:00,2019-05-09 01:00,0.143,6.073
2019-05-09 01:00,2019-05-09 02:00,0.192,6.602
2019-05-09 02:00,2019-05-09 03:00,0.244,7.122
2019-05-09 03:00,2019-05-09 04:00,0.279,7.443
2019-05-09 04:00,2019-05-09 05:00,0.233,7.008
2019-05-09 05:00,2019-05-09 06:00,0.183,6.519
2019-05-09 06:00,2019-05-09 07:00,0.219,6.883
2019-05-09 07:00,2019-05-09 08:00,0.218,6.868
2019-05-09 08:00,2019-05-09 09:00,0.164,6.314
2019-05-09 09:00,2019-05-09 10:00,0.121,5.789
2019-05-09 10:00,2019-05-09 11:00,0.087,5.323
2019-05-09 11:00,2019-05-09 12:00,0.058,4.854
2019-05-09 12:00,2019-05-09 13:00,0.043,4.534
2019-05-09 13:00,2019-05-09 14:00,0.028,4.156
2019-05-09 14:00,2019-05-09 15:00,0.020,3.934
2019-05-09 15:00,2019-05-09 16:00,0.019,3.867
2019-05-09 16:00,2019-05-09 17:00,0.021,3.949
2019-05-09 17:00,2019-05-09 18:00,0.031,4.241
2019-05-09 18:00,2019-05-09 19:00,0.052,4.728
2019-05-09 19:00,2019-05-09 20:00,0.068,5.017
2019-05-09 20:00,2019-05-09 21:00,0.081,5.245
2019-05-09 21:00,2019-05-09 22:00,0.091,5.392
2019-05-09 22:00,2019-05-09 23:00,0.102,5.544
2019-05-09 23:00,2019-05-10 00:00,0.111,5.669
2019-05-10 00:00,2019-05-10 01:00,0.116,5.729
2019-05-10 01:00,2019-05-10 02:00,0.114,5.704
2019-05-10 02:00,2019-05-10 03:00,0.099,5.507
2019-05-10 03:00,2019-05-10 04:00,0.078,5.191
2019-05-10 04:00,2019-05-10 05:00,0.059,4.858
2019-05-10 05:00,2019-05-10 06:00,0.038,4.419
2019-05-10 06:00,2019-05-10 07:00,0.010,3.462
2019-05-10 07:00,2019-05-10 08:00,0.013,3.645
2019-05-10 08:00,2019-05-10 09:00,0.001,2.429
2019-05-10 09:00,2019-05-10 10:00,0,1.324
2019-05-10 10:00,2019-05-10 11:00,0,1.652
2019-05-10 11:00,2019-05-10 12:00,0,2.150
2019-05-10 12:00,2019-05-10 13:00,0.002,2.682
2019-05-10 13:00,2019-05-10 14:00,0.007,3.318
2019-05-10 14:00,2019-05-10 15:00,0.024,4.037
2019-05-10 15:00,2019-05-10 16:00,0.051,4.703
2019-05-10 16:00,2019-05-10 17:00,0.085,5.285
2019-05-10 17:00,2019-05-10 18:00,0.118,5.766
2019-05-10 18:00,2019-05-10 19:00,0.208,6.765
2019-05-10 19:00,2019-05-10 20:00,0.304,7.658
2019-05-10 20:00,2019-05-10 21:00,0.357,8.118
2019-05-10 21:00,2019-05-10 22:00,0.352,8.079
2019-05-10 22:00,2019-05-10 23:00,0.318,7.792
2019-05-10 23:00,2019-05-11 00:00,0.292,7.568
2019-05-11 00:00,2019-05-11 01:00,0.299,7.625
2019-05-11 01:00,2019-05-11 02:00,0.342,7.995
2019-05-11 02:00,2019-05-11 03:00,0.280,7.455
2019-05-11 03:00,2019-05-11 04:00,0.175,6.423
2019-05-11 04:00,2019-05-11 05:00,0.172,6.402
2019-05-11 05:00,2019-05-11 06:00,0.158,6.232
2019-05-11 06:00,2019-05-11 07:00,0.055,4.790
2019-05-11 07:00,2019-05-11 08:00,0.004,3.062
2019-05-11 08:00,2019-05-11 09:00,0.020,3.902
2019-05-11 09:00,2019-05-11 10:00,0.109,5.640
2019-05-11 10:00,2019-05-11 11:00,0.102,5.537
2019-05-11 11:00,2019-05-11 12:00,0.083,5.268
2019-05-11 12:00,2019-05-11 13:00,0.061,4.903
2019-05-11 13:00,2019-05-11 14:00,0.041,4.501
2019-05-11 14:00,2019-05-11 15:00,0.027,4.119
2019-05-11 15:00,2019-05-11 16:00,0.019,3.872
2019-05-11 16:00,2019-05-11 17:00,0.010,3.488
2019-05-11 17:00,2019-05-11 18:00,0.007,3.306
2019-05-11 18:00,2019-05-11 19:00,0.007,3.269
2019-05-11 19:00,2019-05-11 20:00,0.004,2.984
2019-05-11 20:00,2019-05-11 21:00,0.001,2.487
2019-05-11 21:00,2019-05-11 22:00,0.001,2.530
2019-05-11 22:00,2019-05-11 23:00,0.005,3.102
2019-05-11 23:00,2019-05-12 00:00,0.011,3.516
2019-05-12 00:00,2019-05-12 01:00,0.016,3.785
2019-05-12 01:00,2019-05-12 02:00,0.022,3.977
2019-05-12 02:00,2019-05-12 03:00,0.026,4.110
2019-05-12 03:00,2019-05-12 04:00,0.030,4.217
2019-05-12 04:00,2019-05-12 05:00,0.029,4.211
2019-05-12 05:00,2019-05-12 06:00,0.023,4.006
2019-05-12 06:00,2019-05-12 07:00,0.011,3.522
2019-05-12 07:00,2019-05-12 08:00,0.001,2.632
2019-05-12 08:00,2019-05-12 09:00,0,2.286
2019-05-12 09:00,2019-05-12 10:00,0.034,4.325
2019-05-12 10:00,2019-05-12 11:00,0.124,5.836
2019-05-12 11:00,2019-05-12 12:00,0.193,6.618
2019-05-12 12:00,2019-05-12 13:00,0.224,6.924
2019-05-12 13:00,2019-05-12 14:00,0.230,6.983
2019-05-12 14:00,2019-05-12 15:00,0.231,6.994
2019-05-12 15:00,2019-05-12 16:00,0.215,6.835
2019-05-12 16:00,2019-05-12 17:00,0.167,6.331
2019-05-12 17:00,2019-05-12 18:00,0.182,6.511
2019-05-12 18:00,2019-05-12 19:00,0.275,7.403
2019-05-12 19:00,2019-05-12 20:00,0.374,8.272
2019-05-12 20:00,2019-05-12 21:00,0.441,8.826
2019-05-12 21:00,2019-05-12 22:00,0.468,9.060
2019-05-12 22:00,2019-05-12 23:00,0.468,9.050
2019-05-12 23:00,2019-05-13 00:00,0.444,8.860
2019-05-13 00:00,2019-05-13 01:00,0.410,8.565
2019-05-13 01:00,2019-05-13 02:00,0.368,8.224
2019-05-13 02:00,2019-05-13 03:00,0.326,7.861
2019-05-13 03:00,2019-05-13 04:00,0.271,7.377
2019-05-13 04:00,2019-05-13 05:00,0.215,6.842
2019-05-13 05:00,2019-05-13 06:00,0.158,6.233
2019-05-13 06:00,2019-05-13 07:00,0.073,5.113
2019-05-13 07:00,2019-05-13 08:00,0.026,4.097
2019-05-13 08:00,2019-05-13 09:00,0.044,4.562
2019-05-13 09:00,2019-05-13 10:00,0.057,4.831
2019-05-13 10:00,2019-05-13 11:00,0.036,4.367
2019-05-13 11:00,2019-05-13 12:00,0.018,3.847
2019-05-13 12:00,2019-05-13 13:00,0.010,3.458
2019-05-13 13:00,2019-05-13 14:00,0.008,3.367
2019-05-13 14:00,2019-05-13 15:00,0.013,3.613
2019-05-13 15:00,2019-05-13 16:00,0.025,4.072
2019-05-13 16:00,2019-05-13 17:00,0.046,4.598
2019-05-13 17:00,2019-05-13 18:00,0.104,5.570
2019-05-13 18:00,2019-05-13 19:00,0.224,6.925
2019-05-13 19:00,2019-05-13 20:00,0.354,8.098
2019-05-13 20:00,2019-05-13 21:00,0.444,8.860
2019-05-13 21:00,2019-05-13 22:00,0.476,9.128
2019-05-13 22:00,2019-05-13 23:00,0.453,8.919
2019-05-13 23:00,2019-05-14 00:00,0.396,8.458
2019-05-14 00:00,2019-05-14 01:00,0.337,7.954
2019-05-14 01:00,2019-05-14 02:00,0.277,7.427
2019-05-14 02:00,2019-05-14 03:00,0.224,6.932
2019-05-14 03:00,2019-05-14 04:00,0.184,6.525
2019-05-14 04:00,2019-05-14 05:00,0.159,6.251
2019-05-14 05:00,2019-05-14 06:00,0.153,6.182
2019-05-14 06:00,2019-05-14 07:00,0.146,6.106
2019-05-14 07:00,2019-05-14 08:00,0.148,6.131
2019-05-14 08:00,2019-05-14 09:00,0.093,5.421
2019-05-14 09:00,2019-05-14 10:00,0.038,4.439
2019-05-14 10:00,2019-05-14 11:00,0.009,3.399
2019-05-14 11:00,2019-05-14 12:00,0.001,2.640
2019-05-14 12:00,2019-05-14 13:00,0,2.278
2019-05-14 13:00,2019-05-14 14:00,0,1.997
2019-05-14 14:00,2019-05-14 15:00,0,1.719
2019-05-14 15:00,2019-05-14 16:00,0,1.490
2019-05-14 16:00,2019-05-14 17:00,0,1.249
2019-05-14 17:00,2019-05-14 18:00,0,1.067
2019-05-14 18:00,2019-05-14 19:00,0,1.337
2019-05-14 19:00,2019-05-14 20:00,0,1.693
2019-05-14 20:00,2019-05-14 21:00,0,2.043
2019-05-14 21:00,2019-05-14 22:00,0.001,2.355
2019-05-14 22:00,2019-05-14 23:00,0.001,2.600
2019-05-14 23:00,2019-05-15 00:00,0.002,2.739
2019-05-15 00:00,2019-05-15 01:00,0.002,2.744
2019-05-15 01:00,2019-05-15 02:00,0.001,2.637
2019-05-15 02:00,2019-05-15 03:00,0.001,2.455
2019-05-15 03:00,2019-05-15 04:00,0,2.212
2019-05-15 04:00,2019-05-15 05:00,0,1.956
2019-05-15 05:00,2019-05-15 06:00,0,1.778
2019-05-15 06:00,2019-05-15 07:00,0,1.646
2019-05-15 07:00,2019-05-15 08:00,0,2.121
2019-05-15 08:00,2019-05-15 09:00,0,2.278
2019-05-15 09:00,2019-05-15 10:00,0,1.859
2019-05-15 10:00,2019-05-15 11:00,0,1.409
2019-05-15 11:00,2019-05-15 12:00,0,1.010
2019-05-15 12:00,2019-05-15 13:00,0,0.767
2019-05-15 13:00,2019-05-15 14:00,0,0.510
2019-05-15 14:00,2019-05-15 15:00,0,0.423
2019-05-15 15:00,2019-05-15 16:00,0,0.452
2019-05-15 16:00,2019-05-15 17:00,0,0.723
2019-05-15 17:00,2019-05-15 18:00,0,1.153
2019-05-15 18:00,2019-05-15 19:00,0,2.072
2019-05-15 19:00,2019-05-15 20:00,0.006,3.199
2019-05-15 20:00,2019-05-15 21:00,0.031,4.264
2019-05-15 21:00,2019-05-15 22:00,0.070,5.041
2019-05-15 22:00,2019-05-15 23:00,0.107,5.616
2019-05-15 23:00,2019-05-16 00:00,0.151,6.160
2019-05-16 00:00,2019-05-16 01:00,0.196,6.648
2019-05-16 01:00,2019-05-16 02:00,0.224,6.931
2019-05-16 02:00,2019-05-16 03:00,0.238,7.069
2019-05-16 03:00,2019-05-16 04:00,0.262,7.283
2019-05-16 04:00,2019-05-16 05:00,0.311,7.733
2019-05-16 05:00,2019-05-16 06:00,0.360,8.148
2019-05-16 06:00,2019-05-16 07:00,0.430,8.734
2019-05-16 07:00,2019-05-16 08:00,0.602,10.217
2019-05-16 08:00,2019-05-16 09:00,0.575,9.967
2019-05-16 09:00,2019-05-16 10:00,0.438,8.799
2019-05-16 10:00,2019-05-16 11:00,0.303,7.656
2019-05-16 11:00,2019-05-16 12:00,0.208,6.778
2019-05-16 12:00,2019-05-16 13:00,0.150,6.146
2019-05-16 13:00,2019-05-16 14:00,0.115,5.716
2019-05-16 14:00,2019-05-16 15:00,0.091,5.388
2019-05-16 15:00,2019-05-16 16:00,0.074,5.129
2019-05-16 16:00,2019-05-16 17:00,0.059,4.859
2019-05-16 17:00,2019-05-16 18:00,0.045,4.595
2019-05-16 18:00,2019-05-16 19:00,0.061,4.902
2019-05-16 19:00,2019-05-16 20:00,0.093,5.411
2019-05-16 20:00,2019-05-16 21:00,0.137,6.000
2019-05-16 21:00,2019-05-16 22:00,0.186,6.545
2019-05-16 22:00,2019-05-16 23:00,0.234,7.033
2019-05-16 23:00,2019-05-17 00:00,0.277,7.427
2019-05-17 00:00,2019-05-17 01:00,0.315,7.761
2019-05-17 01:00,2019-05-17 02:00,0.354,8.099
2019-05-17 02:00,2019-05-17 03:00,0.393,8.419
2019-05-17 03:00,2019-05-17 04:00,0.437,8.793
2019-05-17 04:00,2019-05-17 05:00,0.420,8.658
2019-05-17 05:00,2019-05-17 06:00,0.394,8.434
2019-05-17 06:00,2019-05-17 07:00,0.580,10.018
2019-05-17 07:00,2019-05-17 08:00,0.701,11.192
2019-05-17 08:00,2019-05-17 09:00,0.656,10.724
2019-05-17 09:00,2019-05-17 10:00,0.528,9.562
2019-05-17 10:00,2019-05-17 11:00,0.390,8.410
2019-05-17 11:00,2019-05-17 12:00,0.287,7.514
2019-05-17 12:00,2019-05-17 13:00,0.208,6.769
2019-05-17 13:00,2019-05-17 14:00,0.142,6.060
2019-05-17 14:00,2019-05-17 15:00,0.088,5.351
2019-05-17 15:00,2019-05-17 16:00,0.053,4.759
2019-05-17 16:00,2019-05-17 17:00,0.031,4.259
2019-05-17 17:00,2019-05-17 18:00,0.018,3.857
2019-05-17 18:00,2019-05-17 19:00,0.020,3.902
2019-05-17 19:00,2019-05-17 20:00,0.024,4.050
2019-05-17 20:00,2019-05-17 21:00,0.030,4.223
2019-05-17 21:00,2019-05-17 22:00,0.037,4.397
2019-05-17 22:00,2019-05-17 23:00,0.047,4.622
2019-05-17 23:00,2019-05-18 00:00,0.059,4.865
2019-05-18 00:00,2019-05-18 01:00,0.071,5.072
2019-05-18 01:00,2019-05-18 02:00,0.076,5.164
2019-05-18 02:00,2019-05-18 03:00,0.069,5.034
2019-05-18 03:00,2019-05-18 04:00,0.050,4.697
2019-05-18 04:00,2019-05-18 05:00,0.036,4.371
2019-05-18 05:00,2019-05-18 06:00,0.033,4.283
2019-05-18 06:00,2019-05-18 07:00,0.039,4.447
2019-05-18 07:00,2019-05-18 08:00,0.053,4.753
2019-05-18 08:00,2019-05-18 09:00,0.051,4.713
2019-05-18 09:00,2019-05-18 10:00,0.020,3.930
2019-05-18 10:00,2019-05-18 11:00,0.004,3.017
2019-05-18 11:00,2019-05-18 12:00,0.001,2.405
2019-05-18 12:00,2019-05-18 13:00,0,1.925
2019-05-18 13:00,2019-05-18 14:00,0,1.542
2019-05-18 14:00,2019-05-18 15:00,0,1.268
2019-05-18 15:00,2019-05-18 16:00,0,1.270
2019-05-18 16:00,2019-05-18 17:00,0,1.328
2019-05-18 17:00,2019-05-18 18:00,0,1.299
2019-05-18 18:00,2019-05-18 19:00,0,1.231
2019-05-18 19:00,2019-05-18 20:00,0,1.180
2019-05-18 20:00,2019-05-18 21:00,0,1.129
2019-05-18 21:00,2019-05-18 22:00,0,1.083
2019-05-18 22:00,2019-05-18 23:00,0,1.173
2019-05-18 23:00,2019-05-19 00:00,0,1.307
2019-05-19 00:00,2019-05-19 01:00,0,1.431
2019-05-19 01:00,2019-05-19 02:00,0,1.573
2019-05-19 02:00,2019-05-19 03:00,0,1.898
2019-05-19 03:00,2019-05-19 04:00,0.001,2.460
2019-05-19 04:00,2019-05-19 05:00,0.006,3.221
2019-05-19 05:00,2019-05-19 06:00,0.025,4.090
2019-05-19 06:00,2019-05-19 07:00,0.049,4.652
2019-05-19 07:00,2019-05-19 08:00,0.107,5.608
2019-05-19 08:00,2019-05-19 09:00,0.178,6.458
2019-05-19 09:00,2019-05-19 10:00,0.122,5.809
2019-05-19 10:00,2019-05-19 11:00,0.057,4.819
2019-05-19 11:00,2019-05-19 12:00,0.022,3.973
2019-05-19 12:00,2019-05-19 13:00,0.008,3.337
2019-05-19 13:00,2019-05-19 14:00,0.002,2.843
2019-05-19 14:00,2019-05-19 15:00,0.001,2.519
2019-05-19 15:00,2019-05-19 16:00,0,2.275
2019-05-19 16:00,2019-05-19 17:00,0,2.154
2019-05-19 17:00,2019-05-19 18:00,0,2.224
2019-05-19 18:00,2019-05-19 19:00,0.002,2.720
2019-05-19 19:00,2019-05-19 20:00,0.008,3.376
2019-05-19 20:00,2019-05-19 21:00,0.023,4.023
2019-05-19 21:00,2019-05-19 22:00,0.056,4.808
2019-05-19 22:00,2019-05-19 23:00,0.115,5.722
2019-05-19 23:00,2019-05-20 00:00,0.189,6.574
2019-05-20 00:00,2019-05-20 01:00,0.248,7.152
2019-05-20 01:00,2019-05-20 02:00,0.287,7.510
2019-05-20 02:00,2019-05-20 03:00,0.327,7.864
2019-05-20 03:00,2019-05-20 04:00,0.352,8.076
2019-05-20 04:00,2019-05-20 05:00,0.339,7.971
2019-05-20 05:00,2019-05-20 06:00,0.282,7.473
2019-05-20 06:00,2019-05-20 07:00,0.305,7.669
2019-05-20 07:00,2019-05-20 08:00,0.322,7.823
2019-05-20 08:00,2019-05-20 09:00,0.207,6.753
2019-05-20 09:00,2019-05-20 10:00,0.101,5.528
2019-05-20 10:00,2019-05-20 11:00,0.034,4.333
2019-05-20 11:00,2019-05-20 12:00,0.008,3.351
2019-05-20 12:00,2019-05-20 13:00,0.001,2.640
2019-05-20 13:00,2019-05-20 14:00,0,1.690
2019-05-20 14:00,2019-05-20 15:00,0,1.338
2019-05-20 15:00,2019-05-20 16:00,0,2.008
2019-05-20 16:00,2019-05-20 17:00,0.003,2.885
2019-05-20 17:00,2019-05-20 18:00,0.039,4.442
2019-05-20 18:00,2019-05-20 19:00,0.186,6.552
2019-05-20 19:00,2019-05-20 20:00,0.356,8.114
2019-05-20 20:00,2019-05-20 21:00,0.437,8.792
2019-05-20 21:00,2019-05-20 22:00,0.436,8.786
2019-05-20 22:00,2019-05-20 23:00,0.377,8.293
2019-05-20 23:00,2019-05-21 00:00,0.299,7.624
2019-05-21 00:00,2019-05-21 01:00,0.433,8.756
2019-05-21 01:00,2019-05-21 02:00,0.385,8.365
2019-05-21 02:00,2019-05-21 03:00,0.331,7.910
2019-05-21 03:00,2019-05-21 04:00,0.336,7.946
2019-05-21 04:00,2019-05-21 05:00,0.349,8.049
2019-05-21 05:00,2019-05-21 06:00,0.367,8.215
2019-05-21 06:00,2019-05-21 07:00,0.382,8.339
2019-05-21 07:00,2019-05-21 08:00,0.408,8.556
2019-05-21 08:00,2019-05-21 09:00,0.487,9.219
2019-05-21 09:00,2019-05-21 10:00,0.561,9.850
2019-05-21 10:00,2019-05-21 11:00,0.532,9.600
2019-05-21 11:00,2019-05-21 12:00,0.433,8.759
2019-05-21 12:00,2019-05-21 13:00,0.285,7.500
2019-05-21 13:00,2019-05-21 14:00,0.154,6.189
2019-05-21 14:00,2019-05-21 15:00,0.071,5.063
2019-05-21 15:00,2019-05-21 16:00,0.028,4.172
2019-05-21 16:00,2019-05-21 17:00,0.013,3.638
2019-05-21 17:00,2019-05-21 18:00,0.016,3.755
2019-05-21 18:00,2019-05-21 19:00,0.053,4.746
2019-05-21 19:00,2019-05-21 20:00,0.126,5.862
2019-05-21 20:00,2019-05-21 21:00,0.208,6.777
2019-05-21 21:00,2019-05-21 22:00,0.271,7.369
2019-05-21 22:00,2019-05-21 23:00,0.306,7.690
2019-05-21 23:00,2019-05-22 00:00,0.311,7.728
2019-05-22 00:00,2019-05-22 01:00,0.291,7.559
2019-05-22 01:00,2019-05-22 02:00,0.267,7.333
2019-05-22 02:00,2019-05-22 03:00,0.245,7.133
2019-05-22 03:00,2019-05-22 04:00,0.222,6.914
2019-05-22 04:00,2019-05-22 05:00,0.192,6.611
2019-05-22 05:00,2019-05-22 06:00,0.146,6.102
2019-05-22 06:00,2019-05-22 07:00,0.127,5.870
2019-05-22 07:00,2019-05-22 08:00,0.131,5.928
2019-05-22 08:00,2019-05-22 09:00,0.109,5.636
2019-05-22 09:00,2019-05-22 10:00,0.053,4.746
2019-05-22 10:00,2019-05-22 11:00,0.014,3.662
2019-05-22 11:00,2019-05-22 12:00,0.002,2.728
2019-05-22 12:00,2019-05-22 13:00,0,1.946
2019-05-22 13:00,2019-05-22 14:00,0,1.268
2019-05-22 14:00,2019-05-22 15:00,0,0.928
2019-05-22 15:00,2019-05-22 16:00,0,0.867
2019-05-22 16:00,2019-05-22 17:00,0,0.955
2019-05-22 17:00,2019-05-22 18:00,0,0.845
2019-05-22 18:00,2019-05-22 19:00,0,0.586
2019-05-22 19:00,2019-05-22 20:00,0,0.293
2019-05-22 20:00,2019-05-22 21:00,0,0.626
2019-05-22 21:00,2019-05-22 22:00,0,1.202
2019-05-22 22:00,2019-05-22 23:00,0,1.802
2019-05-22 23:00,2019-05-23 00:00,0.001,2.383
2019-05-23 00:00,2019-05-23 01:00,0.003,2.919
2019-05-23 01:00,2019-05-23 02:00,0.008,3.378
2019-05-23 02:00,2019-05-23 03:00,0.015,3.722
2019-05-23 03:00,2019-05-23 04:00,0.020,3.920
2019-05-23 04:00,2019-05-23 05:00,0.022,3.993
2019-05-23 05:00,2019-05-23 06:00,0.020,3.921
2019-05-23 06:00,2019-05-23 07:00,0.015,3.714
2019-05-23 07:00,2019-05-23 08:00,0.017,3.823
2019-05-23 08:00,2019-05-23 09:00,0.011,3.539
2019-05-23 09:00,2019-05-23 10:00,0.004,3.024
2019-05-23 10:00,2019-05-23 11:00,0.001,2.599
2019-05-23 11:00,2019-05-23 12:00,0.001,2.458
2019-05-23 12:00,2019-05-23 13:00,0.001,2.549
2019-05-23 13:00,2019-05-23 14:00,0.002,2.811
2019-05-23 14:00,2019-05-23 15:00,0.005,3.129
2019-05-23 15:00,2019-05-23 16:00,0.007,3.272
2019-05-23 16:00,2019-05-23 17:00,0.008,3.340
2019-05-23 17:00,2019-05-23 18:00,0.007,3.281
2019-05-23 18:00,2019-05-23 19:00,0.010,3.461
2019-05-23 19:00,2019-05-23 20:00,0.022,3.968
2019-05-23 20:00,2019-05-23 21:00,0.055,4.783
2019-05-23 21:00,2019-05-23 22:00,0.101,5.526
2019-05-23 22:00,2019-05-23 23:00,0.132,5.936
2019-05-23 23:00,2019-05-24 00:00,0.137,5.993
2019-05-24 00:00,2019-05-24 01:00,0.118,5.754
2019-05-24 01:00,2019-05-24 02:00,0.085,5.292
2019-05-24 02:00,2019-05-24 03:00,0.057,4.820
2019-05-24 03:00,2019-05-24 04:00,0.042,4.522
2019-05-24 04:00,2019-05-24 05:00,0.038,4.428
2019-05-24 05:00,2019-05-24 06:00,0.037,4.401
2019-05-24 06:00,2019-05-24 07:00,0.024,4.049
2019-05-24 07:00,2019-05-24 08:00,0.018,3.840
2019-05-24 08:00,2019-05-24 09:00,0.057,4.835
2019-05-24 09:00,2019-05-24 10:00,0.079,5.209
2019-05-24 10:00,2019-05-24 11:00,0.091,5.394
2019-05-24 11:00,2019-05-24 12:00,0.105,5.581
2019-05-24 12:00,2019-05-24 13:00,0.124,5.835
2019-05-24 13:00,2019-05-24 14:00,0.144,6.073
2019-05-24 14:00,2019-05-24 15:00,0.156,6.214
2019-05-24 15:00,2019-05-24 16:00,0.162,6.289
2019-05-24 16:00,2019-05-24 17:00,0.161,6.282
2019-05-24 17:00,2019-05-24 18:00,0.131,5.927
2019-05-24 18:00,2019-05-24 19:00,0.149,6.139
2019-05-24 19:00,2019-05-24 20:00,0.177,6.446
2019-05-24 20:00,2019-05-24 21:00,0.216,6.847
2019-05-24 21:00,2019-05-24 22:00,0.254,7.221
2019-05-24 22:00,2019-05-24 23:00,0.256,7.234
2019-05-24 23:00,2019-05-25 00:00,0.204,6.726
2019-05-25 00:00,2019-05-25 01:00,0.139,6.012
2019-05-25 01:00,2019-05-25 02:00,0.097,5.481
2019-05-25 02:00,2019-05-25 03:00,0.118,5.758
2019-05-25 03:00,2019-05-25 04:00,0.195,6.643
2019-05-25 04:00,2019-05-25 05:00,0.253,7.206
2019-05-25 05:00,2019-05-25 06:00,0.250,7.183
2019-05-25 06:00,2019-05-25 07:00,0.269,7.350
2019-05-25 07:00,2019-05-25 08:00,0.288,7.523
2019-05-25 08:00,2019-05-25 09:00,0.167,6.338
2019-05-25 09:00,2019-05-25 10:00,0.048,4.643
2019-05-25 10:00,2019-05-25 11:00,0.003,2.877
2019-05-25 11:00,2019-05-25 12:00,0,1.138
2019-05-25 12:00,2019-05-25 13:00,0,0.459
2019-05-25 13:00,2019-05-25 14:00,0,0.448
2019-05-25 14:00,2019-05-25 15:00,0,0.544
2019-05-25 15:00,2019-05-25 16:00,0,0.389
2019-05-25 16:00,2019-05-25 17:00,0,0.752
2019-05-25 17:00,2019-05-25 18:00,0.001,2.596
2019-05-25 18:00,2019-05-25 19:00,0.037,4.390
2019-05-25 19:00,2019-05-25 20:00,0.102,5.538
2019-05-25 20:00,2019-05-25 21:00,0.143,6.067
2019-05-25 21:00,2019-05-25 22:00,0.156,6.218
2019-05-25 22:00,2019-05-25 23:00,0.160,6.268
2019-05-25 23:00,2019-05-26 00:00,0.163,6.304
2019-05-26 00:00,2019-05-26 01:00,0.166,6.324
2019-05-26 01:00,2019-05-26 02:00,0.167,6.334
2019-05-26 02:00,2019-05-26 03:00,0.170,6.374
2019-05-26 03:00,2019-05-26 04:00,0.169,6.363
2019-05-26 04:00,2019-05-26 05:00,0.165,6.319
2019-05-26 05:00,2019-05-26 06:00,0.159,6.251
2019-05-26 06:00,2019-05-26 07:00,0.125,5.847
2019-05-26 07:00,2019-05-26 08:00,0.125,5.848
2019-05-26 08:00,2019-05-26 09:00,0.070,5.046
2019-05-26 09:00,2019-05-26 10:00,0.018,3.844
2019-05-26 10:00,2019-05-26 11:00,0,2.119
2019-05-26 11:00,2019-05-26 12:00,0,1.076
2019-05-26 12:00,2019-05-26 13:00,0,1.236
2019-05-26 13:00,2019-05-26 14:00,0,1.618
2019-05-26 14:00,2019-05-26 15:00,0,2.198
2019-05-26 15:00,2019-05-26 16:00,0.002,2.803
2019-05-26 16:00,2019-05-26 17:00,0.007,3.322
2019-05-26 17:00,2019-05-26 18:00,0.011,3.511
2019-05-26 18:00,2019-05-26 19:00,0.014,3.668
2019-05-26 19:00,2019-05-26 20:00,0.019,3.880
2019-05-26 20:00,2019-05-26 21:00,0.026,4.098
2019-05-26 21:00,2019-05-26 22:00,0.030,4.227
2019-05-26 22:00,2019-05-26 23:00,0.027,4.130
2019-05-26 23:00,2019-05-27 00:00,0.017,3.790
2019-05-27 00:00,2019-05-27 01:00,0.007,3.288
2019-05-27 01:00,2019-05-27 02:00,0.002,2.675
2019-05-27 02:00,2019-05-27 03:00,0,2.007
2019-05-27 03:00,2019-05-27 04:00,0,1.732
2019-05-27 04:00,2019-05-27 05:00,0,2.085
2019-05-27 05:00,2019-05-27 06:00,0.002,2.843
2019-05-27 06:00,2019-05-27 07:00,0.007,3.272
2019-05-27 07:00,2019-05-27 08:00,0.010,3.504
2019-05-27 08:00,2019-05-27 09:00,0.004,3.036
2019-05-27 09:00,2019-05-27 10:00,0,1.647
2019-05-27 10:00,2019-05-27 11:00,0,0.389
2019-05-27 11:00,2019-05-27 12:00,0,0.258
2019-05-27 12:00,2019-05-27 13:00,0,0.377
2019-05-27 13:00,2019-05-27 14:00,0,0.676
2019-05-27 14:00,2019-05-27 15:00,0,1.079
2019-05-27 15:00,2019-05-27 16:00,0,1.382
2019-05-27 16:00,2019-05-27 17:00,0,1.532
2019-05-27 17:00,2019-05-27 18:00,0,1.391
2019-05-27 18:00,2019-05-27 19:00,0,1.242
2019-05-27 19:00,2019-05-27 20:00,0,1.288
2019-05-27 20:00,2019-05-27 21:00,0,1.372
2019-05-27 21:00,2019-05-27 22:00,0,1.457
2019-05-27 22:00,2019-05-27 23:00,0,1.544
2019-05-27 23:00,2019-05-28 00:00,0,1.707
2019-05-28 00:00,2019-05-28 01:00,0,2.067
2019-05-28 01:00,2019-05-28 02:00,0.002,2.666
2019-05-28 02:00,2019-05-28 03:00,0.011,3.550
2019-05-28 03:00,2019-05-28 04:00,0.060,4.886
2019-05-28 04:00,2019-05-28 05:00,0.159,6.244
2019-05-28 05:00,2019-05-28 06:00,0.269,7.348
2019-05-28 06:00,2019-05-28 07:00,0.384,8.351
2019-05-28 07:00,2019-05-28 08:00,0.502,9.343
2019-05-28 08:00,2019-05-28 09:00,0.445,8.869
2019-05-28 09:00,2019-05-28 10:00,0.289,7.527
2019-05-28 10:00,2019-05-28 11:00,0.147,6.113
2019-05-28 11:00,2019-05-28 12:00,0.060,4.882
2019-05-28 12:00,2019-05-28 13:00,0.021,3.936
2019-05-28 13:00,2019-05-28 14:00,0.007,3.264
2019-05-28 14:00,2019-05-28 15:00,0.002,2.779
2019-05-28 15:00,2019-05-28 16:00,0.001,2.515
2019-05-28 16:00,2019-05-28 17:00,0.001,2.433
2019-05-28 17:00,2019-05-28 18:00,0,2.140
2019-05-28 18:00,2019-05-28 19:00,0,1.790
2019-05-28 19:00,2019-05-28 20:00,0,1.587
2019-05-28 20:00,2019-05-28 21:00,0,1.486
2019-05-28 21:00,2019-05-28 22:00,0,1.408
2019-05-28 22:00,2019-05-28 23:00,0,1.878
2019-05-28 23:00,2019-05-29 00:00,0.002,2.692
2019-05-29 00:00,2019-05-29 01:00,0.010,3.465
2019-05-29 01:00,2019-05-29 02:00,0.024,4.032
2019-05-29 02:00,2019-05-29 03:00,0.033,4.307
2019-05-29 03:00,2019-05-29 04:00,0.033,4.293
2019-05-29 04:00,2019-05-29 05:00,0.029,4.186
2019-05-29 05:00,2019-05-29 06:00,0.031,4.256
2019-05-29 06:00,2019-05-29 07:00,0.031,4.258
2019-05-29 07:00,2019-05-29 08:00,0.044,4.566
2019-05-29 08:00,2019-05-29 09:00,0.048,4.644
2019-05-29 09:00,2019-05-29 10:00,0.030,4.234
2019-05-29 10:00,2019-05-29 11:00,0.013,3.623
2019-05-29 11:00,2019-05-29 12:00,0.002,2.779
2019-05-29 12:00,2019-05-29 13:00,0,1.949
2019-05-29 13:00,2019-05-29 14:00,0,1.333
2019-05-29 14:00,2019-05-29 15:00,0,1.151
2019-05-29 15:00,2019-05-29 16:00,0,1.889
2019-05-29 16:00,2019-05-29 17:00,0.014,3.668
2019-05-29 17:00,2019-05-29 18:00,0.120,5.780
2019-05-29 18:00,2019-05-29 19:00,0.315,7.769
2019-05-29 19:00,2019-05-29 20:00,0.397,8.466
2019-05-29 20:00,2019-05-29 21:00,0.403,8.509
2019-05-29 21:00,2019-05-29 22:00,0.373,8.257
2019-05-29 22:00,2019-05-29 23:00,0.321,7.820
2019-05-29 23:00,2019-05-30 00:00,0.262,7.293
2019-05-30 00:00,2019-05-30 01:00,0.219,6.880
2019-05-30 01:00,2019-05-30 02:00,0.161,6.281
2019-05-30 02:00,2019-05-30 03:00,0.097,5.473
2019-05-30 03:00,2019-05-30 04:00,0.050,4.697
2019-05-30 04:00,2019-05-30 05:00,0.051,4.713
2019-05-30 05:00,2019-05-30 06:00,0.113,5.693
2019-05-30 06:00,2019-05-30 07:00,0.255,7.230
2019-05-30 07:00,2019-05-30 08:00,0.309,7.715
2019-05-30 08:00,2019-05-30 09:00,0.211,6.803
2019-05-30 09:00,2019-05-30 10:00,0.036,4.377
2019-05-30 10:00,2019-05-30 11:00,0.001,2.456
2019-05-30 11:00,2019-05-30 12:00,0,2.181
2019-05-30 12:00,2019-05-30 13:00,0.001,2.463
2019-05-30 13:00,2019-05-30 14:00,0.004,3.077
2019-05-30 14:00,2019-05-30 15:00,0.024,4.029
2019-05-30 15:00,2019-05-30 16:00,0.076,5.159
2019-05-30 16:00,2019-05-30 17:00,0.154,6.192
2019-05-30 17:00,2019-05-30 18:00,0.210,6.795
2019-05-30 18:00,2019-05-30 19:00,0.224,6.928
2019-05-30 19:00,2019-05-30 20:00,0.199,6.671
2019-05-30 20:00,2019-05-30 21:00,0.165,6.321
2019-05-30 21:00,2019-05-30 22:00,0.139,6.019
2019-05-30 22:00,2019-05-30 23:00,0.102,5.532
2019-05-30 23:00,2019-05-31 00:00,0.057,4.818
2019-05-31 00:00,2019-05-31 01:00,0.018,3.845
2019-05-31 01:00,2019-05-31 02:00,0.002,2.810
2019-05-31 02:00,2019-05-31 03:00,0,2.056
2019-05-31 03:00,2019-05-31 04:00,0,2.057
2019-05-31 04:00,2019-05-31 05:00,0.001,2.484
2019-05-31 05:00,2019-05-31 06:00,0.002,2.690
2019-05-31 06:00,2019-05-31 07:00,0.002,2.818
2019-05-31 07:00,2019-05-31 08:00,0.004,3.019
2019-05-31 08:00,2019-05-31 09:00,0.039,4.447
2019-05-31 09:00,2019-05-31 10:00,0.123,5.830
2019-05-31 10:00,2019-05-31 11:00,0.183,6.516
2019-05-31 11:00,2019-05-31 12:00,0.195,6.643
2019-05-31 12:00,2019-05-31 13:00,0.194,6.629
2019-05-31 13:00,2019-05-31 14:00,0.204,6.728
2019-05-31 14:00,2019-05-31 15:00,0.228,6.968
2019-05-31 15:00,2019-05-31 16:00,0.242,7.109
2019-05-31 16:00,2019-05-31 17:00,0.252,7.204
2019-05-31 17:00,2019-05-31 18:00,0.255,7.231
2019-05-31 18:00,2019-05-31 19:00,0.222,6.909
2019-05-31 19:00,2019-05-31 20:00,0.184,6.532
2019-05-31 20:00,2019-05-31 21:00,0.148,6.131
2019-05-31 21:00,2019-05-31 22:00,0.121,5.791
2019-05-31 22:00,2019-05-31 23:00,0.096,5.449
2019-05-31 23:00,2019-06-01 00:00,0.062,4.927
2019-06-01 00:00,2019-06-01 01:00,0.030,4.226
2019-06-01 01:00,2019-06-01 02:00,0.009,3.429
2019-06-01 02:00,2019-06-01 03:00,0.003,2.866
2019-06-01 03:00,2019-06-01 04:00,0.001,2.541
2019-06-01 04:00,2019-06-01 05:00,0.001,2.443
2019-06-01 05:00,2019-06-01 06:00,0.002,2.682
2019-06-01 06:00,2019-06-01 07:00,0.023,4.016
2019-06-01 07:00,2019-06-01 08:00,0.079,5.201
2019-06-01 08:00,2019-06-01 09:00,0.053,4.759
2019-06-01 09:00,2019-06-01 10:00,0.029,4.184
2019-06-01 10:00,2019-06-01 11:00,0.017,3.818
2019-06-01 11:00,2019-06-01 12:00,0.014,3.666
2019-06-01 12:00,2019-06-01 13:00,0.016,3.780
2019-06-01 13:00,2019-06-01 14:00,0.022,3.976
2019-06-01 14:00,2019-06-01 15:00,0.028,4.163
2019-06-01 15:00,2019-06-01 16:00,0.030,4.216
2019-06-01 16:00,2019-06-01 17:00,0.031,4.254
2019-06-01 17:00,2019-06-01 18:00,0.054,4.768
2019-06-01 18:00,2019-06-01 19:00,0.147,6.118
2019-06-01 19:00,2019-06-01 20:00,0.226,6.943
2019-06-01 20:00,2019-06-01 21:00,0.242,7.099
2019-06-01 21:00,2019-06-01 22:00,0.226,6.944
2019-06-01 22:00,2019-06-01 23:00,0.195,6.646
2019-06-01 23:00,2019-06-02 00:00,0.162,6.286
2019-06-02 00:00,2019-06-02 01:00,0.139,6.024
2019-06-02 01:00,2019-06-02 02:00,0.128,5.887
2019-06-02 02:00,2019-06-02 03:00,0.119,5.770
2019-06-02 03:00,2019-06-02 04:00,0.108,5.629
2019-06-02 04:00,2019-06-02 05:00,0.087,5.330
2019-06-02 05:00,2019-06-02 06:00,0.070,5.054
2019-06-02 06:00,2019-06-02 07:00,0.088,5.343
2019-06-02 07:00,2019-06-02 08:00,0.055,4.782
2019-06-02 08:00,2019-06-02 09:00,0.013,3.658
2019-06-02 09:00,2019-06-02 10:00,0,1.992
2019-06-02 10:00,2019-06-02 11:00,0,0.126
2019-06-02 11:00,2019-06-02 12:00,0,0
2019-06-02 12:00,2019-06-02 13:00,0,0.089
2019-06-02 13:00,2019-06-02 14:00,0,0.396
2019-06-02 14:00,2019-06-02 15:00,0,0.793
2019-06-02 15:00,2019-06-02 16:00,0,1.713
2019-06-02 16:00,2019-06-02 17:00,0.003,2.964
2019-06-02 17:00,2019-06-02 18:00,0.033,4.296
2019-06-02 18:00,2019-06-02 19:00,0.152,6.172
2019-06-02 19:00,2019-06-02 20:00,0.257,7.242
2019-06-02 20:00,2019-06-02 21:00,0.304,7.658
2019-06-02 21:00,2019-06-02 22:00,0.323,7.833
2019-06-02 22:00,2019-06-02 23:00,0.328,7.880
2019-06-02 23:00,2019-06-03 00:00,0.325,7.849
2019-06-03 00:00,2019-06-03 01:00,0.308,7.709
2019-06-03 01:00,2019-06-03 02:00,0.274,7.394
2019-06-03 02:00,2019-06-03 03:00,0.236,7.051
2019-06-03 03:00,2019-06-03 04:00,0.208,6.778
2019-06-03 04:00,2019-06-03 05:00,0.184,6.525
2019-06-03 05:00,2019-06-03 06:00,0.158,6.239
2019-06-03 06:00,2019-06-03 07:00,0.211,6.806
2019-06-03 07:00,2019-06-03 08:00,0.240,7.088
2019-06-03 08:00,2019-06-03 09:00,0.185,6.535
2019-06-03 09:00,2019-06-03 10:00,0.121,5.795
2019-06-03 10:00,2019-06-03 11:00,0.056,4.796
2019-06-03 11:00,2019-06-03 12:00,0.018,3.851
2019-06-03 12:00,2019-06-03 13:00,0.005,3.155
2019-06-03 13:00,2019-06-03 14:00,0.002,2.697
2019-06-03 14:00,2019-06-03 15:00,0.001,2.369
2019-06-03 15:00,2019-06-03 16:00,0,2.260
2019-06-03 16:00,2019-06-03 17:00,0,2.274
2019-06-03 17:00,2019-06-03 18:00,0.001,2.320
2019-06-03 18:00,2019-06-03 19:00,0.001,2.486
2019-06-03 19:00,2019-06-03 20:00,0.001,2.526
2019-06-03 20:00,2019-06-03 21:00,0.001,2.489
2019-06-03 21:00,2019-06-03 22:00,0.001,2.593
2019-06-03 22:00,2019-06-03 23:00,0.005,3.164
2019-06-03 23:00,2019-06-04 00:00,0.025,4.086
2019-06-04 00:00,2019-06-04 01:00,0.074,5.125
2019-06-04 01:00,2019-06-04 02:00,0.146,6.106
2019-06-04 02:00,2019-06-04 03:00,0.199,6.680
2019-06-04 03:00,2019-06-04 04:00,0.215,6.843
2019-06-04 04:00,2019-06-04 05:00,0.205,6.733
2019-06-04 05:00,2019-06-04 06:00,0.174,6.414
2019-06-04 06:00,2019-06-04 07:00,0.127,5.880
2019-06-04 07:00,2019-06-04 08:00,0.139,6.020
2019-06-04 08:00,2019-06-04 09:00,0.090,5.372
2019-06-04 09:00,2019-06-04 10:00,0.038,4.411
2019-06-04 10:00,2019-06-04 11:00,0.014,3.677
2019-06-04 11:00,2019-06-04 12:00,0.006,3.239
2019-06-04 12:00,2019-06-04 13:00,0.004,3.050
2019-06-04 13:00,2019-06-04 14:00,0.003,2.967
2019-06-04 14:00,2019-06-04 15:00,0.003,2.920
2019-06-04 15:00,2019-06-04 16:00,0.004,2.981
2019-06-04 16:00,2019-06-04 17:00,0.005,3.140
2019-06-04 17:00,2019-06-04 18:00,0.006,3.248
2019-06-04 18:00,2019-06-04 19:00,0.014,3.691
2019-06-04 19:00,2019-06-04 20:00,0.030,4.226
2019-06-04 20:00,2019-06-04 21:00,0.055,4.782
2019-06-04 21:00,2019-06-04 22:00,0.097,5.473
2019-06-04 22:00,2019-06-04 23:00,0.156,6.218
2019-06-04 23:00,2019-06-05 00:00,0.217,6.855
2019-06-05 00:00,2019-06-05 01:00,0.259,7.261
2019-06-05 01:00,2019-06-05 02:00,0.282,7.471
2019-06-05 02:00,2019-06-05 03:00,0.295,7.587
2019-06-05 03:00,2019-06-05 04:00,0.306,7.688
2019-06-05 04:00,2019-06-05 05:00,0.305,7.678
2019-06-05 05:00,2019-06-05 06:00,0.274,7.397
2019-06-05 06:00,2019-06-05 07:00,0.229,6.980
2019-06-05 07:00,2019-06-05 08:00,0.208,6.769
2019-06-05 08:00,2019-06-05 09:00,0.141,6.043
2019-06-05 09:00,2019-06-05 10:00,0.086,5.303
2019-06-05 10:00,2019-06-05 11:00,0.051,4.716
2019-06-05 11:00,2019-06-05 12:00,0.033,4.314
2019-06-05 12:00,2019-06-05 13:00,0.028,4.165
2019-06-05 13:00,2019-06-05 14:00,0.035,4.363
2019-06-05 14:00,2019-06-05 15:00,0.062,4.926
2019-06-05 15:00,2019-06-05 16:00,0.100,5.514
2019-06-05 16:00,2019-06-05 17:00,0.130,5.906
2019-06-05 17:00,2019-06-05 18:00,0.181,6.484
2019-06-05 18:00,2019-06-05 19:00,0.297,7.608
2019-06-05 19:00,2019-06-05 20:00,0.356,8.116
2019-06-05 20:00,2019-06-05 21:00,0.357,8.119
2019-06-05 21:00,2019-06-05 22:00,0.333,7.915
2019-06-05 22:00,2019-06-05 23:00,0.315,7.766
2019-06-05 23:00,2019-06-06 00:00,0.302,7.647
2019-06-06 00:00,2019-06-06 01:00,0.279,7.440
2019-06-06 01:00,2019-06-06 02:00,0.231,6.994
2019-06-06 02:00,2019-06-06 03:00,0.154,6.196
2019-06-06 03:00,2019-06-06 04:00,0.089,5.358
2019-06-06 04:00,2019-06-06 05:00,0.054,4.771
2019-06-06 05:00,2019-06-06 06:00,0.044,4.562
2019-06-06 06:00,2019-06-06 07:00,0.031,4.255
2019-06-06 07:00,2019-06-06 08:00,0.024,4.049
2019-06-06 08:00,2019-06-06 09:00,0.021,3.945
2019-06-06 09:00,2019-06-06 10:00,0.050,4.682
2019-06-06 10:00,2019-06-06 11:00,0.106,5.597
2019-06-06 11:00,2019-06-06 12:00,0.176,6.438
2019-06-06 12:00,2019-06-06 13:00,0.257,7.242
2019-06-06 13:00,2019-06-06 14:00,0.341,7.988
2019-06-06 14:00,2019-06-06 15:00,0.406,8.539
2019-06-06 15:00,2019-06-06 16:00,0.423,8.676
2019-06-06 16:00,2019-06-06 17:00,0.396,8.460
2019-06-06 17:00,2019-06-06 18:00,0.321,7.822
2019-06-06 18:00,2019-06-06 19:00,0.319,7.800
2019-06-06 19:00,2019-06-06 20:00,0.350,8.066
2019-06-06 20:00,2019-06-06 21:00,0.395,8.444
2019-06-06 21:00,2019-06-06 22:00,0.431,8.745
2019-06-06 22:00,2019-06-06 23:00,0.431,8.738
2019-06-06 23:00,2019-06-07 00:00,0.395,8.442
2019-06-07 00:00,2019-06-07 01:00,0.346,8.029
2019-06-07 01:00,2019-06-07 02:00,0.297,7.610
2019-06-07 02:00,2019-06-07 03:00,0.257,7.239
2019-06-07 03:00,2019-06-07 04:00,0.220,6.889
2019-06-07 04:00,2019-06-07 05:00,0.185,6.541
2019-06-07 05:00,2019-06-07 06:00,0.147,6.121
2019-06-07 06:00,2019-06-07 07:00,0.122,5.805
2019-06-07 07:00,2019-06-07 08:00,0.105,5.582
2019-06-07 08:00,2019-06-07 09:00,0.061,4.908
2019-06-07 09:00,2019-06-07 10:00,0.014,3.693
2019-06-07 10:00,2019-06-07 11:00,0,1.648
2019-06-07 11:00,2019-06-07 12:00,0,2.132
2019-06-07 12:00,2019-06-07 13:00,0.003,2.962
2019-06-07 13:00,2019-06-07 14:00,0.015,3.712
2019-06-07 14:00,2019-06-07 15:00,0.038,4.423
2019-06-07 15:00,2019-06-07 16:00,0.064,4.952
2019-06-07 16:00,2019-06-07 17:00,0.087,5.315
2019-06-07 17:00,2019-06-07 18:00,0.105,5.578
2019-06-07 18:00,2019-06-07 19:00,0.171,6.386
2019-06-07 19:00,2019-06-07 20:00,0.269,7.352
2019-06-07 20:00,2019-06-07 21:00,0.339,7.973
2019-06-07 21:00,2019-06-07 22:00,0.313,7.745
2019-06-07 22:00,2019-06-07 23:00,0.274,7.395
2019-06-07 23:00,2019-06-08 00:00,0.197,6.660
2019-06-08 00:00,2019-06-08 01:00,0.143,6.067
2019-06-08 01:00,2019-06-08 02:00,0.121,5.796
2019-06-08 02:00,2019-06-08 03:00,0.105,5.583
2019-06-08 03:00,2019-06-08 04:00,0.086,5.304
2019-06-08 04:00,2019-06-08 05:00,0.066,4.985
2019-06-08 05:00,2019-06-08 06:00,0.051,4.720
2019-06-08 06:00,2019-06-08 07:00,0.071,5.082
2019-06-08 07:00,2019-06-08 08:00,0.032,4.272
2019-06-08 08:00,2019-06-08 09:00,0.006,3.211
2019-06-08 09:00,2019-06-08 10:00,0.008,3.353
2019-06-08 10:00,2019-06-08 11:00,0.023,4.021
2019-06-08 11:00,2019-06-08 12:00,0.048,4.642
2019-06-08 12:00,2019-06-08 13:00,0.088,5.337
2019-06-08 13:00,2019-06-08 14:00,0.139,6.018
2019-06-08 14:00,2019-06-08 15:00,0.185,6.535
2019-06-08 15:00,2019-06-08 16:00,0.184,6.527
2019-06-08 16:00,2019-06-08 17:00,0.146,6.103
2019-06-08 17:00,2019-06-08 18:00,0.086,5.305
2019-06-08 18:00,2019-06-08 19:00,0.024,4.049
2019-06-08 19:00,2019-06-08 20:00,0.002,2.826
2019-06-08 20:00,2019-06-08 21:00,0,1.866
2019-06-08 21:00,2019-06-08 22:00,0,1.397
2019-06-08 22:00,2019-06-08 23:00,0,1.427
2019-06-08 23:00,2019-06-09 00:00,0,1.489
2019-06-09 00:00,2019-06-09 01:00,0,1.555
2019-06-09 01:00,2019-06-09 02:00,0,1.570
2019-06-09 02:00,2019-06-09 03:00,0,1.508
2019-06-09 03:00,2019-06-09 04:00,0,1.380
2019-06-09 04:00,2019-06-09 05:00,0,1.268
2019-06-09 05:00,2019-06-09 06:00,0,1.172
2019-06-09 06:00,2019-06-09 07:00,0,0.730
2019-06-09 07:00,2019-06-09 08:00,0,1.811
2019-06-09 08:00,2019-06-09 09:00,0.001,2.649
2019-06-09 09:00,2019-06-09 10:00,0.010,3.474
2019-06-09 10:00,2019-06-09 11:00,0.030,4.220
2019-06-09 11:00,2019-06-09 12:00,0.054,4.763
2019-06-09 12:00,2019-06-09 13:00,0.073,5.110
2019-06-09 13:00,2019-06-09 14:00,0.088,5.351
2019-06-09 14:00,2019-06-09 15:00,0.099,5.510
2019-06-09 15:00,2019-06-09 16:00,0.101,5.528
2019-06-09 16:00,2019-06-09 17:00,0.094,5.430
2019-06-09 17:00,2019-06-09 18:00,0.069,5.035
2019-06-09 18:00,2019-06-09 19:00,0.072,5.093
2019-06-09 19:00,2019-06-09 20:00,0.088,5.342
2019-06-09 20:00,2019-06-09 21:00,0.105,5.591
2019-06-09 21:00,2019-06-09 22:00,0.124,5.837
2019-06-09 22:00,2019-06-09 23:00,0.140,6.024
2019-06-09 23:00,2019-06-10 00:00,0.141,6.038
2019-06-10 00:00,2019-06-10 01:00,0.126,5.865
2019-06-10 01:00,2019-06-10 02:00,0.103,5.556
2019-06-10 02:00,2019-06-10 03:00,0.078,5.182
2019-06-10 03:00,2019-06-10 04:00,0.056,4.797
2019-06-10 04:00,2019-06-10 05:00,0.038,4.439
2019-06-10 05:00,2019-06-10 06:00,0.024,4.053
2019-06-10 06:00,2019-06-10 07:00,0.008,3.375
2019-06-10 07:00,2019-06-10 08:00,0.003,2.956
2019-06-10 08:00,2019-06-10 09:00,0,1.838
2019-06-10 09:00,2019-06-10 10:00,0,1.599
2019-06-10 10:00,2019-06-10 11:00,0,1.883
2019-06-10 11:00,2019-06-10 12:00,0,2.145
2019-06-10 12:00,2019-06-10 13:00,0,2.284
2019-06-10 13:00,2019-06-10 14:00,0.001,2.445
2019-06-10 14:00,2019-06-10 15:00,0.002,2.735
2019-06-10 15:00,2019-06-10 16:00,0.005,3.121
2019-06-10 16:00,2019-06-10 17:00,0.010,3.505
2019-06-10 17:00,2019-06-10 18:00,0.017,3.789
2019-06-10 18:00,2019-06-10 19:00,0.034,4.325
2019-06-10 19:00,2019-06-10 20:00,0.062,4.920
2019-06-10 20:00,2019-06-10 21:00,0.093,5.419
2019-06-10 21:00,2019-06-10 22:00,0.112,5.684
2019-06-10 22:00,2019-06-10 23:00,0.109,5.643
2019-06-10 23:00,2019-06-11 00:00,0.088,5.346
2019-06-11 00:00,2019-06-11 01:00,0.060,4.882
2019-06-11 01:00,2019-06-11 02:00,0.033,4.314
2019-06-11 02:00,2019-06-11 03:00,0.013,3.650
2019-06-11 03:00,2019-06-11 04:00,0.004,3.022
2019-06-11 04:00,2019-06-11 05:00,0.001,2.515
2019-06-11 05:00,2019-06-11 06:00,0,2.009
2019-06-11 06:00,2019-06-11 07:00,0,1.516
2019-06-11 07:00,2019-06-11 08:00,0,1.527
2019-06-11 08:00,2019-06-11 09:00,0,0.386
2019-06-11 09:00,2019-06-11 10:00,0,0.534
2019-06-11 10:00,2019-06-11 11:00,0,0.249
2019-06-11 11:00,2019-06-11 12:00,0,0.368
2019-06-11 12:00,2019-06-11 13:00,0,1.394
2019-06-11 13:00,2019-06-11 14:00,0,2.031
2019-06-11 14:00,2019-06-11 15:00,0.001,2.548
2019-06-11 15:00,2019-06-11 16:00,0.003,2.873
2019-06-11 16:00,2019-06-11 17:00,0.003,2.871
2019-06-11 17:00,2019-06-11 18:00,0.001,2.371
2019-06-11 18:00,2019-06-11 19:00,0,2.229
2019-06-11 19:00,2019-06-11 20:00,0.003,2.891
2019-06-11 20:00,2019-06-11 21:00,0.020,3.930
2019-06-11 21:00,2019-06-11 22:00,0.064,4.964
2019-06-11 22:00,2019-06-11 23:00,0.115,5.708
2019-06-11 23:00,2019-06-12 00:00,0.147,6.111
2019-06-12 00:00,2019-06-12 01:00,0.154,6.200
2019-06-12 01:00,2019-06-12 02:00,0.144,6.077
2019-06-12 02:00,2019-06-12 03:00,0.130,5.910
2019-06-12 03:00,2019-06-12 04:00,0.118,5.760
2019-06-12 04:00,2019-06-12 05:00,0.105,5.581
2019-06-12 05:00,2019-06-12 06:00,0.092,5.407
2019-06-12 06:00,2019-06-12 07:00,0.077,5.175
2019-06-12 07:00,2019-06-12 08:00,0.092,5.405
2019-06-12 08:00,2019-06-12 09:00,0.040,4.482
2019-06-12 09:00,2019-06-12 10:00,0.010,3.493
2019-06-12 10:00,2019-06-12 11:00,0.001,2.582
2019-06-12 11:00,2019-06-12 12:00,0,1.789
2019-06-12 12:00,2019-06-12 13:00,0,1.429
2019-06-12 13:00,2019-06-12 14:00,0,1.347
2019-06-12 14:00,2019-06-12 15:00,0,1.251
2019-06-12 15:00,2019-06-12 16:00,0,1.032
2019-06-12 16:00,2019-06-12 17:00,0,0.706
2019-06-12 17:00,2019-06-12 18:00,0,0.683
2019-06-12 18:00,2019-06-12 19:00,0,1.226
2019-06-12 19:00,2019-06-12 20:00,0,1.750
2019-06-12 20:00,2019-06-12 21:00,0,1.982
2019-06-12 21:00,2019-06-12 22:00,0,1.799
2019-06-12 22:00,2019-06-12 23:00,0,1.580
2019-06-12 23:00,2019-06-13 00:00,0,1.922
2019-06-13 00:00,2019-06-13 01:00,0.002,2.720
2019-06-13 01:00,2019-06-13 02:00,0.010,3.475
2019-06-13 02:00,2019-06-13 03:00,0.022,3.976
2019-06-13 03:00,2019-06-13 04:00,0.027,4.128
2019-06-13 04:00,2019-06-13 05:00,0.025,4.077
2019-06-13 05:00,2019-06-13 06:00,0.022,3.961
2019-06-13 06:00,2019-06-13 07:00,0.010,3.482
2019-06-13 07:00,2019-06-13 08:00,0.009,3.409
2019-06-13 08:00,2019-06-13 09:00,0.037,4.394
2019-06-13 09:00,2019-06-13 10:00,0.091,5.385
2019-06-13 10:00,2019-06-13 11:00,0.149,6.142
2019-06-13 11:00,2019-06-13 12:00,0.189,6.574
2019-06-13 12:00,2019-06-13 13:00,0.216,6.846
2019-06-13 13:00,2019-06-13 14:00,0.252,7.191
2019-06-13 14:00,2019-06-13 15:00,0.292,7.564
2019-06-13 15:00,2019-06-13 16:00,0.295,7.589
2019-06-13 16:00,2019-06-13 17:00,0.248,7.151
2019-06-13 17:00,2019-06-13 18:00,0.164,6.312
2019-06-13 18:00,2019-06-13 19:00,0.131,5.925
2019-06-13 19:00,2019-06-13 20:00,0.118,5.766
2019-06-13 20:00,2019-06-13 21:00,0.089,5.363
2019-06-13 21:00,2019-06-13 22:00,0.049,4.665
2019-06-13 22:00,2019-06-13 23:00,0.016,3.763
2019-06-13 23:00,2019-06-14 00:00,0.003,2.851
2019-06-14 00:00,2019-06-14 01:00,0,2.069
2019-06-14 01:00,2019-06-14 02:00,0,1.675
2019-06-14 02:00,2019-06-14 03:00,0,1.929
2019-06-14 03:00,2019-06-14 04:00,0,2.250
2019-06-14 04:00,2019-06-14 05:00,0.001,2.527
2019-06-14 05:00,2019-06-14 06:00,0.002,2.781
2019-06-14 06:00,2019-06-14 07:00,0.003,2.930
2019-06-14 07:00,2019-06-14 08:00,0.007,3.318
2019-06-14 08:00,2019-06-14 09:00,0.015,3.701
2019-06-14 09:00,2019-06-14 10:00,0.028,4.149
2019-06-14 10:00,2019-06-14 11:00,0.053,4.750
2019-06-14 11:00,2019-06-14 12:00,0.092,5.400
2019-06-14 12:00,2019-06-14 13:00,0.132,5.939
2019-06-14 13:00,2019-06-14 14:00,0.171,6.388
2019-06-14 14:00,2019-06-14 15:00,0.208,6.779
2019-06-14 15:00,2019-06-14 16:00,0.230,6.986
2019-06-14 16:00,2019-06-14 17:00,0.211,6.802
2019-06-14 17:00,2019-06-14 18:00,0.129,5.902
2019-06-14 18:00,2019-06-14 19:00,0.108,5.622
2019-06-14 19:00,2019-06-14 20:00,0.105,5.581
2019-06-14 20:00,2019-06-14 21:00,0.133,5.946
2019-06-14 21:00,2019-06-14 22:00,0.199,6.679
2019-06-14 22:00,2019-06-14 23:00,0.279,7.452
2019-06-14 23:00,2019-06-15 00:00,0.340,7.983
2019-06-15 00:00,2019-06-15 01:00,0.372,8.251
2019-06-15 01:00,2019-06-15 02:00,0.385,8.368
2019-06-15 02:00,2019-06-15 03:00,0.384,8.354
2019-06-15 03:00,2019-06-15 04:00,0.371,8.247
2019-06-15 04:00,2019-06-15 05:00,0.354,8.095
2019-06-15 05:00,2019-06-15 06:00,0.320,7.807
2019-06-15 06:00,2019-06-15 07:00,0.226,6.941
2019-06-15 07:00,2019-06-15 08:00,0.212,6.814
2019-06-15 08:00,2019-06-15 09:00,0.231,7.000
2019-06-15 09:00,2019-06-15 10:00,0.215,6.841
2019-06-15 10:00,2019-06-15 11:00,0.192,6.611
2019-06-15 11:00,2019-06-15 12:00,0.181,6.482
2019-06-15 12:00,2019-06-15 13:00,0.173,6.406
2019-06-15 13:00,2019-06-15 14:00,0.173,6.412
2019-06-15 14:00,2019-06-15 15:00,0.185,6.540
2019-06-15 15:00,2019-06-15 16:00,0.194,6.625
2019-06-15 16:00,2019-06-15 17:00,0.195,6.646
2019-06-15 17:00,2019-06-15 18:00,0.162,6.284
2019-06-15 18:00,2019-06-15 19:00,0.170,6.370
2019-06-15 19:00,2019-06-15 20:00,0.174,6.417
2019-06-15 20:00,2019-06-15 21:00,0.172,6.401
2019-06-15 21:00,2019-06-15 22:00,0.164,6.310
2019-06-15 22:00,2019-06-15 23:00,0.149,6.135
2019-06-15 23:00,2019-06-16 00:00,0.130,5.913
2019-06-16 00:00,2019-06-16 01:00,0.115,5.706
2019-06-16 01:00,2019-06-16 02:00,0.099,5.505
2019-06-16 02:00,2019-06-16 03:00,0.084,5.278
2019-06-16 03:00,2019-06-16 04:00,0.067,5.009
2019-06-16 04:00,2019-06-16 05:00,0.051,4.714
2019-06-16 05:00,2019-06-16 06:00,0.035,4.362
2019-06-16 06:00,2019-06-16 07:00,0.014,3.659
2019-06-16 07:00,2019-06-16 08:00,0.002,2.772
2019-06-16 08:00,2019-06-16 09:00,0.032,4.268
2019-06-16 09:00,2019-06-16 10:00,0.100,5.516
2019-06-16 10:00,2019-06-16 11:00,0.144,6.078
2019-06-16 11:00,2019-06-16 12:00,0.190,6.583
2019-06-16 12:00,2019-06-16 13:00,0.235,7.036
2019-06-16 13:00,2019-06-16 14:00,0.280,7.462
2019-06-16 14:00,2019-06-16 15:00,0.323,7.835
2019-06-16 15:00,2019-06-16 16:00,0.349,8.062
2019-06-16 16:00,2019-06-16 17:00,0.336,7.953
2019-06-16 17:00,2019-06-16 18:00,0.259,7.268
2019-06-16 18:00,2019-06-16 19:00,0.255,7.227
2019-06-16 19:00,2019-06-16 20:00,0.234,7.025
2019-06-16 20:00,2019-06-16 21:00,0.197,6.663
2019-06-16 21:00,2019-06-16 22:00,0.159,6.249
2019-06-16 22:00,2019-06-16 23:00,0.127,5.878
2019-06-16 23:00,2019-06-17 00:00,0.105,5.580
2019-06-17 00:00,2019-06-17 01:00,0.090,5.367
2019-06-17 01:00,2019-06-17 02:00,0.080,5.226
2019-06-17 02:00,2019-06-17 03:00,0.078,5.193
2019-06-17 03:00,2019-06-17 04:00,0.087,5.331
2019-06-17 04:00,2019-06-17 05:00,0.109,5.642
2019-06-17 05:00,2019-06-17 06:00,0.132,5.935
2019-06-17 06:00,2019-06-17 07:00,0.097,5.460
2019-06-17 07:00,2019-06-17 08:00,0.040,4.466
2019-06-17 08:00,2019-06-17 09:00,0.072,5.089
2019-06-17 09:00,2019-06-17 10:00,0.038,4.432
2019-06-17 10:00,2019-06-17 11:00,0.014,3.667
2019-06-17 11:00,2019-06-17 12:00,0.004,3.083
2019-06-17 12:00,2019-06-17 13:00,0.002,2.745
2019-06-17 13:00,2019-06-17 14:00,0.001,2.642
2019-06-17 14:00,2019-06-17 15:00,0.002,2.733
2019-06-17 15:00,2019-06-17 16:00,0.003,2.899
2019-06-17 16:00,2019-06-17 17:00,0.004,3.045
2019-06-17 17:00,2019-06-17 18:00,0.004,3.069
2019-06-17 18:00,2019-06-17 19:00,0.007,3.276
2019-06-17 19:00,2019-06-17 20:00,0.011,3.551
2019-06-17 20:00,2019-06-17 21:00,0.019,3.864
2019-06-17 21:00,2019-06-17 22:00,0.030,4.217
2019-06-17 22:00,2019-06-17 23:00,0.045,4.584
2019-06-17 23:00,2019-06-18 00:00,0.058,4.849
2019-06-18 00:00,2019-06-18 01:00,0.065,4.976
2019-06-18 01:00,2019-06-18 02:00,0.068,5.018
2019-06-18 02:00,2019-06-18 03:00,0.072,5.087
2019-06-18 03:00,2019-06-18 04:00,0.080,5.221
2019-06-18 04:00,2019-06-18 05:00,0.092,5.406
2019-06-18 05:00,2019-06-18 06:00,0.104,5.565
2019-06-18 06:00,2019-06-18 07:00,0.074,5.128
2019-06-18 07:00,2019-06-18 08:00,0.050,4.692
2019-06-18 08:00,2019-06-18 09:00,0.044,4.570
2019-06-18 09:00,2019-06-18 10:00,0.021,3.948
2019-06-18 10:00,2019-06-18 11:00,0.005,3.115
2019-06-18 11:00,2019-06-18 12:00,0,1.641
2019-06-18 12:00,2019-06-18 13:00,0,0.434
2019-06-18 13:00,2019-06-18 14:00,0,0.017
2019-06-18 14:00,2019-06-18 15:00,0,0.118
2019-06-18 15:00,2019-06-18 16:00,0,0.419
2019-06-18 16:00,2019-06-18 17:00,0,0.875
2019-06-18 17:00,2019-06-18 18:00,0,0.794
2019-06-18 18:00,2019-06-18 19:00,0,0.598
2019-06-18 19:00,2019-06-18 20:00,0,0.831
2019-06-18 20:00,2019-06-18 21:00,0,1.252
2019-06-18 21:00,2019-06-18 22:00,0,1.578
2019-06-18 22:00,2019-06-18 23:00,0,1.787
2019-06-18 23:00,2019-06-19 00:00,0,1.970
2019-06-19 00:00,2019-06-19 01:00,0,2.121
2019-06-19 01:00,2019-06-19 02:00,0,2.240
2019-06-19 02:00,2019-06-19 03:00,0.001,2.435
2019-06-19 03:00,2019-06-19 04:00,0.002,2.822
2019-06-19 04:00,2019-06-19 05:00,0.007,3.313
2019-06-19 05:00,2019-06-19 06:00,0.015,3.702
2019-06-19 06:00,2019-06-19 07:00,0.012,3.594
2019-06-19 07:00,2019-06-19 08:00,0.011,3.559
2019-06-19 08:00,2019-06-19 09:00,0.006,3.256
2019-06-19 09:00,2019-06-19 10:00,0.002,2.767
2019-06-19 10:00,2019-06-19 11:00,0.001,2.398
2019-06-19 11:00,2019-06-19 12:00,0,2.114
2019-06-19 12:00,2019-06-19 13:00,0,1.970
2019-06-19 13:00,2019-06-19 14:00,0,1.937
2019-06-19 14:00,2019-06-19 15:00,0,2.026
2019-06-19 15:00,2019-06-19 16:00,0,2.169
2019-06-19 16:00,2019-06-19 17:00,0.001,2.371
2019-06-19 17:00,2019-06-19 18:00,0.001,2.364
2019-06-19 18:00,2019-06-19 19:00,0,2.303
2019-06-19 19:00,2019-06-19 20:00,0.001,2.331
2019-06-19 20:00,2019-06-19 21:00,0.001,2.435
2019-06-19 21:00,2019-06-19 22:00,0.002,2.682
2019-06-19 22:00,2019-06-19 23:00,0.004,3.013
2019-06-19 23:00,2019-06-20 00:00,0.008,3.342
2019-06-20 00:00,2019-06-20 01:00,0.014,3.660
2019-06-20 01:00,2019-06-20 02:00,0.021,3.941
2019-06-20 02:00,2019-06-20 03:00,0.029,4.201
2019-06-20 03:00,2019-06-20 04:00,0.040,4.474
2019-06-20 04:00,2019-06-20 05:00,0.054,4.770
2019-06-20 05:00,2019-06-20 06:00,0.067,5.015
2019-06-20 06:00,2019-06-20 07:00,0.051,4.719
2019-06-20 07:00,2019-06-20 08:00,0.053,4.754
2019-06-20 08:00,2019-06-20 09:00,0.056,4.805
2019-06-20 09:00,2019-06-20 10:00,0.023,4.019
2019-06-20 10:00,2019-06-20 11:00,0.007,3.311
2019-06-20 11:00,2019-06-20 12:00,0.001,2.516
2019-06-20 12:00,2019-06-20 13:00,0,1.679
2019-06-20 13:00,2019-06-20 14:00,0,1.464
2019-06-20 14:00,2019-06-20 15:00,0,1.694
2019-06-20 15:00,2019-06-20 16:00,0,1.993
2019-06-20 16:00,2019-06-20 17:00,0,2.317
2019-06-20 17:00,2019-06-20 18:00,0.001,2.361
2019-06-20 18:00,2019-06-20 19:00,0,2.311
2019-06-20 19:00,2019-06-20 20:00,0.001,2.375
2019-06-20 20:00,2019-06-20 21:00,0.001,2.496
2019-06-20 21:00,2019-06-20 22:00,0.002,2.738
2019-06-20 22:00,2019-06-20 23:00,0.006,3.187
2019-06-20 23:00,2019-06-21 00:00,0.018,3.858
2019-06-21 00:00,2019-06-21 01:00,0.050,4.691
2019-06-21 01:00,2019-06-21 02:00,0.097,5.481
2019-06-21 02:00,2019-06-21 03:00,0.146,6.096
2019-06-21 03:00,2019-06-21 04:00,0.220,6.887
2019-06-21 04:00,2019-06-21 05:00,0.296,7.596
2019-06-21 05:00,2019-06-21 06:00,0.342,7.998
2019-06-21 06:00,2019-06-21 07:00,0.528,9.564
2019-06-21 07:00,2019-06-21 08:00,0.518,9.481
2019-06-21 08:00,2019-06-21 09:00,0.352,8.086
2019-06-21 09:00,2019-06-21 10:00,0.181,6.483
2019-06-21 10:00,2019-06-21 11:00,0.064,4.950
2019-06-21 11:00,2019-06-21 12:00,0.013,3.620
2019-06-21 12:00,2019-06-21 13:00,0,2.075
2019-06-21 13:00,2019-06-21 14:00,0,1.040
2019-06-21 14:00,2019-06-21 15:00,0,0.801
2019-06-21 15:00,2019-06-21 16:00,0,0.981
2019-06-21 16:00,2019-06-21 17:00,0,1.004
2019-06-21 17:00,2019-06-21 18:00,0,0.793
2019-06-21 18:00,2019-06-21 19:00,0,1.348
2019-06-21 19:00,2019-06-21 20:00,0.001,2.588
2019-06-21 20:00,2019-06-21 21:00,0.015,3.733
2019-06-21 21:00,2019-06-21 22:00,0.050,4.682
2019-06-21 22:00,2019-06-21 23:00,0.096,5.450
2019-06-21 23:00,2019-06-22 00:00,0.154,6.188
2019-06-22 00:00,2019-06-22 01:00,0.212,6.810
2019-06-22 01:00,2019-06-22 02:00,0.242,7.110
2019-06-22 02:00,2019-06-22 03:00,0.258,7.253
2019-06-22 03:00,2019-06-22 04:00,0.259,7.256
2019-06-22 04:00,2019-06-22 05:00,0.238,7.070
2019-06-22 05:00,2019-06-22 06:00,0.211,6.804
2019-06-22 06:00,2019-06-22 07:00,0.222,6.909
2019-06-22 07:00,2019-06-22 08:00,0.217,6.863
2019-06-22 08:00,2019-06-22 09:00,0.185,6.535
2019-06-22 09:00,2019-06-22 10:00,0.110,5.659
2019-06-22 10:00,2019-06-22 11:00,0.030,4.227
2019-06-22 11:00,2019-06-22 12:00,0.009,3.427
2019-06-22 12:00,2019-06-22 13:00,0.007,3.318
2019-06-22 13:00,2019-06-22 14:00,0.010,3.501
2019-06-22 14:00,2019-06-22 15:00,0.016,3.785
2019-06-22 15:00,2019-06-22 16:00,0.022,3.984
2019-06-22 16:00,2019-06-22 17:00,0.017,3.794
2019-06-22 17:00,2019-06-22 18:00,0.003,2.930
2019-06-22 18:00,2019-06-22 19:00,0,1.806
2019-06-22 19:00,2019-06-22 20:00,0,1.249
2019-06-22 20:00,2019-06-22 21:00,0,1.617
2019-06-22 21:00,2019-06-22 22:00,0.011,3.541
2019-06-22 22:00,2019-06-22 23:00,0.123,5.827
2019-06-22 23:00,2019-06-23 00:00,0.313,7.752
2019-06-23 00:00,2019-06-23 01:00,0.416,8.622
2019-06-23 01:00,2019-06-23 02:00,0.427,8.708
2019-06-23 02:00,2019-06-23 03:00,0.370,8.235
2019-06-23 03:00,2019-06-23 04:00,0.321,7.818
2019-06-23 04:00,2019-06-23 05:00,0.260,7.270
2019-06-23 05:00,2019-06-23 06:00,0.248,7.164
2019-06-23 06:00,2019-06-23 07:00,0.443,8.850
2019-06-23 07:00,2019-06-23 08:00,0.438,8.811
2019-06-23 08:00,2019-06-23 09:00,0.323,7.838
2019-06-23 09:00,2019-06-23 10:00,0.207,6.757
2019-06-23 10:00,2019-06-23 11:00,0.103,5.555
2019-06-23 11:00,2019-06-23 12:00,0.038,4.431
2019-06-23 12:00,2019-06-23 13:00,0.010,3.500
2019-06-23 13:00,2019-06-23 14:00,0.002,2.726
2019-06-23 14:00,2019-06-23 15:00,0,2.080
2019-06-23 15:00,2019-06-23 16:00,0,1.475
2019-06-23 16:00,2019-06-23 17:00,0,0.800
2019-06-23 17:00,2019-06-23 18:00,0,1.363
2019-06-23 18:00,2019-06-23 19:00,0.002,2.801
2019-06-23 19:00,2019-06-23 20:00,0.027,4.119
2019-06-23 20:00,2019-06-23 21:00,0.074,5.125
2019-06-23 21:00,2019-06-23 22:00,0.135,5.965
2019-06-23 22:00,2019-06-23 23:00,0.203,6.716
2019-06-23 23:00,2019-06-24 00:00,0.262,7.297
2019-06-24 00:00,2019-06-24 01:00,0.294,7.574
2019-06-24 01:00,2019-06-24 02:00,0.299,7.620
2019-06-24 02:00,2019-06-24 03:00,0.293,7.573
2019-06-24 03:00,2019-06-24 04:00,0.279,7.438
2019-06-24 04:00,2019-06-24 05:00,0.261,7.278
2019-06-24 05:00,2019-06-24 06:00,0.237,7.056
2019-06-24 06:00,2019-06-24 07:00,0.234,7.026
2019-06-24 07:00,2019-06-24 08:00,0.307,7.701
2019-06-24 08:00,2019-06-24 09:00,0.315,7.769
2019-06-24 09:00,2019-06-24 10:00,0.244,7.117
2019-06-24 10:00,2019-06-24 11:00,0.120,5.777
2019-06-24 11:00,2019-06-24 12:00,0.038,4.412
2019-06-24 12:00,2019-06-24 13:00,0.007,3.296
2019-06-24 13:00,2019-06-24 14:00,0.001,2.430
2019-06-24 14:00,2019-06-24 15:00,0,1.683
2019-06-24 15:00,2019-06-24 16:00,0,1.065
2019-06-24 16:00,2019-06-24 17:00,0,1.333
2019-06-24 17:00,2019-06-24 18:00,0.023,4.004
2019-06-24 18:00,2019-06-24 19:00,0.231,6.989
2019-06-24 19:00,2019-06-24 20:00,0.409,8.564
2019-06-24 20:00,2019-06-24 21:00,0.491,9.251
2019-06-24 21:00,2019-06-24 22:00,0.517,9.467
2019-06-24 22:00,2019-06-24 23:00,0.488,9.221
2019-06-24 23:00,2019-06-25 00:00,0.485,9.199
2019-06-25 00:00,2019-06-25 01:00,0.478,9.142
2019-06-25 01:00,2019-06-25 02:00,0.405,8.524
2019-06-25 02:00,2019-06-25 03:00,0.347,8.037
2019-06-25 03:00,2019-06-25 04:00,0.303,7.656
2019-06-25 04:00,2019-06-25 05:00,0.272,7.381
2019-06-25 05:00,2019-06-25 06:00,0.319,7.800
2019-06-25 06:00,2019-06-25 07:00,0.584,10.054
2019-06-25 07:00,2019-06-25 08:00,0.623,10.409
2019-06-25 08:00,2019-06-25 09:00,0.529,9.572
2019-06-25 09:00,2019-06-25 10:00,0.384,8.351
2019-06-25 10:00,2019-06-25 11:00,0.242,7.101
2019-06-25 11:00,2019-06-25 12:00,0.135,5.967
2019-06-25 12:00,2019-06-25 13:00,0.072,5.091
2019-06-25 13:00,2019-06-25 14:00,0.033,4.310
2019-06-25 14:00,2019-06-25 15:00,0.013,3.639
2019-06-25 15:00,2019-06-25 16:00,0.006,3.227
2019-06-25 16:00,2019-06-25 17:00,0.004,3.074
2019-06-25 17:00,2019-06-25 18:00,0.012,3.582
2019-06-25 18:00,2019-06-25 19:00,0.071,5.082
2019-06-25 19:00,2019-06-25 20:00,0.155,6.205
2019-06-25 20:00,2019-06-25 21:00,0.205,6.734
2019-06-25 21:00,2019-06-25 22:00,0.209,6.789
2019-06-25 22:00,2019-06-25 23:00,0.175,6.418
2019-06-25 23:00,2019-06-26 00:00,0.155,6.207
2019-06-26 00:00,2019-06-26 01:00,0.264,7.313
2019-06-26 01:00,2019-06-26 02:00,0.315,7.760
2019-06-26 02:00,2019-06-26 03:00,0.224,6.920
2019-06-26 03:00,2019-06-26 04:00,0.163,6.302
2019-06-26 04:00,2019-06-26 05:00,0.216,6.847
2019-06-26 05:00,2019-06-26 06:00,0.323,7.831
2019-06-26 06:00,2019-06-26 07:00,0.488,9.221
2019-06-26 07:00,2019-06-26 08:00,0.507,9.385
2019-06-26 08:00,2019-06-26 09:00,0.384,8.358
2019-06-26 09:00,2019-06-26 10:00,0.228,6.976
2019-06-26 10:00,2019-06-26 11:00,0.124,5.838
2019-06-26 11:00,2019-06-26 12:00,0.064,4.962
2019-06-26 12:00,2019-06-26 13:00,0.033,4.310
2019-06-26 13:00,2019-06-26 14:00,0.021,3.935
2019-06-26 14:00,2019-06-26 15:00,0.015,3.712
2019-06-26 15:00,2019-06-26 16:00,0.013,3.613
2019-06-26 16:00,2019-06-26 17:00,0.014,3.679
2019-06-26 17:00,2019-06-26 18:00,0.031,4.239
2019-06-26 18:00,2019-06-26 19:00,0.088,5.349
2019-06-26 19:00,2019-06-26 20:00,0.145,6.093
2019-06-26 20:00,2019-06-26 21:00,0.181,6.483
2019-06-26 21:00,2019-06-26 22:00,0.201,6.694
2019-06-26 22:00,2019-06-26 23:00,0.215,6.838
2019-06-26 23:00,2019-06-27 00:00,0.221,6.906
2019-06-27 00:00,2019-06-27 01:00,0.224,6.927
2019-06-27 01:00,2019-06-27 02:00,0.217,6.861
2019-06-27 02:00,2019-06-27 03:00,0.208,6.776
2019-06-27 03:00,2019-06-27 04:00,0.194,6.622
2019-06-27 04:00,2019-06-27 05:00,0.150,6.150
2019-06-27 05:00,2019-06-27 06:00,0.117,5.745
2019-06-27 06:00,2019-06-27 07:00,0.201,6.690
2019-06-27 07:00,2019-06-27 08:00,0.254,7.217
2019-06-27 08:00,2019-06-27 09:00,0.175,6.430
2019-06-27 09:00,2019-06-27 10:00,0.084,5.281
2019-06-27 10:00,2019-06-27 11:00,0.023,4.026
2019-06-27 11:00,2019-06-27 12:00,0.001,2.382
2019-06-27 12:00,2019-06-27 13:00,0,0.389
2019-06-27 13:00,2019-06-27 14:00,0,0
2019-06-27 14:00,2019-06-27 15:00,0,0.018
2019-06-27 15:00,2019-06-27 16:00,0,0.614
2019-06-27 16:00,2019-06-27 17:00,0,1.786
2019-06-27 17:00,2019-06-27 18:00,0.003,2.926
2019-06-27 18:00,2019-06-27 19:00,0.073,5.108
2019-06-27 19:00,2019-06-27 20:00,0.205,6.737
2019-06-27 20:00,2019-06-27 21:00,0.275,7.408
2019-06-27 21:00,2019-06-27 22:00,0.281,7.466
2019-06-27 22:00,2019-06-27 23:00,0.259,7.269
2019-06-27 23:00,2019-06-28 00:00,0.224,6.927
2019-06-28 00:00,2019-06-28 01:00,0.182,6.508
2019-06-28 01:00,2019-06-28 02:00,0.148,6.134
2019-06-28 02:00,2019-06-28 03:00,0.126,5.857
2019-06-28 03:00,2019-06-28 04:00,0.117,5.744
2019-06-28 04:00,2019-06-28 05:00,0.117,5.748
2019-06-28 05:00,2019-06-28 06:00,0.121,5.793
2019-06-28 06:00,2019-06-28 07:00,0.174,6.416
2019-06-28 07:00,2019-06-28 08:00,0.252,7.196
2019-06-28 08:00,2019-06-28 09:00,0.248,7.157
2019-06-28 09:00,2019-06-28 10:00,0.197,6.658
2019-06-28 10:00,2019-06-28 11:00,0.124,5.832
2019-06-28 11:00,2019-06-28 12:00,0.057,4.815
2019-06-28 12:00,2019-06-28 13:00,0.017,3.788
2019-06-28 13:00,2019-06-28 14:00,0.003,2.871
2019-06-28 14:00,2019-06-28 15:00,0,2.175
2019-06-28 15:00,2019-06-28 16:00,0,1.782
2019-06-28 16:00,2019-06-28 17:00,0,1.683
2019-06-28 17:00,2019-06-28 18:00,0,1.907
2019-06-28 18:00,2019-06-28 19:00,0.001,2.602
2019-06-28 19:00,2019-06-28 20:00,0.009,3.434
2019-06-28 20:00,2019-06-28 21:00,0.034,4.325
2019-06-28 21:00,2019-06-28 22:00,0.071,5.079
2019-06-28 22:00,2019-06-28 23:00,0.105,5.592
2019-06-28 23:00,2019-06-29 00:00,0.123,5.824
2019-06-29 00:00,2019-06-29 01:00,0.122,5.817
2019-06-29 01:00,2019-06-29 02:00,0.108,5.622
2019-06-29 02:00,2019-06-29 03:00,0.085,5.283
2019-06-29 03:00,2019-06-29 04:00,0.064,4.955
2019-06-29 04:00,2019-06-29 05:00,0.049,4.667
2019-06-29 05:00,2019-06-29 06:00,0.034,4.342
2019-06-29 06:00,2019-06-29 07:00,0.035,4.347
2019-06-29 07:00,2019-06-29 08:00,0.037,4.402
2019-06-29 08:00,2019-06-29 09:00,0.015,3.701
2019-06-29 09:00,2019-06-29 10:00,0,2.158
2019-06-29 10:00,2019-06-29 11:00,0,0.409
2019-06-29 11:00,2019-06-29 12:00,0,1.241
2019-06-29 12:00,2019-06-29 13:00,0,1.704
2019-06-29 13:00,2019-06-29 14:00,0,2.079
2019-06-29 14:00,2019-06-29 15:00,0.001,2.374
2019-06-29 15:00,2019-06-29 16:00,0.001,2.488
2019-06-29 16:00,2019-06-29 17:00,0.001,2.513
2019-06-29 17:00,2019-06-29 18:00,0.001,2.437
2019-06-29 18:00,2019-06-29 19:00,0.001,2.429
2019-06-29 19:00,2019-06-29 20:00,0.002,2.667
2019-06-29 20:00,2019-06-29 21:00,0.005,3.159
2019-06-29 21:00,2019-06-29 22:00,0.018,3.854
2019-06-29 22:00,2019-06-29 23:00,0.049,4.670
2019-06-29 23:00,2019-06-30 00:00,0.089,5.364
2019-06-30 00:00,2019-06-30 01:00,0.122,5.810
2019-06-30 01:00,2019-06-30 02:00,0.140,6.026
2019-06-30 02:00,2019-06-30 03:00,0.142,6.055
2019-06-30 03:00,2019-06-30 04:00,0.137,5.998
2019-06-30 04:00,2019-06-30 05:00,0.131,5.922
2019-06-30 05:00,2019-06-30 06:00,0.114,5.698
2019-06-30 06:00,2019-06-30 07:00,0.079,5.197
2019-06-30 07:00,2019-06-30 08:00,0.090,5.374
2019-06-30 08:00,2019-06-30 09:00,0.051,4.711
2019-06-30 09:00,2019-06-30 10:00,0.016,3.769
2019-06-30 10:00,2019-06-30 11:00,0.002,2.725
2019-06-30 11:00,2019-06-30 12:00,0,1.987
2019-06-30 12:00,2019-06-30 13:00,0,1.673
2019-06-30 13:00,2019-06-30 14:00,0,1.709
2019-06-30 14:00,2019-06-30 15:00,0,1.901
2019-06-30 15:00,2019-06-30 16:00,0,2.145
2019-06-30 16:00,2019-06-30 17:00,0,2.244
2019-06-30 17:00,2019-06-30 18:00,0,1.885
2019-06-30 18:00,2019-06-30 19:00,0,1.245
2019-06-30 19:00,2019-06-30 20:00,0,1.023
2019-06-30 20:00,2019-06-30 21:00,0,1.180
2019-06-30 21:00,2019-06-30 22:00,0,2.103
2019-06-30 22:00,2019-06-30 23:00,0.007,3.325
2019-06-30 23:00,2019-07-01 00:00,0.048,4.633
2019-07-01 00:00,2019-07-01 01:00,0.111,5.667
2019-07-01 01:00,2019-07-01 02:00,0.170,6.372
2019-07-01 02:00,2019-07-01 03:00,0.209,6.782
2019-07-01 03:00,2019-07-01 04:00,0.223,6.917
2019-07-01 04:00,2019-07-01 05:00,0.215,6.843
2019-07-01 05:00,2019-07-01 06:00,0.201,6.690
2019-07-01 06:00,2019-07-01 07:00,0.172,6.400
2019-07-01 07:00,2019-07-01 08:00,0.212,6.810
2019-07-01 08:00,2019-07-01 09:00,0.139,6.013
2019-07-01 09:00,2019-07-01 10:00,0.056,4.798
2019-07-01 10:00,2019-07-01 11:00,0.017,3.805
2019-07-01 11:00,2019-07-01 12:00,0.004,3.032
2019-07-01 12:00,2019-07-01 13:00,0.001,2.464
2019-07-01 13:00,2019-07-01 14:00,0,2.187
2019-07-01 14:00,2019-07-01 15:00,0.001,2.355
2019-07-01 15:00,2019-07-01 16:00,0.003,2.932
2019-07-01 16:00,2019-07-01 17:00,0.010,3.469
2019-07-01 17:00,2019-07-01 18:00,0.016,3.781
2019-07-01 18:00,2019-07-01 19:00,0.055,4.783
2019-07-01 19:00,2019-07-01 20:00,0.138,6.004
2019-07-01 20:00,2019-07-01 21:00,0.214,6.829
2019-07-01 21:00,2019-07-01 22:00,0.269,7.350
2019-07-01 22:00,2019-07-01 23:00,0.313,7.750
2019-07-01 23:00,2019-07-02 00:00,0.313,7.749
2019-07-02 00:00,2019-07-02 01:00,0.272,7.381
2019-07-02 01:00,2019-07-02 02:00,0.195,6.646
2019-07-02 02:00,2019-07-02 03:00,0.117,5.743
2019-07-02 03:00,2019-07-02 04:00,0.071,5.074
2019-07-02 04:00,2019-07-02 05:00,0.056,4.805
2019-07-02 05:00,2019-07-02 06:00,0.060,4.875
2019-07-02 06:00,2019-07-02 07:00,0.069,5.027
2019-07-02 07:00,2019-07-02 08:00,0.063,4.933
2019-07-02 08:00,2019-07-02 09:00,0.022,3.967
2019-07-02 09:00,2019-07-02 10:00,0.001,2.446
2019-07-02 10:00,2019-07-02 11:00,0,2.149
2019-07-02 11:00,2019-07-02 12:00,0,1.799
2019-07-02 12:00,2019-07-02 13:00,0,1.607
2019-07-02 13:00,2019-07-02 14:00,0,1.710
2019-07-02 14:00,2019-07-02 15:00,0,2.060
2019-07-02 15:00,2019-07-02 16:00,0.001,2.340
2019-07-02 16:00,2019-07-02 17:00,0.006,3.179
2019-07-02 17:00,2019-07-02 18:00,0.013,3.646
2019-07-02 18:00,2019-07-02 19:00,0.052,4.723
2019-07-02 19:00,2019-07-02 20:00,0.181,6.499
2019-07-02 20:00,2019-07-02 21:00,0.323,7.834
2019-07-02 21:00,2019-07-02 22:00,0.365,8.199
2019-07-02 22:00,2019-07-02 23:00,0.380,8.316
2019-07-02 23:00,2019-07-03 00:00,0.335,7.942
2019-07-03 00:00,2019-07-03 01:00,0.299,7.631
2019-07-03 01:00,2019-07-03 02:00,0.262,7.297
2019-07-03 02:00,2019-07-03 03:00,0.224,6.930
2019-07-03 03:00,2019-07-03 04:00,0.187,6.553
2019-07-03 04:00,2019-07-03 05:00,0.156,6.222
2019-07-03 05:00,2019-07-03 06:00,0.152,6.177
2019-07-03 06:00,2019-07-03 07:00,0.271,7.373
2019-07-03 07:00,2019-07-03 08:00,0.259,7.268
2019-07-03 08:00,2019-07-03 09:00,0.172,6.398
2019-07-03 09:00,2019-07-03 10:00,0.089,5.358
2019-07-03 10:00,2019-07-03 11:00,0.033,4.310
2019-07-03 11:00,2019-07-03 12:00,0.009,3.434
2019-07-03 12:00,2019-07-03 13:00,0.002,2.701
2019-07-03 13:00,2019-07-03 14:00,0,2.047
2019-07-03 14:00,2019-07-03 15:00,0,1.986
2019-07-03 15:00,2019-07-03 16:00,0.001,2.324
2019-07-03 16:00,2019-07-03 17:00,0.001,2.609
2019-07-03 17:00,2019-07-03 18:00,0.006,3.247
2019-07-03 18:00,2019-07-03 19:00,0.033,4.307
2019-07-03 19:00,2019-07-03 20:00,0.071,5.060
2019-07-03 20:00,2019-07-03 21:00,0.101,5.529
2019-07-03 21:00,2019-07-03 22:00,0.124,5.837
2019-07-03 22:00,2019-07-03 23:00,0.140,6.031
2019-07-03 23:00,2019-07-04 00:00,0.143,6.067
2019-07-04 00:00,2019-07-04 01:00,0.134,5.950
2019-07-04 01:00,2019-07-04 02:00,0.115,5.711
2019-07-04 02:00,2019-07-04 03:00,0.095,5.444
2019-07-04 03:00,2019-07-04 04:00,0.071,5.082
2019-07-04 04:00,2019-07-04 05:00,0.049,4.661
2019-07-04 05:00,2019-07-04 06:00,0.029,4.210
2019-07-04 06:00,2019-07-04 07:00,0.028,4.164
2019-07-04 07:00,2019-07-04 08:00,0.033,4.299
2019-07-04 08:00,2019-07-04 09:00,0.022,3.983
2019-07-04 09:00,2019-07-04 10:00,0.015,3.726
2019-07-04 10:00,2019-07-04 11:00,0.015,3.707
2019-07-04 11:00,2019-07-04 12:00,0.017,3.800
2019-07-04 12:00,2019-07-04 13:00,0.016,3.768
2019-07-04 13:00,2019-07-04 14:00,0.013,3.622
2019-07-04 14:00,2019-07-04 15:00,0.010,3.491
2019-07-04 15:00,2019-07-04 16:00,0.009,3.440
2019-07-04 16:00,2019-07-04 17:00,0.015,3.699
2019-07-04 17:00,2019-07-04 18:00,0.044,4.560
2019-07-04 18:00,2019-07-04 19:00,0.112,5.680
2019-07-04 19:00,2019-07-04 20:00,0.131,5.928
2019-07-04 20:00,2019-07-04 21:00,0.115,5.719
2019-07-04 21:00,2019-07-04 22:00,0.094,5.435
2019-07-04 22:00,2019-07-04 23:00,0.089,5.360
2019-07-04 23:00,2019-07-05 00:00,0.092,5.408
2019-07-05 00:00,2019-07-05 01:00,0.090,5.380
2019-07-05 01:00,2019-07-05 02:00,0.074,5.117
2019-07-05 02:00,2019-07-05 03:00,0.051,4.703
2019-07-05 03:00,2019-07-05 04:00,0.033,4.312
2019-07-05 04:00,2019-07-05 05:00,0.024,4.047
2019-07-05 05:00,2019-07-05 06:00,0.029,4.203
2019-07-05 06:00,2019-07-05 07:00,0.079,5.195
2019-07-05 07:00,2019-07-05 08:00,0.113,5.694
2019-07-05 08:00,2019-07-05 09:00,0.112,5.687
2019-07-05 09:00,2019-07-05 10:00,0.096,5.450
2019-07-05 10:00,2019-07-05 11:00,0.071,5.068
2019-07-05 11:00,2019-07-05 12:00,0.032,4.267
2019-07-05 12:00,2019-07-05 13:00,0.003,2.923
2019-07-05 13:00,2019-07-05 14:00,0.001,2.421
2019-07-05 14:00,2019-07-05 15:00,0.050,4.684
2019-07-05 15:00,2019-07-05 16:00,0.160,6.267
2019-07-05 16:00,2019-07-05 17:00,0.238,7.068
2019-07-05 17:00,2019-07-05 18:00,0.271,7.371
2019-07-05 18:00,2019-07-05 19:00,0.267,7.336
2019-07-05 19:00,2019-07-05 20:00,0.210,6.794
2019-07-05 20:00,2019-07-05 21:00,0.116,5.731
2019-07-05 21:00,2019-07-05 22:00,0.065,4.965
2019-07-05 22:00,2019-07-05 23:00,0.058,4.849
2019-07-05 23:00,2019-07-06 00:00,0.072,5.084
2019-07-06 00:00,2019-07-06 01:00,0.124,5.840
2019-07-06 01:00,2019-07-06 02:00,0.237,7.057
2019-07-06 02:00,2019-07-06 03:00,0.363,8.178
2019-07-06 03:00,2019-07-06 04:00,0.414,8.605
2019-07-06 04:00,2019-07-06 05:00,0.431,8.751
2019-07-06 05:00,2019-07-06 06:00,0.376,8.290
2019-07-06 06:00,2019-07-06 07:00,0.337,7.960
2019-07-06 07:00,2019-07-06 08:00,0.182,6.502
2019-07-06 08:00,2019-07-06 09:00,0.060,4.886
2019-07-06 09:00,2019-07-06 10:00,0.004,2.972
2019-07-06 10:00,2019-07-06 11:00,0,0.994
2019-07-06 11:00,2019-07-06 12:00,0,0.406
2019-07-06 12:00,2019-07-06 13:00,0,0.638
2019-07-06 13:00,2019-07-06 14:00,0,0.409
2019-07-06 14:00,2019-07-06 15:00,0,0.417
2019-07-06 15:00,2019-07-06 16:00,0,0.427
2019-07-06 16:00,2019-07-06 17:00,0,0.639
2019-07-06 17:00,2019-07-06 18:00,0,1.842
2019-07-06 18:00,2019-07-06 19:00,0.013,3.630
2019-07-06 19:00,2019-07-06 20:00,0.067,5.010
2019-07-06 20:00,2019-07-06 21:00,0.122,5.800
2019-07-06 21:00,2019-07-06 22:00,0.163,6.300
2019-07-06 22:00,2019-07-06 23:00,0.199,6.680
2019-07-06 23:00,2019-07-07 00:00,0.215,6.835
2019-07-07 00:00,2019-07-07 01:00,0.210,6.792
2019-07-07 01:00,2019-07-07 02:00,0.197,6.662
2019-07-07 02:00,2019-07-07 03:00,0.179,6.460
2019-07-07 03:00,2019-07-07 04:00,0.161,6.278
2019-07-07 04:00,2019-07-07 05:00,0.142,6.047
2019-07-07 05:00,2019-07-07 06:00,0.120,5.780
2019-07-07 06:00,2019-07-07 07:00,0.090,5.373
2019-07-07 07:00,2019-07-07 08:00,0.149,6.137
2019-07-07 08:00,2019-07-07 09:00,0.134,5.955
2019-07-07 09:00,2019-07-07 10:00,0.087,5.334
2019-07-07 10:00,2019-07-07 11:00,0.048,4.646
2019-07-07 11:00,2019-07-07 12:00,0.023,4.024
2019-07-07 12:00,2019-07-07 13:00,0.012,3.569
2019-07-07 13:00,2019-07-07 14:00,0.006,3.239
2019-07-07 14:00,2019-07-07 15:00,0.004,3.052
2019-07-07 15:00,2019-07-07 16:00,0.005,3.110
2019-07-07 16:00,2019-07-07 17:00,0.005,3.173
2019-07-07 17:00,2019-07-07 18:00,0.003,2.945
2019-07-07 18:00,2019-07-07 19:00,0.007,3.270
2019-07-07 19:00,2019-07-07 20:00,0.015,3.733
2019-07-07 20:00,2019-07-07 21:00,0.024,4.035
2019-07-07 21:00,2019-07-07 22:00,0.031,4.250
2019-07-07 22:00,2019-07-07 23:00,0.053,4.752
2019-07-07 23:00,2019-07-08 00:00,0.121,5.784
2019-07-08 00:00,2019-07-08 01:00,0.257,7.250
2019-07-08 01:00,2019-07-08 02:00,0.384,8.353
2019-07-08 02:00,2019-07-08 03:00,0.462,9.002
2019-07-08 03:00,2019-07-08 04:00,0.486,9.205
2019-07-08 04:00,2019-07-08 05:00,0.480,9.158
2019-07-08 05:00,2019-07-08 06:00,0.453,8.930
2019-07-08 06:00,2019-07-08 07:00,0.462,9.003
2019-07-08 07:00,2019-07-08 08:00,0.497,9.302
2019-07-08 08:00,2019-07-08 09:00,0.448,8.887
2019-07-08 09:00,2019-07-08 10:00,0.334,7.935
2019-07-08 10:00,2019-07-08 11:00,0.219,6.871
2019-07-08 11:00,2019-07-08 12:00,0.130,5.911
2019-07-08 12:00,2019-07-08 13:00,0.081,5.237
2019-07-08 13:00,2019-07-08 14:00,0.053,4.751
2019-07-08 14:00,2019-07-08 15:00,0.033,4.297
2019-07-08 15:00,2019-07-08 16:00,0.026,4.103
2019-07-08 16:00,2019-07-08 17:00,0.038,4.436
2019-07-08 17:00,2019-07-08 18:00,0.079,5.211
2019-07-08 18:00,2019-07-08 19:00,0.135,5.965
2019-07-08 19:00,2019-07-08 20:00,0.137,6.001
2019-07-08 20:00,2019-07-08 21:00,0.091,5.394
2019-07-08 21:00,2019-07-08 22:00,0.049,4.679
2019-07-08 22:00,2019-07-08 23:00,0.057,4.829
2019-07-08 23:00,2019-07-09 00:00,0.118,5.765
2019-07-09 00:00,2019-07-09 01:00,0.199,6.679
2019-07-09 01:00,2019-07-09 02:00,0.242,7.104
2019-07-09 02:00,2019-07-09 03:00,0.259,7.258
2019-07-09 03:00,2019-07-09 04:00,0.248,7.162
2019-07-09 04:00,2019-07-09 05:00,0.232,7.003
2019-07-09 05:00,2019-07-09 06:00,0.227,6.958
2019-07-09 06:00,2019-07-09 07:00,0.247,7.140
2019-07-09 07:00,2019-07-09 08:00,0.257,7.245
2019-07-09 08:00,2019-07-09 09:00,0.257,7.239
2019-07-09 09:00,2019-07-09 10:00,0.242,7.100
2019-07-09 10:00,2019-07-09 11:00,0.190,6.587
2019-07-09 11:00,2019-07-09 12:00,0.118,5.759
2019-07-09 12:00,2019-07-09 13:00,0.062,4.911
2019-07-09 13:00,2019-07-09 14:00,0.025,4.096
2019-07-09 14:00,2019-07-09 15:00,0.010,3.465
2019-07-09 15:00,2019-07-09 16:00,0.004,3.050
2019-07-09 16:00,2019-07-09 17:00,0.004,3.040
2019-07-09 17:00,2019-07-09 18:00,0.009,3.448
2019-07-09 18:00,2019-07-09 19:00,0.038,4.422
2019-07-09 19:00,2019-07-09 20:00,0.091,5.393
2019-07-09 20:00,2019-07-09 21:00,0.144,6.079
2019-07-09 21:00,2019-07-09 22:00,0.181,6.491
2019-07-09 22:00,2019-07-09 23:00,0.201,6.693
2019-07-09 23:00,2019-07-10 00:00,0.203,6.716
2019-07-10 00:00,2019-07-10 01:00,0.199,6.678
2019-07-10 01:00,2019-07-10 02:00,0.191,6.595
2019-07-10 02:00,2019-07-10 03:00,0.173,6.411
2019-07-10 03:00,2019-07-10 04:00,0.148,6.131
2019-07-10 04:00,2019-07-10 05:00,0.130,5.918
2019-07-10 05:00,2019-07-10 06:00,0.113,5.694
2019-07-10 06:00,2019-07-10 07:00,0.151,6.163
2019-07-10 07:00,2019-07-10 08:00,0.135,5.968
2019-07-10 08:00,2019-07-10 09:00,0.071,5.066
2019-07-10 09:00,2019-07-10 10:00,0.028,4.168
2019-07-10 10:00,2019-07-10 11:00,0.006,3.217
2019-07-10 11:00,2019-07-10 12:00,0,2.165
2019-07-10 12:00,2019-07-10 13:00,0,1.564
2019-07-10 13:00,2019-07-10 14:00,0,1.355
2019-07-10 14:00,2019-07-10 15:00,0,1.314
2019-07-10 15:00,2019-07-10 16:00,0,1.355
2019-07-10 16:00,2019-07-10 17:00,0,1.521
2019-07-10 17:00,2019-07-10 18:00,0,2.303
2019-07-10 18:00,2019-07-10 19:00,0.034,4.338
2019-07-10 19:00,2019-07-10 20:00,0.136,5.979
2019-07-10 20:00,2019-07-10 21:00,0.221,6.892
2019-07-10 21:00,2019-07-10 22:00,0.265,7.316
2019-07-10 22:00,2019-07-10 23:00,0.299,7.626
2019-07-10 23:00,2019-07-11 00:00,0.334,7.928
2019-07-11 00:00,2019-07-11 01:00,0.367,8.217
2019-07-11 01:00,2019-07-11 02:00,0.391,8.412
2019-07-11 02:00,2019-07-11 03:00,0.404,8.519
2019-07-11 03:00,2019-07-11 04:00,0.397,8.469
2019-07-11 04:00,2019-07-11 05:00,0.371,8.237
2019-07-11 05:00,2019-07-11 06:00,0.323,7.838
2019-07-11 06:00,2019-07-11 07:00,0.279,7.444
2019-07-11 07:00,2019-07-11 08:00,0.318,7.790
2019-07-11 08:00,2019-07-11 09:00,0.259,7.269
2019-07-11 09:00,2019-07-11 10:00,0.175,6.430
2019-07-11 10:00,2019-07-11 11:00,0.121,5.796
2019-07-11 11:00,2019-07-11 12:00,0.105,5.591
2019-07-11 12:00,2019-07-11 13:00,0.109,5.635
2019-07-11 13:00,2019-07-11 14:00,0.111,5.666
2019-07-11 14:00,2019-07-11 15:00,0.105,5.574
2019-07-11 15:00,2019-07-11 16:00,0.090,5.374
2019-07-11 16:00,2019-07-11 17:00,0.067,5.009
2019-07-11 17:00,2019-07-11 18:00,0.045,4.592
2019-07-11 18:00,2019-07-11 19:00,0.056,4.806
2019-07-11 19:00,2019-07-11 20:00,0.081,5.229
2019-07-11 20:00,2019-07-11 21:00,0.123,5.829
2019-07-11 21:00,2019-07-11 22:00,0.185,6.540
2019-07-11 22:00,2019-07-11 23:00,0.254,7.219
2019-07-11 23:00,2019-07-12 00:00,0.295,7.585
2019-07-12 00:00,2019-07-12 01:00,0.315,7.766
2019-07-12 01:00,2019-07-12 02:00,0.349,8.064
2019-07-12 02:00,2019-07-12 03:00,0.412,8.581
2019-07-12 03:00,2019-07-12 04:00,0.471,9.085
2019-07-12 04:00,2019-07-12 05:00,0.494,9.272
2019-07-12 05:00,2019-07-12 06:00,0.581,10.028
2019-07-12 06:00,2019-07-12 07:00,0.708,11.257
2019-07-12 07:00,2019-07-12 08:00,0.700,11.175
2019-07-12 08:00,2019-07-12 09:00,0.605,10.246
2019-07-12 09:00,2019-07-12 10:00,0.428,8.715
2019-07-12 10:00,2019-07-12 11:00,0.254,7.222
2019-07-12 11:00,2019-07-12 12:00,0.158,6.231
2019-07-12 12:00,2019-07-12 13:00,0.119,5.770
2019-07-12 13:00,2019-07-12 14:00,0.113,5.690
2019-07-12 14:00,2019-07-12 15:00,0.124,5.835
2019-07-12 15:00,2019-07-12 16:00,0.144,6.073
2019-07-12 16:00,2019-07-12 17:00,0.169,6.364
2019-07-12 17:00,2019-07-12 18:00,0.177,6.450
2019-07-12 18:00,2019-07-12 19:00,0.159,6.247
2019-07-12 19:00,2019-07-12 20:00,0.143,6.071
2019-07-12 20:00,2019-07-12 21:00,0.128,5.883
2019-07-12 21:00,2019-07-12 22:00,0.105,5.588
2019-07-12 22:00,2019-07-12 23:00,0.090,5.371
2019-07-12 23:00,2019-07-13 00:00,0.075,5.139
2019-07-13 00:00,2019-07-13 01:00,0.058,4.846
2019-07-13 01:00,2019-07-13 02:00,0.044,4.572
2019-07-13 02:00,2019-07-13 03:00,0.037,4.385
2019-07-13 03:00,2019-07-13 04:00,0.028,4.183
2019-07-13 04:00,2019-07-13 05:00,0.022,3.969
2019-07-13 05:00,2019-07-13 06:00,0.015,3.737
2019-07-13 06:00,2019-07-13 07:00,0.045,4.580
2019-07-13 07:00,2019-07-13 08:00,0.051,4.717
2019-07-13 08:00,2019-07-13 09:00,0.043,4.539
2019-07-13 09:00,2019-07-13 10:00,0.032,4.281
2019-07-13 10:00,2019-07-13 11:00,0.017,3.802
2019-07-13 11:00,2019-07-13 12:00,0.007,3.323
2019-07-13 12:00,2019-07-13 13:00,0.004,2.972
2019-07-13 13:00,2019-07-13 14:00,0.002,2.785
2019-07-13 14:00,2019-07-13 15:00,0.002,2.726
2019-07-13 15:00,2019-07-13 16:00,0.002,2.674
2019-07-13 16:00,2019-07-13 17:00,0.002,2.723
2019-07-13 17:00,2019-07-13 18:00,0.005,3.101
2019-07-13 18:00,2019-07-13 19:00,0.016,3.784
2019-07-13 19:00,2019-07-13 20:00,0.024,4.055
2019-07-13 20:00,2019-07-13 21:00,0.024,4.059
2019-07-13 21:00,2019-07-13 22:00,0.023,4.026
2019-07-13 22:00,2019-07-13 23:00,0.023,4.013
2019-07-13 23:00,2019-07-14 00:00,0.019,3.866
2019-07-14 00:00,2019-07-14 01:00,0.017,3.787
2019-07-14 01:00,2019-07-14 02:00,0.020,3.897
2019-07-14 02:00,2019-07-14 03:00,0.024,4.028
2019-07-14 03:00,2019-07-14 04:00,0.027,4.129
2019-07-14 04:00,2019-07-14 05:00,0.037,4.404
2019-07-14 05:00,2019-07-14 06:00,0.052,4.722
2019-07-14 06:00,2019-07-14 07:00,0.036,4.371
2019-07-14 07:00,2019-07-14 08:00,0.029,4.192
2019-07-14 08:00,2019-07-14 09:00,0.002,2.831
2019-07-14 09:00,2019-07-14 10:00,0,0.038
2019-07-14 10:00,2019-07-14 11:00,0,0.424
2019-07-14 11:00,2019-07-14 12:00,0,1.195
2019-07-14 12:00,2019-07-14 13:00,0,1.755
2019-07-14 13:00,2019-07-14 14:00,0,2.246
2019-07-14 14:00,2019-07-14 15:00,0.001,2.619
2019-07-14 15:00,2019-07-14 16:00,0.004,3.000
2019-07-14 16:00,2019-07-14 17:00,0.006,3.180
2019-07-14 17:00,2019-07-14 18:00,0.002,2.770
2019-07-14 18:00,2019-07-14 19:00,0.001,2.369
2019-07-14 19:00,2019-07-14 20:00,0.001,2.359
2019-07-14 20:00,2019-07-14 21:00,0.001,2.543
2019-07-14 21:00,2019-07-14 22:00,0.004,3.003
2019-07-14 22:00,2019-07-14 23:00,0.019,3.882
2019-07-14 23:00,2019-07-15 00:00,0.063,4.934
2019-07-15 00:00,2019-07-15 01:00,0.122,5.798
2019-07-15 01:00,2019-07-15 02:00,0.171,6.384
2019-07-15 02:00,2019-07-15 03:00,0.195,6.646
2019-07-15 03:00,2019-07-15 04:00,0.188,6.569
2019-07-15 04:00,2019-07-15 05:00,0.164,6.306
2019-07-15 05:00,2019-07-15 06:00,0.128,5.892
2019-07-15 06:00,2019-07-15 07:00,0.066,4.982
2019-07-15 07:00,2019-07-15 08:00,0.063,4.937
2019-07-15 08:00,2019-07-15 09:00,0.034,4.331
2019-07-15 09:00,2019-07-15 10:00,0.007,3.281
2019-07-15 10:00,2019-07-15 11:00,0,1.718
2019-07-15 11:00,2019-07-15 12:00,0,0.506
2019-07-15 12:00,2019-07-15 13:00,0,0.862
2019-07-15 13:00,2019-07-15 14:00,0,1.658
2019-07-15 14:00,2019-07-15 15:00,0,2.152
2019-07-15 15:00,2019-07-15 16:00,0.001,2.535
2019-07-15 16:00,2019-07-15 17:00,0.003,2.911
2019-07-15 17:00,2019-07-15 18:00,0.010,3.491
2019-07-15 18:00,2019-07-15 19:00,0.049,4.653
2019-07-15 19:00,2019-07-15 20:00,0.110,5.656
2019-07-15 20:00,2019-07-15 21:00,0.177,6.449
2019-07-15 21:00,2019-07-15 22:00,0.230,6.988
2019-07-15 22:00,2019-07-15 23:00,0.268,7.344
2019-07-15 23:00,2019-07-16 00:00,0.290,7.544
2019-07-16 00:00,2019-07-16 01:00,0.302,7.643
2019-07-16 01:00,2019-07-16 02:00,0.290,7.549
2019-07-16 02:00,2019-07-16 03:00,0.257,7.236
2019-07-16 03:00,2019-07-16 04:00,0.209,6.781
2019-07-16 04:00,2019-07-16 05:00,0.160,6.263
2019-07-16 05:00,2019-07-16 06:00,0.110,5.650
2019-07-16 06:00,2019-07-16 07:00,0.057,4.833
2019-07-16 07:00,2019-07-16 08:00,0.067,5.012
2019-07-16 08:00,2019-07-16 09:00,0.028,4.156
2019-07-16 09:00,2019-07-16 10:00,0.008,3.330
2019-07-16 10:00,2019-07-16 11:00,0.005,3.133
2019-07-16 11:00,2019-07-16 12:00,0.008,3.337
2019-07-16 12:00,2019-07-16 13:00,0.013,3.638
2019-07-16 13:00,2019-07-16 14:00,0.021,3.948
2019-07-16 14:00,2019-07-16 15:00,0.030,4.230
2019-07-16 15:00,2019-07-16 16:00,0.043,4.543
2019-07-16 16:00,2019-07-16 17:00,0.067,5.013
2019-07-16 17:00,2019-07-16 18:00,0.116,5.737
2019-07-16 18:00,2019-07-16 19:00,0.225,6.935
2019-07-16 19:00,2019-07-16 20:00,0.292,7.566
2019-07-16 20:00,2019-07-16 21:00,0.307,7.701
2019-07-16 21:00,2019-07-16 22:00,0.287,7.512
2019-07-16 22:00,2019-07-16 23:00,0.241,7.093
2019-07-16 23:00,2019-07-17 00:00,0.190,6.582
2019-07-17 00:00,2019-07-17 01:00,0.152,6.170
2019-07-17 01:00,2019-07-17 02:00,0.123,5.830
2019-07-17 02:00,2019-07-17 03:00,0.099,5.511
2019-07-17 03:00,2019-07-17 04:00,0.076,5.160
2019-07-17 04:00,2019-07-17 05:00,0.058,4.843
2019-07-17 05:00,2019-07-17 06:00,0.041,4.506
2019-07-17 06:00,2019-07-17 07:00,0.037,4.391
2019-07-17 07:00,2019-07-17 08:00,0.042,4.510
2019-07-17 08:00,2019-07-17 09:00,0.005,3.140
2019-07-17 09:00,2019-07-17 10:00,0,0.769
2019-07-17 10:00,2019-07-17 11:00,0,0
2019-07-17 11:00,2019-07-17 12:00,0,0
2019-07-17 12:00,2019-07-17 13:00,0,0.556
2019-07-17 13:00,2019-07-17 14:00,0,1.009
2019-07-17 14:00,2019-07-17 15:00,0,1.292
2019-07-17 15:00,2019-07-17 16:00,0,1.409
2019-07-17 16:00,2019-07-17 17:00,0,1.374
2019-07-17 17:00,2019-07-17 18:00,0,1.328
2019-07-17 18:00,2019-07-17 19:00,0,2.143
2019-07-17 19:00,2019-07-17 20:00,0.015,3.723
2019-07-17 20:00,2019-07-17 21:00,0.065,4.980
2019-07-17 21:00,2019-07-17 22:00,0.122,5.801
2019-07-17 22:00,2019-07-17 23:00,0.168,6.350
2019-07-17 23:00,2019-07-18 00:00,0.189,6.573
2019-07-18 00:00,2019-07-18 01:00,0.189,6.575
2019-07-18 01:00,2019-07-18 02:00,0.180,6.476
2019-07-18 02:00,2019-07-18 03:00,0.170,6.368
2019-07-18 03:00,2019-07-18 04:00,0.163,6.300
2019-07-18 04:00,2019-07-18 05:00,0.154,6.187
2019-07-18 05:00,2019-07-18 06:00,0.130,5.909
2019-07-18 06:00,2019-07-18 07:00,0.098,5.488
2019-07-18 07:00,2019-07-18 08:00,0.098,5.492
2019-07-18 08:00,2019-07-18 09:00,0.052,4.723
2019-07-18 09:00,2019-07-18 10:00,0.019,3.889
2019-07-18 10:00,2019-07-18 11:00,0.005,3.129
2019-07-18 11:00,2019-07-18 12:00,0,1.932
2019-07-18 12:00,2019-07-18 13:00,0,0.884
2019-07-18 13:00,2019-07-18 14:00,0,0.333
2019-07-18 14:00,2019-07-18 15:00,0,0.105
2019-07-18 15:00,2019-07-18 16:00,0,0
2019-07-18 16:00,2019-07-18 17:00,0,0.080
2019-07-18 17:00,2019-07-18 18:00,0,2.039
2019-07-18 18:00,2019-07-18 19:00,0.034,4.319
2019-07-18 19:00,2019-07-18 20:00,0.154,6.191
2019-07-18 20:00,2019-07-18 21:00,0.252,7.189
2019-07-18 21:00,2019-07-18 22:00,0.295,7.591
2019-07-18 22:00,2019-07-18 23:00,0.313,7.750
2019-07-18 23:00,2019-07-19 00:00,0.304,7.659
2019-07-19 00:00,2019-07-19 01:00,0.262,7.280
2019-07-19 01:00,2019-07-19 02:00,0.215,6.836
2019-07-19 02:00,2019-07-19 03:00,0.180,6.477
2019-07-19 03:00,2019-07-19 04:00,0.156,6.216
2019-07-19 04:00,2019-07-19 05:00,0.145,6.083
2019-07-19 05:00,2019-07-19 06:00,0.136,5.974
2019-07-19 06:00,2019-07-19 07:00,0.178,6.454
2019-07-19 07:00,2019-07-19 08:00,0.221,6.904
2019-07-19 08:00,2019-07-19 09:00,0.205,6.737
2019-07-19 09:00,2019-07-19 10:00,0.176,6.434
2019-07-19 10:00,2019-07-19 11:00,0.146,6.107
2019-07-19 11:00,2019-07-19 12:00,0.115,5.717
2019-07-19 12:00,2019-07-19 13:00,0.088,5.342
2019-07-19 13:00,2019-07-19 14:00,0.075,5.145
2019-07-19 14:00,2019-07-19 15:00,0.070,5.054
2019-07-19 15:00,2019-07-19 16:00,0.084,5.280
2019-07-19 16:00,2019-07-19 17:00,0.123,5.819
2019-07-19 17:00,2019-07-19 18:00,0.195,6.644
2019-07-19 18:00,2019-07-19 19:00,0.281,7.464
2019-07-19 19:00,2019-07-19 20:00,0.342,7.993
2019-07-19 20:00,2019-07-19 21:00,0.357,8.120
2019-07-19 21:00,2019-07-19 22:00,0.344,8.008
2019-07-19 22:00,2019-07-19 23:00,0.322,7.823
2019-07-19 23:00,2019-07-20 00:00,0.277,7.429
2019-07-20 00:00,2019-07-20 01:00,0.231,6.990
2019-07-20 01:00,2019-07-20 02:00,0.182,6.509
2019-07-20 02:00,2019-07-20 03:00,0.134,5.953
2019-07-20 03:00,2019-07-20 04:00,0.097,5.467
2019-07-20 04:00,2019-07-20 05:00,0.072,5.087
2019-07-20 05:00,2019-07-20 06:00,0.081,5.237
2019-07-20 06:00,2019-07-20 07:00,0.169,6.363
2019-07-20 07:00,2019-07-20 08:00,0.195,6.643
2019-07-20 08:00,2019-07-20 09:00,0.165,6.322
2019-07-20 09:00,2019-07-20 10:00,0.107,5.614
2019-07-20 10:00,2019-07-20 11:00,0.059,4.866
2019-07-20 11:00,2019-07-20 12:00,0.028,4.164
2019-07-20 12:00,2019-07-20 13:00,0.011,3.528
2019-07-20 13:00,2019-07-20 14:00,0.003,2.922
2019-07-20 14:00,2019-07-20 15:00,0.001,2.481
2019-07-20 15:00,2019-07-20 16:00,0.001,2.419
2019-07-20 16:00,2019-07-20 17:00,0.002,2.826
2019-07-20 17:00,2019-07-20 18:00,0.015,3.735
2019-07-20 18:00,2019-07-20 19:00,0.072,5.096
2019-07-20 19:00,2019-07-20 20:00,0.137,6.000
2019-07-20 20:00,2019-07-20 21:00,0.166,6.325
2019-07-20 21:00,2019-07-20 22:00,0.158,6.235
2019-07-20 22:00,2019-07-20 23:00,0.143,6.067
2019-07-20 23:00,2019-07-21 00:00,0.132,5.936
2019-07-21 00:00,2019-07-21 01:00,0.121,5.795
2019-07-21 01:00,2019-07-21 02:00,0.111,5.667
2019-07-21 02:00,2019-07-21 03:00,0.107,5.621
2019-07-21 03:00,2019-07-21 04:00,0.113,5.695
2019-07-21 04:00,2019-07-21 05:00,0.115,5.719
2019-07-21 05:00,2019-07-21 06:00,0.090,5.370
2019-07-21 06:00,2019-07-21 07:00,0.126,5.861
2019-07-21 07:00,2019-07-21 08:00,0.152,6.179
2019-07-21 08:00,2019-07-21 09:00,0.080,5.219
2019-07-21 09:00,2019-07-21 10:00,0.034,4.340
2019-07-21 10:00,2019-07-21 11:00,0.012,3.574
2019-07-21 11:00,2019-07-21 12:00,0.004,3.008
2019-07-21 12:00,2019-07-21 13:00,0.002,2.694
2019-07-21 13:00,2019-07-21 14:00,0.001,2.577
2019-07-21 14:00,2019-07-21 15:00,0.001,2.519
2019-07-21 15:00,2019-07-21 16:00,0.001,2.458
2019-07-21 16:00,2019-07-21 17:00,0.001,2.439
2019-07-21 17:00,2019-07-21 18:00,0.003,2.938
2019-07-21 18:00,2019-07-21 19:00,0.043,4.529
2019-07-21 19:00,2019-07-21 20:00,0.119,5.768
2019-07-21 20:00,2019-07-21 21:00,0.163,6.299
2019-07-21 21:00,2019-07-21 22:00,0.178,6.457
2019-07-21 22:00,2019-07-21 23:00,0.186,6.548
2019-07-21 23:00,2019-07-22 00:00,0.179,6.466
2019-07-22 00:00,2019-07-22 01:00,0.167,6.333
2019-07-22 01:00,2019-07-22 02:00,0.160,6.268
2019-07-22 02:00,2019-07-22 03:00,0.155,6.205
2019-07-22 03:00,2019-07-22 04:00,0.146,6.107
2019-07-22 04:00,2019-07-22 05:00,0.130,5.909
2019-07-22 05:00,2019-07-22 06:00,0.108,5.634
2019-07-22 06:00,2019-07-22 07:00,0.100,5.518
2019-07-22 07:00,2019-07-22 08:00,0.127,5.876
2019-07-22 08:00,2019-07-22 09:00,0.103,5.555
2019-07-22 09:00,2019-07-22 10:00,0.045,4.596
2019-07-22 10:00,2019-07-22 11:00,0.007,3.298
2019-07-22 11:00,2019-07-22 12:00,0,1.573
2019-07-22 12:00,2019-07-22 13:00,0,0.922
2019-07-22 13:00,2019-07-22 14:00,0,2.069
2019-07-22 14:00,2019-07-22 15:00,0.003,2.865
2019-07-22 15:00,2019-07-22 16:00,0.008,3.330
2019-07-22 16:00,2019-07-22 17:00,0.015,3.720
2019-07-22 17:00,2019-07-22 18:00,0.033,4.314
2019-07-22 18:00,2019-07-22 19:00,0.092,5.397
2019-07-22 19:00,2019-07-22 20:00,0.142,6.060
2019-07-22 20:00,2019-07-22 21:00,0.154,6.194
2019-07-22 21:00,2019-07-22 22:00,0.137,6.002
2019-07-22 22:00,2019-07-22 23:00,0.110,5.655
2019-07-22 23:00,2019-07-23 00:00,0.080,5.225
2019-07-23 00:00,2019-07-23 01:00,0.055,4.788
2019-07-23 01:00,2019-07-23 02:00,0.036,4.374
2019-07-23 02:00,2019-07-23 03:00,0.024,4.048
2019-07-23 03:00,2019-07-23 04:00,0.020,3.915
2019-07-23 04:00,2019-07-23 05:00,0.020,3.899
2019-07-23 05:00,2019-07-23 06:00,0.017,3.802
2019-07-23 06:00,2019-07-23 07:00,0.043,4.528
2019-07-23 07:00,2019-07-23 08:00,0.058,4.843
2019-07-23 08:00,2019-07-23 09:00,0.062,4.923
2019-07-23 09:00,2019-07-23 10:00,0.067,5.011
2019-07-23 10:00,2019-07-23 11:00,0.063,4.942
2019-07-23 11:00,2019-07-23 12:00,0.053,4.746
2019-07-23 12:00,2019-07-23 13:00,0.041,4.490
2019-07-23 13:00,2019-07-23 14:00,0.031,4.254
2019-07-23 14:00,2019-07-23 15:00,0.026,4.106
2019-07-23 15:00,2019-07-23 16:00,0.023,4.013
2019-07-23 16:00,2019-07-23 17:00,0.023,4.008
2019-07-23 17:00,2019-07-23 18:00,0.027,4.132
2019-07-23 18:00,2019-07-23 19:00,0.049,4.651
2019-07-23 19:00,2019-07-23 20:00,0.075,5.139
2019-07-23 20:00,2019-07-23 21:00,0.098,5.493
2019-07-23 21:00,2019-07-23 22:00,0.113,5.690
2019-07-23 22:00,2019-07-23 23:00,0.115,5.714
2019-07-23 23:00,2019-07-24 00:00,0.106,5.600
2019-07-24 00:00,2019-07-24 01:00,0.088,5.338
2019-07-24 01:00,2019-07-24 02:00,0.055,4.785
2019-07-24 02:00,2019-07-24 03:00,0.022,3.975
2019-07-24 03:00,2019-07-24 04:00,0.008,3.379
2019-07-24 04:00,2019-07-24 05:00,0.007,3.271
2019-07-24 05:00,2019-07-24 06:00,0.008,3.360
2019-07-24 06:00,2019-07-24 07:00,0.016,3.761
2019-07-24 07:00,2019-07-24 08:00,0.022,3.964
2019-07-24 08:00,2019-07-24 09:00,0.006,3.211
2019-07-24 09:00,2019-07-24 10:00,0.001,2.454
2019-07-24 10:00,2019-07-24 11:00,0,0.841
2019-07-24 11:00,2019-07-24 12:00,0,0.023
2019-07-24 12:00,2019-07-24 13:00,0,0
2019-07-24 13:00,2019-07-24 14:00,0,0.354
2019-07-24 14:00,2019-07-24 15:00,0,1.220
2019-07-24 15:00,2019-07-24 16:00,0,1.811
2019-07-24 16:00,2019-07-24 17:00,0,2.029
2019-07-24 17:00,2019-07-24 18:00,0,2.286
2019-07-24 18:00,2019-07-24 19:00,0.003,2.928
2019-07-24 19:00,2019-07-24 20:00,0.017,3.788
2019-07-24 20:00,2019-07-24 21:00,0.047,4.629
2019-07-24 21:00,2019-07-24 22:00,0.074,5.125
2019-07-24 22:00,2019-07-24 23:00,0.089,5.363
2019-07-24 23:00,2019-07-25 00:00,0.089,5.364
2019-07-25 00:00,2019-07-25 01:00,0.081,5.229
2019-07-25 01:00,2019-07-25 02:00,0.090,5.379
2019-07-25 02:00,2019-07-25 03:00,0.122,5.798
2019-07-25 03:00,2019-07-25 04:00,0.145,6.093
2019-07-25 04:00,2019-07-25 05:00,0.142,6.060
2019-07-25 05:00,2019-07-25 06:00,0.132,5.935
2019-07-25 06:00,2019-07-25 07:00,0.187,6.564
2019-07-25 07:00,2019-07-25 08:00,0.175,6.425
2019-07-25 08:00,2019-07-25 09:00,0.093,5.417
2019-07-25 09:00,2019-07-25 10:00,0.038,4.419
2019-07-25 10:00,2019-07-25 11:00,0.011,3.533
2019-07-25 11:00,2019-07-25 12:00,0.003,2.931
2019-07-25 12:00,2019-07-25 13:00,0.001,2.616
2019-07-25 13:00,2019-07-25 14:00,0.001,2.484
2019-07-25 14:00,2019-07-25 15:00,0.001,2.606
2019-07-25 15:00,2019-07-25 16:00,0.004,2.976
2019-07-25 16:00,2019-07-25 17:00,0.011,3.516
2019-07-25 17:00,2019-07-25 18:00,0.033,4.305
2019-07-25 18:00,2019-07-25 19:00,0.096,5.455
2019-07-25 19:00,2019-07-25 20:00,0.150,6.155
2019-07-25 20:00,2019-07-25 21:00,0.177,6.450
2019-07-25 21:00,2019-07-25 22:00,0.187,6.561
2019-07-25 22:00,2019-07-25 23:00,0.194,6.632
2019-07-25 23:00,2019-07-26 00:00,0.196,6.647
2019-07-26 00:00,2019-07-26 01:00,0.180,6.475
2019-07-26 01:00,2019-07-26 02:00,0.145,6.087
2019-07-26 02:00,2019-07-26 03:00,0.104,5.559
2019-07-26 03:00,2019-07-26 04:00,0.072,5.100
2019-07-26 04:00,2019-07-26 05:00,0.060,4.875
2019-07-26 05:00,2019-07-26 06:00,0.072,5.087
2019-07-26 06:00,2019-07-26 07:00,0.187,6.556
2019-07-26 07:00,2019-07-26 08:00,0.335,7.943
2019-07-26 08:00,2019-07-26 09:00,0.282,7.476
2019-07-26 09:00,2019-07-26 10:00,0.192,6.598
2019-07-26 10:00,2019-07-26 11:00,0.110,5.652
2019-07-26 11:00,2019-07-26 12:00,0.056,4.809
2019-07-26 12:00,2019-07-26 13:00,0.029,4.208
2019-07-26 13:00,2019-07-26 14:00,0.019,3.865
2019-07-26 14:00,2019-07-26 15:00,0.013,3.622
2019-07-26 15:00,2019-07-26 16:00,0.010,3.455
2019-07-26 16:00,2019-07-26 17:00,0.010,3.488
2019-07-26 17:00,2019-07-26 18:00,0.043,4.537
2019-07-26 18:00,2019-07-26 19:00,0.186,6.548
2019-07-26 19:00,2019-07-26 20:00,0.302,7.643
2019-07-26 20:00,2019-07-26 21:00,0.324,7.841
2019-07-26 21:00,2019-07-26 22:00,0.318,7.787
2019-07-26 22:00,2019-07-26 23:00,0.307,7.696
2019-07-26 23:00,2019-07-27 00:00,0.292,7.564
2019-07-27 00:00,2019-07-27 01:00,0.279,7.451
2019-07-27 01:00,2019-07-27 02:00,0.275,7.413
2019-07-27 02:00,2019-07-27 03:00,0.279,7.448
2019-07-27 03:00,2019-07-27 04:00,0.290,7.543
2019-07-27 04:00,2019-07-27 05:00,0.289,7.541
2019-07-27 05:00,2019-07-27 06:00,0.268,7.344
2019-07-27 06:00,2019-07-27 07:00,0.240,7.079
2019-07-27 07:00,2019-07-27 08:00,0.275,7.404
2019-07-27 08:00,2019-07-27 09:00,0.233,7.009
2019-07-27 09:00,2019-07-27 10:00,0.166,6.327
2019-07-27 10:00,2019-07-27 11:00,0.087,5.327
2019-07-27 11:00,2019-07-27 12:00,0.034,4.327
2019-07-27 12:00,2019-07-27 13:00,0.011,3.513
2019-07-27 13:00,2019-07-27 14:00,0.003,2.869
2019-07-27 14:00,2019-07-27 15:00,0.001,2.344
2019-07-27 15:00,2019-07-27 16:00,0,2.156
2019-07-27 16:00,2019-07-27 17:00,0.001,2.434
2019-07-27 17:00,2019-07-27 18:00,0.018,3.849
2019-07-27 18:00,2019-07-27 19:00,0.154,6.186
2019-07-27 19:00,2019-07-27 20:00,0.273,7.386
2019-07-27 20:00,2019-07-27 21:00,0.325,7.848
2019-07-27 21:00,2019-07-27 22:00,0.331,7.900
2019-07-27 22:00,2019-07-27 23:00,0.315,7.770
2019-07-27 23:00,2019-07-28 00:00,0.299,7.618
2019-07-28 00:00,2019-07-28 01:00,0.275,7.413
2019-07-28 01:00,2019-07-28 02:00,0.248,7.160
2019-07-28 02:00,2019-07-28 03:00,0.223,6.918
2019-07-28 03:00,2019-07-28 04:00,0.210,6.793
2019-07-28 04:00,2019-07-28 05:00,0.206,6.746
2019-07-28 05:00,2019-07-28 06:00,0.192,6.603
2019-07-28 06:00,2019-07-28 07:00,0.215,6.842
2019-07-28 07:00,2019-07-28 08:00,0.288,7.525
2019-07-28 08:00,2019-07-28 09:00,0.252,7.205
2019-07-28 09:00,2019-07-28 10:00,0.195,6.638
2019-07-28 10:00,2019-07-28 11:00,0.146,6.102
2019-07-28 11:00,2019-07-28 12:00,0.103,5.551
2019-07-28 12:00,2019-07-28 13:00,0.067,5.015
2019-07-28 13:00,2019-07-28 14:00,0.046,4.609
2019-07-28 14:00,2019-07-28 15:00,0.040,4.476
2019-07-28 15:00,2019-07-28 16:00,0.056,4.804
2019-07-28 16:00,2019-07-28 17:00,0.120,5.777
2019-07-28 17:00,2019-07-28 18:00,0.236,7.046
2019-07-28 18:00,2019-07-28 19:00,0.362,8.167
2019-07-28 19:00,2019-07-28 20:00,0.401,8.498
2019-07-28 20:00,2019-07-28 21:00,0.363,8.180
2019-07-28 21:00,2019-07-28 22:00,0.299,7.625
2019-07-28 22:00,2019-07-28 23:00,0.225,6.937
2019-07-28 23:00,2019-07-29 00:00,0.140,6.034
2019-07-29 00:00,2019-07-29 01:00,0.080,5.220
2019-07-29 01:00,2019-07-29 02:00,0.051,4.714
2019-07-29 02:00,2019-07-29 03:00,0.046,4.603
2019-07-29 03:00,2019-07-29 04:00,0.066,4.992
2019-07-29 04:00,2019-07-29 05:00,0.082,5.259
2019-07-29 05:00,2019-07-29 06:00,0.083,5.272
2019-07-29 06:00,2019-07-29 07:00,0.172,6.399
2019-07-29 07:00,2019-07-29 08:00,0.228,6.961
2019-07-29 08:00,2019-07-29 09:00,0.146,6.097
2019-07-29 09:00,2019-07-29 10:00,0.083,5.271
2019-07-29 10:00,2019-07-29 11:00,0.046,4.604
2019-07-29 11:00,2019-07-29 12:00,0.028,4.173
2019-07-29 12:00,2019-07-29 13:00,0.022,3.969
2019-07-29 13:00,2019-07-29 14:00,0.017,3.825
2019-07-29 14:00,2019-07-29 15:00,0.016,3.748
2019-07-29 15:00,2019-07-29 16:00,0.015,3.735
2019-07-29 16:00,2019-07-29 17:00,0.014,3.672
2019-07-29 17:00,2019-07-29 18:00,0.018,3.830
2019-07-29 18:00,2019-07-29 19:00,0.042,4.512
2019-07-29 19:00,2019-07-29 20:00,0.071,5.079
2019-07-29 20:00,2019-07-29 21:00,0.096,5.459
2019-07-29 21:00,2019-07-29 22:00,0.117,5.744
2019-07-29 22:00,2019-07-29 23:00,0.138,6.007
2019-07-29 23:00,2019-07-30 00:00,0.149,6.143
2019-07-30 00:00,2019-07-30 01:00,0.147,6.111
2019-07-30 01:00,2019-07-30 02:00,0.134,5.951
2019-07-30 02:00,2019-07-30 03:00,0.111,5.670
2019-07-30 03:00,2019-07-30 04:00,0.080,5.222
2019-07-30 04:00,2019-07-30 05:00,0.066,4.991
2019-07-30 05:00,2019-07-30 06:00,0.060,4.870
2019-07-30 06:00,2019-07-30 07:00,0.109,5.638
2019-07-30 07:00,2019-07-30 08:00,0.226,6.940
2019-07-30 08:00,2019-07-30 09:00,0.166,6.324
2019-07-30 09:00,2019-07-30 10:00,0.095,5.443
2019-07-30 10:00,2019-07-30 11:00,0.058,4.843
2019-07-30 11:00,2019-07-30 12:00,0.038,4.420
2019-07-30 12:00,2019-07-30 13:00,0.027,4.131
2019-07-30 13:00,2019-07-30 14:00,0.022,3.978
2019-07-30 14:00,2019-07-30 15:00,0.020,3.904
2019-07-30 15:00,2019-07-30 16:00,0.023,4.013
2019-07-30 16:00,2019-07-30 17:00,0.041,4.508
2019-07-30 17:00,2019-07-30 18:00,0.087,5.328
2019-07-30 18:00,2019-07-30 19:00,0.171,6.384
2019-07-30 19:00,2019-07-30 20:00,0.217,6.863
2019-07-30 20:00,2019-07-30 21:00,0.233,7.010
2019-07-30 21:00,2019-07-30 22:00,0.240,7.080
2019-07-30 22:00,2019-07-30 23:00,0.240,7.083
2019-07-30 23:00,2019-07-31 00:00,0.208,6.766
2019-07-31 00:00,2019-07-31 01:00,0.172,6.403
2019-07-31 01:00,2019-07-31 02:00,0.159,6.248
2019-07-31 02:00,2019-07-31 03:00,0.148,6.127
2019-07-31 03:00,2019-07-31 04:00,0.137,5.999
2019-07-31 04:00,2019-07-31 05:00,0.127,5.880
2019-07-31 05:00,2019-07-31 06:00,0.111,5.668
2019-07-31 06:00,2019-07-31 07:00,0.224,6.921
2019-07-31 07:00,2019-07-31 08:00,0.299,7.630
2019-07-31 08:00,2019-07-31 09:00,0.237,7.056
2019-07-31 09:00,2019-07-31 10:00,0.163,6.299
2019-07-31 10:00,2019-07-31 11:00,0.103,5.550
2019-07-31 11:00,2019-07-31 12:00,0.055,4.785
2019-07-31 12:00,2019-07-31 13:00,0.025,4.079
2019-07-31 13:00,2019-07-31 14:00,0.010,3.490
2019-07-31 14:00,2019-07-31 15:00,0.004,3.035
2019-07-31 15:00,2019-07-31 16:00,0.002,2.717
2019-07-31 16:00,2019-07-31 17:00,0.001,2.561
2019-07-31 17:00,2019-07-31 18:00,0.005,3.155
2019-07-31 18:00,2019-07-31 19:00,0.055,4.785
2019-07-31 19:00,2019-07-31 20:00,0.158,6.239
2019-07-31 20:00,2019-07-31 21:00,0.247,7.143
2019-07-31 21:00,2019-07-31 22:00,0.273,7.387
2019-07-31 22:00,2019-07-31 23:00,0.271,7.370
2019-07-31 23:00,2019-08-01 00:00,0.259,7.266
2019-08-01 00:00,2019-08-01 01:00,0.248,7.154
2019-08-01 01:00,2019-08-01 02:00,0.232,7.008
2019-08-01 02:00,2019-08-01 03:00,0.205,6.738
2019-08-01 03:00,2019-08-01 04:00,0.159,6.245
2019-08-01 04:00,2019-08-01 05:00,0.122,5.800
2019-08-01 05:00,2019-08-01 06:00,0.089,5.354
2019-08-01 06:00,2019-08-01 07:00,0.052,4.726
2019-08-01 07:00,2019-08-01 08:00,0.138,6.008
2019-08-01 08:00,2019-08-01 09:00,0.091,5.392
2019-08-01 09:00,2019-08-01 10:00,0.038,4.417
2019-08-01 10:00,2019-08-01 11:00,0.009,3.441
2019-08-01 11:00,2019-08-01 12:00,0.001,2.521
2019-08-01 12:00,2019-08-01 13:00,0,1.872
2019-08-01 13:00,2019-08-01 14:00,0,1.465
2019-08-01 14:00,2019-08-01 15:00,0,0.948
2019-08-01 15:00,2019-08-01 16:00,0,0.698
2019-08-01 16:00,2019-08-01 17:00,0,0.953
2019-08-01 17:00,2019-08-01 18:00,0.001,2.403
2019-08-01 18:00,2019-08-01 19:00,0.067,5.009
2019-08-01 19:00,2019-08-01 20:00,0.206,6.746
2019-08-01 20:00,2019-08-01 21:00,0.293,7.572
2019-08-01 21:00,2019-08-01 22:00,0.355,8.099
2019-08-01 22:00,2019-08-01 23:00,0.404,8.514
2019-08-01 23:00,2019-08-02 00:00,0.424,8.687
2019-08-02 00:00,2019-08-02 01:00,0.434,8.770
2019-08-02 01:00,2019-08-02 02:00,0.443,8.846
2019-08-02 02:00,2019-08-02 03:00,0.451,8.911
2019-08-02 03:00,2019-08-02 04:00,0.450,8.900
2019-08-02 04:00,2019-08-02 05:00,0.436,8.792
2019-08-02 05:00,2019-08-02 06:00,0.406,8.538
2019-08-02 06:00,2019-08-02 07:00,0.494,9.275
2019-08-02 07:00,2019-08-02 08:00,0.634,10.513
2019-08-02 08:00,2019-08-02 09:00,0.623,10.402
2019-08-02 09:00,2019-08-02 10:00,0.561,9.848
2019-08-02 10:00,2019-08-02 11:00,0.491,9.242
2019-08-02 11:00,2019-08-02 12:00,0.417,8.633
2019-08-02 12:00,2019-08-02 13:00,0.363,8.178
2019-08-02 13:00,2019-08-02 14:00,0.331,7.897
2019-08-02 14:00,2019-08-02 15:00,0.302,7.641
2019-08-02 15:00,2019-08-02 16:00,0.251,7.186
2019-08-02 16:00,2019-08-02 17:00,0.186,6.548
2019-08-02 17:00,2019-08-02 18:00,0.113,5.696
2019-08-02 18:00,2019-08-02 19:00,0.075,5.147
2019-08-02 19:00,2019-08-02 20:00,0.072,5.096
2019-08-02 20:00,2019-08-02 21:00,0.083,5.272
2019-08-02 21:00,2019-08-02 22:00,0.136,5.976
2019-08-02 22:00,2019-08-02 23:00,0.219,6.870
2019-08-02 23:00,2019-08-03 00:00,0.255,7.228
2019-08-03 00:00,2019-08-03 01:00,0.240,7.083
2019-08-03 01:00,2019-08-03 02:00,0.197,6.659
2019-08-03 02:00,2019-08-03 03:00,0.154,6.190
2019-08-03 03:00,2019-08-03 04:00,0.120,5.781
2019-08-03 04:00,2019-08-03 05:00,0.097,5.465
2019-08-03 05:00,2019-08-03 06:00,0.070,5.050
2019-08-03 06:00,2019-08-03 07:00,0.096,5.459
2019-08-03 07:00,2019-08-03 08:00,0.139,6.018
2019-08-03 08:00,2019-08-03 09:00,0.091,5.390
2019-08-03 09:00,2019-08-03 10:00,0.037,4.391
2019-08-03 10:00,2019-08-03 11:00,0.012,3.575
2019-08-03 11:00,2019-08-03 12:00,0.004,3.011
2019-08-03 12:00,2019-08-03 13:00,0.002,2.695
2019-08-03 13:00,2019-08-03 14:00,0.001,2.523
2019-08-03 14:00,2019-08-03 15:00,0.001,2.583
2019-08-03 15:00,2019-08-03 16:00,0.003,2.887
2019-08-03 16:00,2019-08-03 17:00,0.009,3.447
2019-08-03 17:00,2019-08-03 18:00,0.031,4.257
2019-08-03 18:00,2019-08-03 19:00,0.071,5.073
2019-08-03 19:00,2019-08-03 20:00,0.088,5.345
2019-08-03 20:00,2019-08-03 21:00,0.092,5.399
2019-08-03 21:00,2019-08-03 22:00,0.092,5.398
2019-08-03 22:00,2019-08-03 23:00,0.089,5.366
2019-08-03 23:00,2019-08-04 00:00,0.092,5.409
2019-08-04 00:00,2019-08-04 01:00,0.098,5.486
2019-08-04 01:00,2019-08-04 02:00,0.104,5.568
2019-08-04 02:00,2019-08-04 03:00,0.108,5.623
2019-08-04 03:00,2019-08-04 04:00,0.109,5.635
2019-08-04 04:00,2019-08-04 05:00,0.101,5.523
2019-08-04 05:00,2019-08-04 06:00,0.104,5.569
2019-08-04 06:00,2019-08-04 07:00,0.211,6.804
2019-08-04 07:00,2019-08-04 08:00,0.154,6.192
2019-08-04 08:00,2019-08-04 09:00,0.050,4.699
2019-08-04 09:00,2019-08-04 10:00,0.008,3.389
2019-08-04 10:00,2019-08-04 11:00,0,2.081
2019-08-04 11:00,2019-08-04 12:00,0,0.851
2019-08-04 12:00,2019-08-04 13:00,0,0.119
2019-08-04 13:00,2019-08-04 14:00,0,0
2019-08-04 14:00,2019-08-04 15:00,0,0
2019-08-04 15:00,2019-08-04 16:00,0,1.282
2019-08-04 16:00,2019-08-04 17:00,0.001,2.561
2019-08-04 17:00,2019-08-04 18:00,0.021,3.957
2019-08-04 18:00,2019-08-04 19:00,0.086,5.311
2019-08-04 19:00,2019-08-04 20:00,0.113,5.689
2019-08-04 20:00,2019-08-04 21:00,0.106,5.596
2019-08-04 21:00,2019-08-04 22:00,0.097,5.471
2019-08-04 22:00,2019-08-04 23:00,0.097,5.463
2019-08-04 23:00,2019-08-05 00:00,0.105,5.588
2019-08-05 00:00,2019-08-05 01:00,0.110,5.659
2019-08-05 01:00,2019-08-05 02:00,0.102,5.542
2019-08-05 02:00,2019-08-05 03:00,0.078,5.186
2019-08-05 03:00,2019-08-05 04:00,0.048,4.648
2019-08-05 04:00,2019-08-05 05:00,0.033,4.295
2019-08-05 05:00,2019-08-05 06:00,0.030,4.222
2019-08-05 06:00,2019-08-05 07:00,0.050,4.692
2019-08-05 07:00,2019-08-05 08:00,0.096,5.453
2019-08-05 08:00,2019-08-05 09:00,0.038,4.434
2019-08-05 09:00,2019-08-05 10:00,0.016,3.749
2019-08-05 10:00,2019-08-05 11:00,0.022,3.971
2019-08-05 11:00,2019-08-05 12:00,0.027,4.125
2019-08-05 12:00,2019-08-05 13:00,0.023,4.003
2019-08-05 13:00,2019-08-05 14:00,0.019,3.866
2019-08-05 14:00,2019-08-05 15:00,0.017,3.798
2019-08-05 15:00,2019-08-05 16:00,0.013,3.645
2019-08-05 16:00,2019-08-05 17:00,0.009,3.426
2019-08-05 17:00,2019-08-05 18:00,0.011,3.512
2019-08-05 18:00,2019-08-05 19:00,0.031,4.259
2019-08-05 19:00,2019-08-05 20:00,0.058,4.848
2019-08-05 20:00,2019-08-05 21:00,0.074,5.132
2019-08-05 21:00,2019-08-05 22:00,0.076,5.157
2019-08-05 22:00,2019-08-05 23:00,0.071,5.060
2019-08-05 23:00,2019-08-06 00:00,0.063,4.932
2019-08-06 00:00,2019-08-06 01:00,0.053,4.756
2019-08-06 01:00,2019-08-06 02:00,0.041,4.500
2019-08-06 02:00,2019-08-06 03:00,0.030,4.221
2019-08-06 03:00,2019-08-06 04:00,0.026,4.097
2019-08-06 04:00,2019-08-06 05:00,0.025,4.078
2019-08-06 05:00,2019-08-06 06:00,0.023,4.005
2019-08-06 06:00,2019-08-06 07:00,0.019,3.876
2019-08-06 07:00,2019-08-06 08:00,0.031,4.263
2019-08-06 08:00,2019-08-06 09:00,0.021,3.947
2019-08-06 09:00,2019-08-06 10:00,0.017,3.821
2019-08-06 10:00,2019-08-06 11:00,0.017,3.792
2019-08-06 11:00,2019-08-06 12:00,0.014,3.671
2019-08-06 12:00,2019-08-06 13:00,0.010,3.449
2019-08-06 13:00,2019-08-06 14:00,0.007,3.290
2019-08-06 14:00,2019-08-06 15:00,0.007,3.260
2019-08-06 15:00,2019-08-06 16:00,0.008,3.345
2019-08-06 16:00,2019-08-06 17:00,0.014,3.688
2019-08-06 17:00,2019-08-06 18:00,0.050,4.691
2019-08-06 18:00,2019-08-06 19:00,0.145,6.082
2019-08-06 19:00,2019-08-06 20:00,0.200,6.686
2019-08-06 20:00,2019-08-06 21:00,0.210,6.791
2019-08-06 21:00,2019-08-06 22:00,0.201,6.690
2019-08-06 22:00,2019-08-06 23:00,0.179,6.472
2019-08-06 23:00,2019-08-07 00:00,0.152,6.167
2019-08-07 00:00,2019-08-07 01:00,0.130,5.914
2019-08-07 01:00,2019-08-07 02:00,0.111,5.670
2019-08-07 02:00,2019-08-07 03:00,0.087,5.325
2019-08-07 03:00,2019-08-07 04:00,0.065,4.971
2019-08-07 04:00,2019-08-07 05:00,0.046,4.601
2019-08-07 05:00,2019-08-07 06:00,0.030,4.219
2019-08-07 06:00,2019-08-07 07:00,0.048,4.635
2019-08-07 07:00,2019-08-07 08:00,0.109,5.643
2019-08-07 08:00,2019-08-07 09:00,0.061,4.910
2019-08-07 09:00,2019-08-07 10:00,0.030,4.219
2019-08-07 10:00,2019-08-07 11:00,0.014,3.669
2019-08-07 11:00,2019-08-07 12:00,0.005,3.175
2019-08-07 12:00,2019-08-07 13:00,0.002,2.778
2019-08-07 13:00,2019-08-07 14:00,0.001,2.462
2019-08-07 14:00,2019-08-07 15:00,0,2.103
2019-08-07 15:00,2019-08-07 16:00,0,1.617
2019-08-07 16:00,2019-08-07 17:00,0,0.993
2019-08-07 17:00,2019-08-07 18:00,0,1.276
2019-08-07 18:00,2019-08-07 19:00,0.002,2.690
2019-08-07 19:00,2019-08-07 20:00,0.028,4.179
2019-08-07 20:00,2019-08-07 21:00,0.104,5.563
2019-08-07 21:00,2019-08-07 22:00,0.170,6.381
2019-08-07 22:00,2019-08-07 23:00,0.182,6.506
2019-08-07 23:00,2019-08-08 00:00,0.162,6.287
2019-08-08 00:00,2019-08-08 01:00,0.148,6.128
2019-08-08 01:00,2019-08-08 02:00,0.148,6.130
2019-08-08 02:00,2019-08-08 03:00,0.158,6.235
2019-08-08 03:00,2019-08-08 04:00,0.164,6.315
2019-08-08 04:00,2019-08-08 05:00,0.161,6.274
2019-08-08 05:00,2019-08-08 06:00,0.145,6.086
2019-08-08 06:00,2019-08-08 07:00,0.111,5.669
2019-08-08 07:00,2019-08-08 08:00,0.121,5.785
2019-08-08 08:00,2019-08-08 09:00,0.063,4.943
2019-08-08 09:00,2019-08-08 10:00,0.012,3.566
2019-08-08 10:00,2019-08-08 11:00,0,2.259
2019-08-08 11:00,2019-08-08 12:00,0,1.339
2019-08-08 12:00,2019-08-08 13:00,0,0.681
2019-08-08 13:00,2019-08-08 14:00,0,0.372
2019-08-08 14:00,2019-08-08 15:00,0,0.118
2019-08-08 15:00,2019-08-08 16:00,0,1.218
2019-08-08 16:00,2019-08-08 17:00,0.010,3.485
2019-08-08 17:00,2019-08-08 18:00,0.114,5.699
2019-08-08 18:00,2019-08-08 19:00,0.295,7.586
2019-08-08 19:00,2019-08-08 20:00,0.426,8.705
2019-08-08 20:00,2019-08-08 21:00,0.482,9.165
2019-08-08 21:00,2019-08-08 22:00,0.439,8.814
2019-08-08 22:00,2019-08-08 23:00,0.396,8.458
2019-08-08 23:00,2019-08-09 00:00,0.331,7.906
2019-08-09 00:00,2019-08-09 01:00,0.262,7.292
2019-08-09 01:00,2019-08-09 02:00,0.221,6.895
2019-08-09 02:00,2019-08-09 03:00,0.206,6.746
2019-08-09 03:00,2019-08-09 04:00,0.228,6.962
2019-08-09 04:00,2019-08-09 05:00,0.244,7.115
2019-08-09 05:00,2019-08-09 06:00,0.219,6.882
2019-08-09 06:00,2019-08-09 07:00,0.268,7.342
2019-08-09 07:00,2019-08-09 08:00,0.325,7.846
2019-08-09 08:00,2019-08-09 09:00,0.275,7.404
2019-08-09 09:00,2019-08-09 10:00,0.223,6.919
2019-08-09 10:00,2019-08-09 11:00,0.188,6.565
2019-08-09 11:00,2019-08-09 12:00,0.165,6.323
2019-08-09 12:00,2019-08-09 13:00,0.150,6.148
2019-08-09 13:00,2019-08-09 14:00,0.132,5.934
2019-08-09 14:00,2019-08-09 15:00,0.116,5.736
2019-08-09 15:00,2019-08-09 16:00,0.101,5.528
2019-08-09 16:00,2019-08-09 17:00,0.089,5.366
2019-08-09 17:00,2019-08-09 18:00,0.082,5.259
2019-08-09 18:00,2019-08-09 19:00,0.091,5.384
2019-08-09 19:00,2019-08-09 20:00,0.106,5.594
2019-08-09 20:00,2019-08-09 21:00,0.122,5.802
2019-08-09 21:00,2019-08-09 22:00,0.128,5.882
2019-08-09 22:00,2019-08-09 23:00,0.121,5.795
2019-08-09 23:00,2019-08-10 00:00,0.104,5.560
2019-08-10 00:00,2019-08-10 01:00,0.088,5.338
2019-08-10 01:00,2019-08-10 02:00,0.075,5.144
2019-08-10 02:00,2019-08-10 03:00,0.062,4.925
2019-08-10 03:00,2019-08-10 04:00,0.056,4.792
2019-08-10 04:00,2019-08-10 05:00,0.053,4.759
2019-08-10 05:00,2019-08-10 06:00,0.053,4.751
2019-08-10 06:00,2019-08-10 07:00,0.110,5.657
2019-08-10 07:00,2019-08-10 08:00,0.201,6.693
2019-08-10 08:00,2019-08-10 09:00,0.206,6.743
2019-08-10 09:00,2019-08-10 10:00,0.192,6.612
2019-08-10 10:00,2019-08-10 11:00,0.186,6.552
2019-08-10 11:00,2019-08-10 12:00,0.183,6.513
2019-08-10 12:00,2019-08-10 13:00,0.179,6.463
2019-08-10 13:00,2019-08-10 14:00,0.171,6.384
2019-08-10 14:00,2019-08-10 15:00,0.162,6.285
2019-08-10 15:00,2019-08-10 16:00,0.154,6.187
2019-08-10 16:00,2019-08-10 17:00,0.150,6.151
2019-08-10 17:00,2019-08-10 18:00,0.167,6.334
2019-08-10 18:00,2019-08-10 19:00,0.237,7.062
2019-08-10 19:00,2019-08-10 20:00,0.275,7.398
2019-08-10 20:00,2019-08-10 21:00,0.280,7.460
2019-08-10 21:00,2019-08-10 22:00,0.290,7.545
2019-08-10 22:00,2019-08-10 23:00,0.297,7.608
2019-08-10 23:00,2019-08-11 00:00,0.282,7.474
2019-08-11 00:00,2019-08-11 01:00,0.256,7.236
2019-08-11 01:00,2019-08-11 02:00,0.233,7.023
2019-08-11 02:00,2019-08-11 03:00,0.213,6.823
2019-08-11 03:00,2019-08-11 04:00,0.194,6.631
2019-08-11 04:00,2019-08-11 05:00,0.182,6.511
2019-08-11 05:00,2019-08-11 06:00,0.168,6.354
2019-08-11 06:00,2019-08-11 07:00,0.290,7.547
2019-08-11 07:00,2019-08-11 08:00,0.468,9.051
2019-08-11 08:00,2019-08-11 09:00,0.390,8.408
2019-08-11 09:00,2019-08-11 10:00,0.281,7.466
2019-08-11 10:00,2019-08-11 11:00,0.199,6.674
2019-08-11 11:00,2019-08-11 12:00,0.146,6.109
2019-08-11 12:00,2019-08-11 13:00,0.114,5.702
2019-08-11 13:00,2019-08-11 14:00,0.091,5.385
2019-08-11 14:00,2019-08-11 15:00,0.074,5.125
2019-08-11 15:00,2019-08-11 16:00,0.066,4.991
2019-08-11 16:00,2019-08-11 17:00,0.068,5.023
2019-08-11 17:00,2019-08-11 18:00,0.074,5.124
2019-08-11 18:00,2019-08-11 19:00,0.119,5.774
2019-08-11 19:00,2019-08-11 20:00,0.184,6.524
2019-08-11 20:00,2019-08-11 21:00,0.251,7.183
2019-08-11 21:00,2019-08-11 22:00,0.307,7.697
2019-08-11 22:00,2019-08-11 23:00,0.345,8.022
2019-08-11 23:00,2019-08-12 00:00,0.363,8.169
2019-08-12 00:00,2019-08-12 01:00,0.348,8.045
2019-08-12 01:00,2019-08-12 02:00,0.323,7.830
2019-08-12 02:00,2019-08-12 03:00,0.307,7.702
2019-08-12 03:00,2019-08-12 04:00,0.255,7.230
2019-08-12 04:00,2019-08-12 05:00,0.201,6.690
2019-08-12 05:00,2019-08-12 06:00,0.179,6.467
2019-08-12 06:00,2019-08-12 07:00,0.269,7.350
2019-08-12 07:00,2019-08-12 08:00,0.440,8.824
2019-08-12 08:00,2019-08-12 09:00,0.376,8.288
2019-08-12 09:00,2019-08-12 10:00,0.287,7.519
2019-08-12 10:00,2019-08-12 11:00,0.234,7.029
2019-08-12 11:00,2019-08-12 12:00,0.195,6.640
2019-08-12 12:00,2019-08-12 13:00,0.147,6.111
2019-08-12 13:00,2019-08-12 14:00,0.098,5.494
2019-08-12 14:00,2019-08-12 15:00,0.064,4.955
2019-08-12 15:00,2019-08-12 16:00,0.047,4.626
2019-08-12 16:00,2019-08-12 17:00,0.047,4.628
2019-08-12 17:00,2019-08-12 18:00,0.078,5.182
2019-08-12 18:00,2019-08-12 19:00,0.176,6.439
2019-08-12 19:00,2019-08-12 20:00,0.263,7.303
2019-08-12 20:00,2019-08-12 21:00,0.302,7.646
2019-08-12 21:00,2019-08-12 22:00,0.305,7.673
2019-08-12 22:00,2019-08-12 23:00,0.281,7.464
2019-08-12 23:00,2019-08-13 00:00,0.243,7.112
2019-08-13 00:00,2019-08-13 01:00,0.207,6.751
2019-08-13 01:00,2019-08-13 02:00,0.180,6.479
2019-08-13 02:00,2019-08-13 03:00,0.159,6.254
2019-08-13 03:00,2019-08-13 04:00,0.136,5.973
2019-08-13 04:00,2019-08-13 05:00,0.110,5.656
2019-08-13 05:00,2019-08-13 06:00,0.087,5.319
2019-08-13 06:00,2019-08-13 07:00,0.069,5.033
2019-08-13 07:00,2019-08-13 08:00,0.300,7.634
2019-08-13 08:00,2019-08-13 09:00,0.290,7.545
2019-08-13 09:00,2019-08-13 10:00,0.233,7.010
2019-08-13 10:00,2019-08-13 11:00,0.188,6.565
2019-08-13 11:00,2019-08-13 12:00,0.153,6.180
2019-08-13 12:00,2019-08-13 13:00,0.125,5.847
2019-08-13 13:00,2019-08-13 14:00,0.098,5.489
2019-08-13 14:00,2019-08-13 15:00,0.080,5.216
2019-08-13 15:00,2019-08-13 16:00,0.064,4.952
2019-08-13 16:00,2019-08-13 17:00,0.060,4.871
2019-08-13 17:00,2019-08-13 18:00,0.087,5.313
2019-08-13 18:00,2019-08-13 19:00,0.168,6.357
2019-08-13 19:00,2019-08-13 20:00,0.223,6.917
2019-08-13 20:00,2019-08-13 21:00,0.240,7.089
2019-08-13 21:00,2019-08-13 22:00,0.244,7.119
2019-08-13 22:00,2019-08-13 23:00,0.230,6.987
2019-08-13 23:00,2019-08-14 00:00,0.207,6.756
2019-08-14 00:00,2019-08-14 01:00,0.177,6.452
2019-08-14 01:00,2019-08-14 02:00,0.141,6.039
2019-08-14 02:00,2019-08-14 03:00,0.107,5.621
2019-08-14 03:00,2019-08-14 04:00,0.099,5.507
2019-08-14 04:00,2019-08-14 05:00,0.098,5.486
2019-08-14 05:00,2019-08-14 06:00,0.088,5.342
2019-08-14 06:00,2019-08-14 07:00,0.133,5.944
2019-08-14 07:00,2019-08-14 08:00,0.248,7.153
2019-08-14 08:00,2019-08-14 09:00,0.213,6.821
2019-08-14 09:00,2019-08-14 10:00,0.167,6.337
2019-08-14 10:00,2019-08-14 11:00,0.120,5.777
2019-08-14 11:00,2019-08-14 12:00,0.076,5.163
2019-08-14 12:00,2019-08-14 13:00,0.047,4.625
2019-08-14 13:00,2019-08-14 14:00,0.029,4.206
2019-08-14 14:00,2019-08-14 15:00,0.021,3.942
2019-08-14 15:00,2019-08-14 16:00,0.020,3.925
2019-08-14 16:00,2019-08-14 17:00,0.033,4.300
2019-08-14 17:00,2019-08-14 18:00,0.074,5.129
2019-08-14 18:00,2019-08-14 19:00,0.156,6.216
2019-08-14 19:00,2019-08-14 20:00,0.223,6.917
2019-08-14 20:00,2019-08-14 21:00,0.267,7.328
2019-08-14 21:00,2019-08-14 22:00,0.282,7.478
2019-08-14 22:00,2019-08-14 23:00,0.279,7.449
2019-08-14 23:00,2019-08-15 00:00,0.260,7.274
2019-08-15 00:00,2019-08-15 01:00,0.233,7.008
2019-08-15 01:00,2019-08-15 02:00,0.212,6.814
2019-08-15 02:00,2019-08-15 03:00,0.205,6.737
2019-08-15 03:00,2019-08-15 04:00,0.203,6.718
2019-08-15 04:00,2019-08-15 05:00,0.203,6.711
2019-08-15 05:00,2019-08-15 06:00,0.198,6.667
2019-08-15 06:00,2019-08-15 07:00,0.178,6.458
2019-08-15 07:00,2019-08-15 08:00,0.357,8.119
2019-08-15 08:00,2019-08-15 09:00,0.382,8.329
2019-08-15 09:00,2019-08-15 10:00,0.262,7.291
2019-08-15 10:00,2019-08-15 11:00,0.142,6.060
2019-08-15 11:00,2019-08-15 12:00,0.071,5.066
2019-08-15 12:00,2019-08-15 13:00,0.031,4.243
2019-08-15 13:00,2019-08-15 14:00,0.010,3.479
2019-08-15 14:00,2019-08-15 15:00,0.003,2.870
2019-08-15 15:00,2019-08-15 16:00,0.004,2.985
2019-08-15 16:00,2019-08-15 17:00,0.017,3.787
2019-08-15 17:00,2019-08-15 18:00,0.071,5.078
2019-08-15 18:00,2019-08-15 19:00,0.188,6.566
2019-08-15 19:00,2019-08-15 20:00,0.286,7.506
2019-08-15 20:00,2019-08-15 21:00,0.318,7.787
2019-08-15 21:00,2019-08-15 22:00,0.303,7.651
2019-08-15 22:00,2019-08-15 23:00,0.279,7.451
2019-08-15 23:00,2019-08-16 00:00,0.255,7.228
2019-08-16 00:00,2019-08-16 01:00,0.248,7.150
2019-08-16 01:00,2019-08-16 02:00,0.255,7.229
2019-08-16 02:00,2019-08-16 03:00,0.237,7.059
2019-08-16 03:00,2019-08-16 04:00,0.183,6.512
2019-08-16 04:00,2019-08-16 05:00,0.125,5.854
2019-08-16 05:00,2019-08-16 06:00,0.097,5.482
2019-08-16 06:00,2019-08-16 07:00,0.088,5.348
2019-08-16 07:00,2019-08-16 08:00,0.142,6.060
2019-08-16 08:00,2019-08-16 09:00,0.130,5.909
2019-08-16 09:00,2019-08-16 10:00,0.077,5.180
2019-08-16 10:00,2019-08-16 11:00,0.038,4.414
2019-08-16 11:00,2019-08-16 12:00,0.016,3.763
2019-08-16 12:00,2019-08-16 13:00,0.005,3.142
2019-08-16 13:00,2019-08-16 14:00,0.002,2.663
2019-08-16 14:00,2019-08-16 15:00,0,2.152
2019-08-16 15:00,2019-08-16 16:00,0,1.746
2019-08-16 16:00,2019-08-16 17:00,0,1.378
2019-08-16 17:00,2019-08-16 18:00,0,1.213
2019-08-16 18:00,2019-08-16 19:00,0,1.335
2019-08-16 19:00,2019-08-16 20:00,0,1.605
2019-08-16 20:00,2019-08-16 21:00,0,1.940
2019-08-16 21:00,2019-08-16 22:00,0,2.277
2019-08-16 22:00,2019-08-16 23:00,0.001,2.651
2019-08-16 23:00,2019-08-17 00:00,0.003,2.931
2019-08-17 00:00,2019-08-17 01:00,0.004,3.005
2019-08-17 01:00,2019-08-17 02:00,0.002,2.824
2019-08-17 02:00,2019-08-17 03:00,0.001,2.463
2019-08-17 03:00,2019-08-17 04:00,0,2.115
2019-08-17 04:00,2019-08-17 05:00,0,1.890
2019-08-17 05:00,2019-08-17 06:00,0,1.720
2019-08-17 06:00,2019-08-17 07:00,0,1.601
2019-08-17 07:00,2019-08-17 08:00,0,1.444
2019-08-17 08:00,2019-08-17 09:00,0,1.916
2019-08-17 09:00,2019-08-17 10:00,0.001,2.380
2019-08-17 10:00,2019-08-17 11:00,0.002,2.672
2019-08-17 11:00,2019-08-17 12:00,0.002,2.816
2019-08-17 12:00,2019-08-17 13:00,0.002,2.817
2019-08-17 13:00,2019-08-17 14:00,0.002,2.828
2019-08-17 14:00,2019-08-17 15:00,0.002,2.783
2019-08-17 15:00,2019-08-17 16:00,0.001,2.508
2019-08-17 16:00,2019-08-17 17:00,0,2.017
2019-08-17 17:00,2019-08-17 18:00,0,1.103
2019-08-17 18:00,2019-08-17 19:00,0,1.079
2019-08-17 19:00,2019-08-17 20:00,0,1.944
2019-08-17 20:00,2019-08-17 21:00,0.001,2.637
2019-08-17 21:00,2019-08-17 22:00,0.006,3.186
2019-08-17 22:00,2019-08-17 23:00,0.011,3.525
2019-08-17 23:00,2019-08-18 00:00,0.014,3.686
2019-08-18 00:00,2019-08-18 01:00,0.017,3.807
2019-08-18 01:00,2019-08-18 02:00,0.018,3.852
2019-08-18 02:00,2019-08-18 03:00,0.017,3.805
2019-08-18 03:00,2019-08-18 04:00,0.018,3.836
2019-08-18 04:00,2019-08-18 05:00,0.022,3.996
2019-08-18 05:00,2019-08-18 06:00,0.029,4.207
2019-08-18 06:00,2019-08-18 07:00,0.025,4.073
2019-08-18 07:00,2019-08-18 08:00,0.029,4.196
2019-08-18 08:00,2019-08-18 09:00,0.006,3.186
2019-08-18 09:00,2019-08-18 10:00,0,2.049
2019-08-18 10:00,2019-08-18 11:00,0,1.228
2019-08-18 11:00,2019-08-18 12:00,0,1.124
2019-08-18 12:00,2019-08-18 13:00,0,1.447
2019-08-18 13:00,2019-08-18 14:00,0,1.715
2019-08-18 14:00,2019-08-18 15:00,0,1.694
2019-08-18 15:00,2019-08-18 16:00,0,1.291
2019-08-18 16:00,2019-08-18 17:00,0,0.762
2019-08-18 17:00,2019-08-18 18:00,0,1.122
2019-08-18 18:00,2019-08-18 19:00,0.001,2.646
2019-08-18 19:00,2019-08-18 20:00,0.020,3.906
2019-08-18 20:00,2019-08-18 21:00,0.050,4.684
2019-08-18 21:00,2019-08-18 22:00,0.075,5.149
2019-08-18 22:00,2019-08-18 23:00,0.097,5.476
2019-08-18 23:00,2019-08-19 00:00,0.111,5.669
2019-08-19 00:00,2019-08-19 01:00,0.114,5.701
2019-08-19 01:00,2019-08-19 02:00,0.103,5.556
2019-08-19 02:00,2019-08-19 03:00,0.077,5.174
2019-08-19 03:00,2019-08-19 04:00,0.051,4.711
2019-08-19 04:00,2019-08-19 05:00,0.037,4.395
2019-08-19 05:00,2019-08-19 06:00,0.035,4.363
2019-08-19 06:00,2019-08-19 07:00,0.041,4.500
2019-08-19 07:00,2019-08-19 08:00,0.115,5.717
2019-08-19 08:00,2019-08-19 09:00,0.128,5.887
2019-08-19 09:00,2019-08-19 10:00,0.067,5.011
2019-08-19 10:00,2019-08-19 11:00,0.015,3.740
2019-08-19 11:00,2019-08-19 12:00,0.003,2.857
2019-08-19 12:00,2019-08-19 13:00,0,2.143
2019-08-19 13:00,2019-08-19 14:00,0,2.054
2019-08-19 14:00,2019-08-19 15:00,0.003,2.921
2019-08-19 15:00,2019-08-19 16:00,0.010,3.473
2019-08-19 16:00,2019-08-19 17:00,0.033,4.313
2019-08-19 17:00,2019-08-19 18:00,0.088,5.350
2019-08-19 18:00,2019-08-19 19:00,0.147,6.117
2019-08-19 19:00,2019-08-19 20:00,0.157,6.225
2019-08-19 20:00,2019-08-19 21:00,0.136,5.982
2019-08-19 21:00,2019-08-19 22:00,0.115,5.725
2019-08-19 22:00,2019-08-19 23:00,0.098,5.486
2019-08-19 23:00,2019-08-20 00:00,0.071,5.082
2019-08-20 00:00,2019-08-20 01:00,0.049,4.658
2019-08-20 01:00,2019-08-20 02:00,0.030,4.220
2019-08-20 02:00,2019-08-20 03:00,0.020,3.911
2019-08-20 03:00,2019-08-20 04:00,0.013,3.641
2019-08-20 04:00,2019-08-20 05:00,0.010,3.480
2019-08-20 05:00,2019-08-20 06:00,0.011,3.553
2019-08-20 06:00,2019-08-20 07:00,0.041,4.497
2019-08-20 07:00,2019-08-20 08:00,0.035,4.364
2019-08-20 08:00,2019-08-20 09:00,0.008,3.332
2019-08-20 09:00,2019-08-20 10:00,0.001,2.361
2019-08-20 10:00,2019-08-20 11:00,0,1.766
2019-08-20 11:00,2019-08-20 12:00,0,1.400
2019-08-20 12:00,2019-08-20 13:00,0,1.453
2019-08-20 13:00,2019-08-20 14:00,0,1.561
2019-08-20 14:00,2019-08-20 15:00,0,1.550
2019-08-20 15:00,2019-08-20 16:00,0,1.469
2019-08-20 16:00,2019-08-20 17:00,0,1.449
2019-08-20 17:00,2019-08-20 18:00,0,1.774
2019-08-20 18:00,2019-08-20 19:00,0.001,2.440
2019-08-20 19:00,2019-08-20 20:00,0.005,3.105
2019-08-20 20:00,2019-08-20 21:00,0.012,3.586
2019-08-20 21:00,2019-08-20 22:00,0.021,3.948
2019-08-20 22:00,2019-08-20 23:00,0.030,4.232
2019-08-20 23:00,2019-08-21 00:00,0.037,4.394
2019-08-21 00:00,2019-08-21 01:00,0.035,4.353
2019-08-21 01:00,2019-08-21 02:00,0.031,4.255
2019-08-21 02:00,2019-08-21 03:00,0.028,4.166
2019-08-21 03:00,2019-08-21 04:00,0.021,3.941
2019-08-21 04:00,2019-08-21 05:00,0.012,3.582
2019-08-21 05:00,2019-08-21 06:00,0.006,3.232
2019-08-21 06:00,2019-08-21 07:00,0.015,3.723
2019-08-21 07:00,2019-08-21 08:00,0.039,4.443
2019-08-21 08:00,2019-08-21 09:00,0.037,4.385
2019-08-21 09:00,2019-08-21 10:00,0.017,3.809
2019-08-21 10:00,2019-08-21 11:00,0.003,2.948
2019-08-21 11:00,2019-08-21 12:00,0,2.140
2019-08-21 12:00,2019-08-21 13:00,0,1.579
2019-08-21 13:00,2019-08-21 14:00,0,1.653
2019-08-21 14:00,2019-08-21 15:00,0,2.080
2019-08-21 15:00,2019-08-21 16:00,0.001,2.552
2019-08-21 16:00,2019-08-21 17:00,0.002,2.801
2019-08-21 17:00,2019-08-21 18:00,0.001,2.600
2019-08-21 18:00,2019-08-21 19:00,0,2.077
2019-08-21 19:00,2019-08-21 20:00,0,1.703
2019-08-21 20:00,2019-08-21 21:00,0,1.593
2019-08-21 21:00,2019-08-21 22:00,0,1.623
2019-08-21 22:00,2019-08-21 23:00,0,1.653
2019-08-21 23:00,2019-08-22 00:00,0,1.884
2019-08-22 00:00,2019-08-22 01:00,0.001,2.445
2019-08-22 01:00,2019-08-22 02:00,0.004,3.053
2019-08-22 02:00,2019-08-22 03:00,0.008,3.390
2019-08-22 03:00,2019-08-22 04:00,0.009,3.437
2019-08-22 04:00,2019-08-22 05:00,0.008,3.368
2019-08-22 05:00,2019-08-22 06:00,0.007,3.310
2019-08-22 06:00,2019-08-22 07:00,0.017,3.798
2019-08-22 07:00,2019-08-22 08:00,0.033,4.308
2019-08-22 08:00,2019-08-22 09:00,0.030,4.233
2019-08-22 09:00,2019-08-22 10:00,0.022,4.000
2019-08-22 10:00,2019-08-22 11:00,0.021,3.948
2019-08-22 11:00,2019-08-22 12:00,0.023,4.007
2019-08-22 12:00,2019-08-22 13:00,0.026,4.115
2019-08-22 13:00,2019-08-22 14:00,0.032,4.267
2019-08-22 14:00,2019-08-22 15:00,0.040,4.474
2019-08-22 15:00,2019-08-22 16:00,0.052,4.734
2019-08-22 16:00,2019-08-22 17:00,0.074,5.125
2019-08-22 17:00,2019-08-22 18:00,0.088,5.342
2019-08-22 18:00,2019-08-22 19:00,0.111,5.665
2019-08-22 19:00,2019-08-22 20:00,0.125,5.852
2019-08-22 20:00,2019-08-22 21:00,0.134,5.953
2019-08-22 21:00,2019-08-22 22:00,0.149,6.135
2019-08-22 22:00,2019-08-22 23:00,0.203,6.715
2019-08-22 23:00,2019-08-23 00:00,0.255,7.226
2019-08-23 00:00,2019-08-23 01:00,0.270,7.362
2019-08-23 01:00,2019-08-23 02:00,0.260,7.273
2019-08-23 02:00,2019-08-23 03:00,0.159,6.240
2019-08-23 03:00,2019-08-23 04:00,0.073,5.111
2019-08-23 04:00,2019-08-23 05:00,0.047,4.617
2019-08-23 05:00,2019-08-23 06:00,0.039,4.458
2019-08-23 06:00,2019-08-23 07:00,0.104,5.565
2019-08-23 07:00,2019-08-23 08:00,0.156,6.223
2019-08-23 08:00,2019-08-23 09:00,0.124,5.837
2019-08-23 09:00,2019-08-23 10:00,0.093,5.420
2019-08-23 10:00,2019-08-23 11:00,0.075,5.141
2019-08-23 11:00,2019-08-23 12:00,0.060,4.874
2019-08-23 12:00,2019-08-23 13:00,0.043,4.545
2019-08-23 13:00,2019-08-23 14:00,0.031,4.247
2019-08-23 14:00,2019-08-23 15:00,0.024,4.042
2019-08-23 15:00,2019-08-23 16:00,0.020,3.932
2019-08-23 16:00,2019-08-23 17:00,0.018,3.856
2019-08-23 17:00,2019-08-23 18:00,0.017,3.821
2019-08-23 18:00,2019-08-23 19:00,0.022,3.970
2019-08-23 19:00,2019-08-23 20:00,0.025,4.068
2019-08-23 20:00,2019-08-23 21:00,0.024,4.064
2019-08-23 21:00,2019-08-23 22:00,0.024,4.055
2019-08-23 22:00,2019-08-23 23:00,0.020,3.917
2019-08-23 23:00,2019-08-24 00:00,0.016,3.786
2019-08-24 00:00,2019-08-24 01:00,0.016,3.760
2019-08-24 01:00,2019-08-24 02:00,0.018,3.828
2019-08-24 02:00,2019-08-24 03:00,0.020,3.903
2019-08-24 03:00,2019-08-24 04:00,0.024,4.042
2019-08-24 04:00,2019-08-24 05:00,0.029,4.195
2019-08-24 05:00,2019-08-24 06:00,0.038,4.424
2019-08-24 06:00,2019-08-24 07:00,0.069,5.034
2019-08-24 07:00,2019-08-24 08:00,0.115,5.717
2019-08-24 08:00,2019-08-24 09:00,0.080,5.226
2019-08-24 09:00,2019-08-24 10:00,0.035,4.344
2019-08-24 10:00,2019-08-24 11:00,0.010,3.504
2019-08-24 11:00,2019-08-24 12:00,0.004,3.026
2019-08-24 12:00,2019-08-24 13:00,0.003,2.872
2019-08-24 13:00,2019-08-24 14:00,0.003,2.846
2019-08-24 14:00,2019-08-24 15:00,0.002,2.814
2019-08-24 15:00,2019-08-24 16:00,0.003,2.892
2019-08-24 16:00,2019-08-24 17:00,0.004,3.025
2019-08-24 17:00,2019-08-24 18:00,0.005,3.149
2019-08-24 18:00,2019-08-24 19:00,0.008,3.369
2019-08-24 19:00,2019-08-24 20:00,0.015,3.715
2019-08-24 20:00,2019-08-24 21:00,0.026,4.103
2019-08-24 21:00,2019-08-24 22:00,0.042,4.525
2019-08-24 22:00,2019-08-24 23:00,0.060,4.890
2019-08-24 23:00,2019-08-25 00:00,0.071,5.082
2019-08-25 00:00,2019-08-25 01:00,0.079,5.206
2019-08-25 01:00,2019-08-25 02:00,0.092,5.400
2019-08-25 02:00,2019-08-25 03:00,0.105,5.590
2019-08-25 03:00,2019-08-25 04:00,0.104,5.558
2019-08-25 04:00,2019-08-25 05:00,0.094,5.426
2019-08-25 05:00,2019-08-25 06:00,0.086,5.301
2019-08-25 06:00,2019-08-25 07:00,0.119,5.771
2019-08-25 07:00,2019-08-25 08:00,0.177,6.441
2019-08-25 08:00,2019-08-25 09:00,0.185,6.542
2019-08-25 09:00,2019-08-25 10:00,0.144,6.078
2019-08-25 10:00,2019-08-25 11:00,0.116,5.732
2019-08-25 11:00,2019-08-25 12:00,0.127,5.874
2019-08-25 12:00,2019-08-25 13:00,0.162,6.283
2019-08-25 13:00,2019-08-25 14:00,0.196,6.656
2019-08-25 14:00,2019-08-25 15:00,0.228,6.964
2019-08-25 15:00,2019-08-25 16:00,0.250,7.170
2019-08-25 16:00,2019-08-25 17:00,0.221,6.896
2019-08-25 17:00,2019-08-25 18:00,0.154,6.199
2019-08-25 18:00,2019-08-25 19:00,0.131,5.919
2019-08-25 19:00,2019-08-25 20:00,0.108,5.631
2019-08-25 20:00,2019-08-25 21:00,0.076,5.156
2019-08-25 21:00,2019-08-25 22:00,0.054,4.765
2019-08-25 22:00,2019-08-25 23:00,0.039,4.448
2019-08-25 23:00,2019-08-26 00:00,0.030,4.233
2019-08-26 00:00,2019-08-26 01:00,0.024,4.055
2019-08-26 01:00,2019-08-26 02:00,0.023,4.011
2019-08-26 02:00,2019-08-26 03:00,0.024,4.049
2019-08-26 03:00,2019-08-26 04:00,0.020,3.892
2019-08-26 04:00,2019-08-26 05:00,0.011,3.555
2019-08-26 05:00,2019-08-26 06:00,0.008,3.354
2019-08-26 06:00,2019-08-26 07:00,0.022,3.968
2019-08-26 07:00,2019-08-26 08:00,0.033,4.314
2019-08-26 08:00,2019-08-26 09:00,0.020,3.917
2019-08-26 09:00,2019-08-26 10:00,0.008,3.350
2019-08-26 10:00,2019-08-26 11:00,0.003,2.852
2019-08-26 11:00,2019-08-26 12:00,0.001,2.498
2019-08-26 12:00,2019-08-26 13:00,0,2.141
2019-08-26 13:00,2019-08-26 14:00,0,1.711
2019-08-26 14:00,2019-08-26 15:00,0,1.329
2019-08-26 15:00,2019-08-26 16:00,0,1.240
2019-08-26 16:00,2019-08-26 17:00,0,1.348
2019-08-26 17:00,2019-08-26 18:00,0,1.499
2019-08-26 18:00,2019-08-26 19:00,0,1.820
2019-08-26 19:00,2019-08-26 20:00,0,2.165
2019-08-26 20:00,2019-08-26 21:00,0.001,2.475
2019-08-26 21:00,2019-08-26 22:00,0.002,2.754
2019-08-26 22:00,2019-08-26 23:00,0.004,3.033
2019-08-26 23:00,2019-08-27 00:00,0.006,3.253
2019-08-27 00:00,2019-08-27 01:00,0.009,3.411
2019-08-27 01:00,2019-08-27 02:00,0.011,3.551
2019-08-27 02:00,2019-08-27 03:00,0.013,3.649
2019-08-27 03:00,2019-08-27 04:00,0.012,3.608
2019-08-27 04:00,2019-08-27 05:00,0.010,3.501
2019-08-27 05:00,2019-08-27 06:00,0.007,3.326
2019-08-27 06:00,2019-08-27 07:00,0.002,2.810
2019-08-27 07:00,2019-08-27 08:00,0,0.998
2019-08-27 08:00,2019-08-27 09:00,0,0.652
2019-08-27 09:00,2019-08-27 10:00,0,2.147
2019-08-27 10:00,2019-08-27 11:00,0.003,2.884
2019-08-27 11:00,2019-08-27 12:00,0.008,3.362
2019-08-27 12:00,2019-08-27 13:00,0.016,3.755
2019-08-27 13:00,2019-08-27 14:00,0.025,4.082
2019-08-27 14:00,2019-08-27 15:00,0.033,4.304
2019-08-27 15:00,2019-08-27 16:00,0.036,4.375
2019-08-27 16:00,2019-08-27 17:00,0.031,4.254
2019-08-27 17:00,2019-08-27 18:00,0.027,4.146
2019-08-27 18:00,2019-08-27 19:00,0.034,4.339
2019-08-27 19:00,2019-08-27 20:00,0.043,4.545
2019-08-27 20:00,2019-08-27 21:00,0.049,4.658
2019-08-27 21:00,2019-08-27 22:00,0.043,4.532
2019-08-27 22:00,2019-08-27 23:00,0.028,4.147
2019-08-27 23:00,2019-08-28 00:00,0.011,3.559
2019-08-28 00:00,2019-08-28 01:00,0.003,2.889
2019-08-28 01:00,2019-08-28 02:00,0.001,2.368
2019-08-28 02:00,2019-08-28 03:00,0,2.265
2019-08-28 03:00,2019-08-28 04:00,0.001,2.621
2019-08-28 04:00,2019-08-28 05:00,0.004,3.083
2019-08-28 05:00,2019-08-28 06:00,0.007,3.278
2019-08-28 06:00,2019-08-28 07:00,0.007,3.300
2019-08-28 07:00,2019-08-28 08:00,0.064,4.948
2019-08-28 08:00,2019-08-28 09:00,0.152,6.172
2019-08-28 09:00,2019-08-28 10:00,0.194,6.622
2019-08-28 10:00,2019-08-28 11:00,0.180,6.476
2019-08-28 11:00,2019-08-28 12:00,0.150,6.153
2019-08-28 12:00,2019-08-28 13:00,0.115,5.710
2019-08-28 13:00,2019-08-28 14:00,0.084,5.279
2019-08-28 14:00,2019-08-28 15:00,0.058,4.838
2019-08-28 15:00,2019-08-28 16:00,0.042,4.518
2019-08-28 16:00,2019-08-28 17:00,0.029,4.200
2019-08-28 17:00,2019-08-28 18:00,0.017,3.812
2019-08-28 18:00,2019-08-28 19:00,0.017,3.791
2019-08-28 19:00,2019-08-28 20:00,0.017,3.823
2019-08-28 20:00,2019-08-28 21:00,0.017,3.811
2019-08-28 21:00,2019-08-28 22:00,0.011,3.547
2019-08-28 22:00,2019-08-28 23:00,0.005,3.103
2019-08-28 23:00,2019-08-29 00:00,0.001,2.616
2019-08-29 00:00,2019-08-29 01:00,0,2.132
2019-08-29 01:00,2019-08-29 02:00,0,1.736
2019-08-29 02:00,2019-08-29 03:00,0,1.570
2019-08-29 03:00,2019-08-29 04:00,0,1.803
2019-08-29 04:00,2019-08-29 05:00,0,2.268
2019-08-29 05:00,2019-08-29 06:00,0.002,2.780
2019-08-29 06:00,2019-08-29 07:00,0.002,2.843
2019-08-29 07:00,2019-08-29 08:00,0,1.988
2019-08-29 08:00,2019-08-29 09:00,0,1.021
2019-08-29 09:00,2019-08-29 10:00,0,1.577
2019-08-29 10:00,2019-08-29 11:00,0,2.115
2019-08-29 11:00,2019-08-29 12:00,0,2.288
2019-08-29 12:00,2019-08-29 13:00,0,2.240
2019-08-29 13:00,2019-08-29 14:00,0,2.169
2019-08-29 14:00,2019-08-29 15:00,0,2.224
2019-08-29 15:00,2019-08-29 16:00,0.001,2.514
2019-08-29 16:00,2019-08-29 17:00,0.004,3.053
2019-08-29 17:00,2019-08-29 18:00,0.021,3.943
2019-08-29 18:00,2019-08-29 19:00,0.058,4.841
2019-08-29 19:00,2019-08-29 20:00,0.087,5.317
2019-08-29 20:00,2019-08-29 21:00,0.099,5.500
2019-08-29 21:00,2019-08-29 22:00,0.100,5.512
2019-08-29 22:00,2019-08-29 23:00,0.097,5.466
2019-08-29 23:00,2019-08-30 00:00,0.094,5.426
2019-08-30 00:00,2019-08-30 01:00,0.096,5.451
2019-08-30 01:00,2019-08-30 02:00,0.105,5.578
2019-08-30 02:00,2019-08-30 03:00,0.118,5.758
2019-08-30 03:00,2019-08-30 04:00,0.138,6.006
2019-08-30 04:00,2019-08-30 05:00,0.151,6.164
2019-08-30 05:00,2019-08-30 06:00,0.153,6.184
2019-08-30 06:00,2019-08-30 07:00,0.102,5.531
2019-08-30 07:00,2019-08-30 08:00,0.138,6.005
2019-08-30 08:00,2019-08-30 09:00,0.231,6.994
2019-08-30 09:00,2019-08-30 10:00,0.222,6.912
2019-08-30 10:00,2019-08-30 11:00,0.190,6.588
2019-08-30 11:00,2019-08-30 12:00,0.145,6.093
2019-08-30 12:00,2019-08-30 13:00,0.104,5.567
2019-08-30 13:00,2019-08-30 14:00,0.076,5.158
2019-08-30 14:00,2019-08-30 15:00,0.060,4.885
2019-08-30 15:00,2019-08-30 16:00,0.048,4.640
2019-08-30 16:00,2019-08-30 17:00,0.035,4.344
2019-08-30 17:00,2019-08-30 18:00,0.051,4.718
2019-08-30 18:00,2019-08-30 19:00,0.089,5.356
2019-08-30 19:00,2019-08-30 20:00,0.105,5.572
2019-08-30 20:00,2019-08-30 21:00,0.102,5.541
2019-08-30 21:00,2019-08-30 22:00,0.097,5.466
2019-08-30 22:00,2019-08-30 23:00,0.103,5.557
2019-08-30 23:00,2019-08-31 00:00,0.118,5.756
2019-08-31 00:00,2019-08-31 01:00,0.131,5.925
2019-08-31 01:00,2019-08-31 02:00,0.130,5.907
2019-08-31 02:00,2019-08-31 03:00,0.116,5.736
2019-08-31 03:00,2019-08-31 04:00,0.097,5.478
2019-08-31 04:00,2019-08-31 05:00,0.083,5.261
2019-08-31 05:00,2019-08-31 06:00,0.072,5.087
2019-08-31 06:00,2019-08-31 07:00,0.035,4.347
2019-08-31 07:00,2019-08-31 08:00,0.030,4.229
2019-08-31 08:00,2019-08-31 09:00,0.024,4.034
2019-08-31 09:00,2019-08-31 10:00,0.010,3.464
2019-08-31 10:00,2019-08-31 11:00,0.003,2.945
2019-08-31 11:00,2019-08-31 12:00,0.001,2.481
2019-08-31 12:00,2019-08-31 13:00,0,2.088
2019-08-31 13:00,2019-08-31 14:00,0,1.792
2019-08-31 14:00,2019-08-31 15:00,0,1.590
2019-08-31 15:00,2019-08-31 16:00,0,1.602
2019-08-31 16:00,2019-08-31 17:00,0,1.894
2019-08-31 17:00,2019-08-31 18:00,0.001,2.436
2019-08-31 18:00,2019-08-31 19:00,0.004,3.063
2019-08-31 19:00,2019-08-31 20:00,0.013,3.650
2019-08-31 20:00,2019-08-31 21:00,0.029,4.192
2019-08-31 21:00,2019-08-31 22:00,0.056,4.794
2019-08-31 22:00,2019-08-31 23:00,0.094,5.436
2019-08-31 23:00,2019-09-01 00:00,0.130,5.918
2019-09-01 00:00,2019-09-01 01:00,0.149,6.142
2019-09-01 01:00,2019-09-01 02:00,0.150,6.156
2019-09-01 02:00,2019-09-01 03:00,0.137,5.993
2019-09-01 03:00,2019-09-01 04:00,0.107,5.614
2019-09-01 04:00,2019-09-01 05:00,0.077,5.174
2019-09-01 05:00,2019-09-01 06:00,0.052,4.730
2019-09-01 06:00,2019-09-01 07:00,0.016,3.778
2019-09-01 07:00,2019-09-01 08:00,0.005,3.153
2019-09-01 08:00,2019-09-01 09:00,0.020,3.902
2019-09-01 09:00,2019-09-01 10:00,0.009,3.418
2019-09-01 10:00,2019-09-01 11:00,0.002,2.815
2019-09-01 11:00,2019-09-01 12:00,0.001,2.327
2019-09-01 12:00,2019-09-01 13:00,0,2.049
2019-09-01 13:00,2019-09-01 14:00,0,1.937
2019-09-01 14:00,2019-09-01 15:00,0,2.006
2019-09-01 15:00,2019-09-01 16:00,0,2.165
2019-09-01 16:00,2019-09-01 17:00,0.001,2.394
2019-09-01 17:00,2019-09-01 18:00,0.001,2.644
2019-09-01 18:00,2019-09-01 19:00,0.003,2.862
2019-09-01 19:00,2019-09-01 20:00,0.003,2.935
2019-09-01 20:00,2019-09-01 21:00,0.003,2.953
2019-09-01 21:00,2019-09-01 22:00,0.005,3.151
2019-09-01 22:00,2019-09-01 23:00,0.012,3.586
2019-09-01 23:00,2019-09-02 00:00,0.022,3.987
2019-09-02 00:00,2019-09-02 01:00,0.030,4.221
2019-09-02 01:00,2019-09-02 02:00,0.031,4.256
2019-09-02 02:00,2019-09-02 03:00,0.027,4.138
2019-09-02 03:00,2019-09-02 04:00,0.018,3.841
2019-09-02 04:00,2019-09-02 05:00,0.010,3.461
2019-09-02 05:00,2019-09-02 06:00,0.004,3.083
2019-09-02 06:00,2019-09-02 07:00,0.001,2.470
2019-09-02 07:00,2019-09-02 08:00,0,2.233
2019-09-02 08:00,2019-09-02 09:00,0.001,2.455
2019-09-02 09:00,2019-09-02 10:00,0.001,2.421
2019-09-02 10:00,2019-09-02 11:00,0,2.271
2019-09-02 11:00,2019-09-02 12:00,0,1.911
2019-09-02 12:00,2019-09-02 13:00,0,1.625
2019-09-02 13:00,2019-09-02 14:00,0,1.504
2019-09-02 14:00,2019-09-02 15:00,0,1.535
2019-09-02 15:00,2019-09-02 16:00,0,1.593
2019-09-02 16:00,2019-09-02 17:00,0,1.725
2019-09-02 17:00,2019-09-02 18:00,0,2.249
2019-09-02 18:00,2019-09-02 19:00,0.004,2.975
2019-09-02 19:00,2019-09-02 20:00,0.009,3.437
2019-09-02 20:00,2019-09-02 21:00,0.014,3.675
2019-09-02 21:00,2019-09-02 22:00,0.019,3.886
2019-09-02 22:00,2019-09-02 23:00,0.027,4.143
2019-09-02 23:00,2019-09-03 00:00,0.038,4.410
2019-09-03 00:00,2019-09-03 01:00,0.050,4.688
2019-09-03 01:00,2019-09-03 02:00,0.062,4.915
2019-09-03 02:00,2019-09-03 03:00,0.069,5.027
2019-09-03 03:00,2019-09-03 04:00,0.071,5.066
2019-09-03 04:00,2019-09-03 05:00,0.073,5.104
2019-09-03 05:00,2019-09-03 06:00,0.070,5.053
2019-09-03 06:00,2019-09-03 07:00,0.035,4.347
2019-09-03 07:00,2019-09-03 08:00,0.022,3.975
2019-09-03 08:00,2019-09-03 09:00,0.043,4.527
2019-09-03 09:00,2019-09-03 10:00,0.013,3.612
2019-09-03 10:00,2019-09-03 11:00,0.001,2.574
2019-09-03 11:00,2019-09-03 12:00,0,1.886
2019-09-03 12:00,2019-09-03 13:00,0,1.533
2019-09-03 13:00,2019-09-03 14:00,0,1.361
2019-09-03 14:00,2019-09-03 15:00,0,1.399
2019-09-03 15:00,2019-09-03 16:00,0,1.680
2019-09-03 16:00,2019-09-03 17:00,0,2.059
2019-09-03 17:00,2019-09-03 18:00,0.002,2.834
2019-09-03 18:00,2019-09-03 19:00,0.013,3.638
2019-09-03 19:00,2019-09-03 20:00,0.022,3.988
2019-09-03 20:00,2019-09-03 21:00,0.022,3.972
2019-09-03 21:00,2019-09-03 22:00,0.019,3.878
2019-09-03 22:00,2019-09-03 23:00,0.018,3.838
2019-09-03 23:00,2019-09-04 00:00,0.019,3.868
2019-09-04 00:00,2019-09-04 01:00,0.022,3.999
2019-09-04 01:00,2019-09-04 02:00,0.027,4.127
2019-09-04 02:00,2019-09-04 03:00,0.028,4.171
2019-09-04 03:00,2019-09-04 04:00,0.028,4.148
2019-09-04 04:00,2019-09-04 05:00,0.032,4.270
2019-09-04 05:00,2019-09-04 06:00,0.044,4.570
2019-09-04 06:00,2019-09-04 07:00,0.035,4.361
2019-09-04 07:00,2019-09-04 08:00,0.019,3.879
2019-09-04 08:00,2019-09-04 09:00,0.016,3.777
2019-09-04 09:00,2019-09-04 10:00,0.006,3.234
2019-09-04 10:00,2019-09-04 11:00,0.001,2.376
2019-09-04 11:00,2019-09-04 12:00,0,0.877
2019-09-04 12:00,2019-09-04 13:00,0,0.219
2019-09-04 13:00,2019-09-04 14:00,0,0.926
2019-09-04 14:00,2019-09-04 15:00,0,2.273
2019-09-04 15:00,2019-09-04 16:00,0.004,3.072
2019-09-04 16:00,2019-09-04 17:00,0.021,3.942
2019-09-04 17:00,2019-09-04 18:00,0.071,5.076
2019-09-04 18:00,2019-09-04 19:00,0.147,6.116
2019-09-04 19:00,2019-09-04 20:00,0.199,6.684
2019-09-04 20:00,2019-09-04 21:00,0.226,6.948
2019-09-04 21:00,2019-09-04 22:00,0.228,6.969
2019-09-04 22:00,2019-09-04 23:00,0.215,6.836
2019-09-04 23:00,2019-09-05 00:00,0.188,6.569
2019-09-05 00:00,2019-09-05 01:00,0.156,6.219
2019-09-05 01:00,2019-09-05 02:00,0.131,5.926
2019-09-05 02:00,2019-09-05 03:00,0.110,5.657
2019-09-05 03:00,2019-09-05 04:00,0.088,5.350
2019-09-05 04:00,2019-09-05 05:00,0.066,4.998
2019-09-05 05:00,2019-09-05 06:00,0.049,4.663
2019-09-05 06:00,2019-09-05 07:00,0.022,3.976
2019-09-05 07:00,2019-09-05 08:00,0.034,4.326
2019-09-05 08:00,2019-09-05 09:00,0.031,4.255
2019-09-05 09:00,2019-09-05 10:00,0.021,3.954
2019-09-05 10:00,2019-09-05 11:00,0.015,3.740
2019-09-05 11:00,2019-09-05 12:00,0.012,3.575
2019-09-05 12:00,2019-09-05 13:00,0.008,3.346
2019-09-05 13:00,2019-09-05 14:00,0.004,2.972
2019-09-05 14:00,2019-09-05 15:00,0.001,2.633
2019-09-05 15:00,2019-09-05 16:00,0.001,2.524
2019-09-05 16:00,2019-09-05 17:00,0.002,2.739
2019-09-05 17:00,2019-09-05 18:00,0.007,3.327
2019-09-05 18:00,2019-09-05 19:00,0.024,4.058
2019-09-05 19:00,2019-09-05 20:00,0.054,4.773
2019-09-05 20:00,2019-09-05 21:00,0.097,5.468
2019-09-05 21:00,2019-09-05 22:00,0.143,6.064
2019-09-05 22:00,2019-09-05 23:00,0.182,6.507
2019-09-05 23:00,2019-09-06 00:00,0.201,6.704
2019-09-06 00:00,2019-09-06 01:00,0.194,6.620
2019-09-06 01:00,2019-09-06 02:00,0.167,6.336
2019-09-06 02:00,2019-09-06 03:00,0.139,6.010
2019-09-06 03:00,2019-09-06 04:00,0.117,5.745
2019-09-06 04:00,2019-09-06 05:00,0.105,5.587
2019-09-06 05:00,2019-09-06 06:00,0.092,5.408
2019-09-06 06:00,2019-09-06 07:00,0.044,4.563
2019-09-06 07:00,2019-09-06 08:00,0.091,5.388
2019-09-06 08:00,2019-09-06 09:00,0.098,5.489
2019-09-06 09:00,2019-09-06 10:00,0.065,4.977
2019-09-06 10:00,2019-09-06 11:00,0.047,4.624
2019-09-06 11:00,2019-09-06 12:00,0.036,4.374
2019-09-06 12:00,2019-09-06 13:00,0.029,4.187
2019-09-06 13:00,2019-09-06 14:00,0.025,4.079
2019-09-06 14:00,2019-09-06 15:00,0.019,3.882
2019-09-06 15:00,2019-09-06 16:00,0.009,3.435
2019-09-06 16:00,2019-09-06 17:00,0.004,2.984
2019-09-06 17:00,2019-09-06 18:00,0.004,3.002
2019-09-06 18:00,2019-09-06 19:00,0.010,3.491
2019-09-06 19:00,2019-09-06 20:00,0.027,4.144
2019-09-06 20:00,2019-09-06 21:00,0.045,4.593
2019-09-06 21:00,2019-09-06 22:00,0.054,4.769
2019-09-06 22:00,2019-09-06 23:00,0.061,4.902
2019-09-06 23:00,2019-09-07 00:00,0.074,5.126
2019-09-07 00:00,2019-09-07 01:00,0.086,5.309
2019-09-07 01:00,2019-09-07 02:00,0.089,5.359
2019-09-07 02:00,2019-09-07 03:00,0.103,5.544
2019-09-07 03:00,2019-09-07 04:00,0.112,5.679
2019-09-07 04:00,2019-09-07 05:00,0.102,5.536
2019-09-07 05:00,2019-09-07 06:00,0.082,5.253
2019-09-07 06:00,2019-09-07 07:00,0.029,4.198
2019-09-07 07:00,2019-09-07 08:00,0.005,3.099
2019-09-07 08:00,2019-09-07 09:00,0.002,2.730
2019-09-07 09:00,2019-09-07 10:00,0,2.077
2019-09-07 10:00,2019-09-07 11:00,0,1.976
2019-09-07 11:00,2019-09-07 12:00,0,2.197
2019-09-07 12:00,2019-09-07 13:00,0,2.269
2019-09-07 13:00,2019-09-07 14:00,0,2.085
2019-09-07 14:00,2019-09-07 15:00,0,1.753
2019-09-07 15:00,2019-09-07 16:00,0,1.355
2019-09-07 16:00,2019-09-07 17:00,0,1.559
2019-09-07 17:00,2019-09-07 18:00,0,1.627
2019-09-07 18:00,2019-09-07 19:00,0,1.588
2019-09-07 19:00,2019-09-07 20:00,0,1.647
2019-09-07 20:00,2019-09-07 21:00,0,1.708
2019-09-07 21:00,2019-09-07 22:00,0,1.590
2019-09-07 22:00,2019-09-07 23:00,0,1.376
2019-09-07 23:00,2019-09-08 00:00,0,1.191
2019-09-08 00:00,2019-09-08 01:00,0,1.093
2019-09-08 01:00,2019-09-08 02:00,0,1.067
2019-09-08 02:00,2019-09-08 03:00,0,1.081
2019-09-08 03:00,2019-09-08 04:00,0,1.080
2019-09-08 04:00,2019-09-08 05:00,0,1.048
2019-09-08 05:00,2019-09-08 06:00,0,0.984
2019-09-08 06:00,2019-09-08 07:00,0,0.890
2019-09-08 07:00,2019-09-08 08:00,0,1.172
2019-09-08 08:00,2019-09-08 09:00,0,1.868
2019-09-08 09:00,2019-09-08 10:00,0,2.047
2019-09-08 10:00,2019-09-08 11:00,0,2.182
2019-09-08 11:00,2019-09-08 12:00,0.001,2.401
2019-09-08 12:00,2019-09-08 13:00,0.002,2.787
2019-09-08 13:00,2019-09-08 14:00,0.007,3.265
2019-09-08 14:00,2019-09-08 15:00,0.016,3.746
2019-09-08 15:00,2019-09-08 16:00,0.023,4.005
2019-09-08 16:00,2019-09-08 17:00,0.028,4.180
2019-09-08 17:00,2019-09-08 18:00,0.039,4.442
2019-09-08 18:00,2019-09-08 19:00,0.049,4.659
2019-09-08 19:00,2019-09-08 20:00,0.051,4.703
2019-09-08 20:00,2019-09-08 21:00,0.051,4.719
2019-09-08 21:00,2019-09-08 22:00,0.058,4.838
2019-09-08 22:00,2019-09-08 23:00,0.060,4.891
2019-09-08 23:00,2019-09-09 00:00,0.054,4.764
2019-09-09 00:00,2019-09-09 01:00,0.041,4.502
2019-09-09 01:00,2019-09-09 02:00,0.030,4.226
2019-09-09 02:00,2019-09-09 03:00,0.025,4.076
2019-09-09 03:00,2019-09-09 04:00,0.024,4.063
2019-09-09 04:00,2019-09-09 05:00,0.026,4.118
2019-09-09 05:00,2019-09-09 06:00,0.025,4.078
2019-09-09 06:00,2019-09-09 07:00,0.010,3.508
2019-09-09 07:00,2019-09-09 08:00,0.009,3.420
2019-09-09 08:00,2019-09-09 09:00,0.005,3.146
2019-09-09 09:00,2019-09-09 10:00,0.001,2.536
2019-09-09 10:00,2019-09-09 11:00,0,1.955
2019-09-09 11:00,2019-09-09 12:00,0,0.552
2019-09-09 12:00,2019-09-09 13:00,0,0.256
2019-09-09 13:00,2019-09-09 14:00,0,1.046
2019-09-09 14:00,2019-09-09 15:00,0,1.738
2019-09-09 15:00,2019-09-09 16:00,0.001,2.327
2019-09-09 16:00,2019-09-09 17:00,0.004,3.009
2019-09-09 17:00,2019-09-09 18:00,0.028,4.161
2019-09-09 18:00,2019-09-09 19:00,0.083,5.263
2019-09-09 19:00,2019-09-09 20:00,0.125,5.851
2019-09-09 20:00,2019-09-09 21:00,0.142,6.049
2019-09-09 21:00,2019-09-09 22:00,0.145,6.086
2019-09-09 22:00,2019-09-09 23:00,0.146,6.098
2019-09-09 23:00,2019-09-10 00:00,0.142,6.057
2019-09-10 00:00,2019-09-10 01:00,0.131,5.921
2019-09-10 01:00,2019-09-10 02:00,0.113,5.689
2019-09-10 02:00,2019-09-10 03:00,0.092,5.405
2019-09-10 03:00,2019-09-10 04:00,0.075,5.146
2019-09-10 04:00,2019-09-10 05:00,0.061,4.906
2019-09-10 05:00,2019-09-10 06:00,0.049,4.673
2019-09-10 06:00,2019-09-10 07:00,0.023,4.020
2019-09-10 07:00,2019-09-10 08:00,0.032,4.273
2019-09-10 08:00,2019-09-10 09:00,0.008,3.351
2019-09-10 09:00,2019-09-10 10:00,0,1.843
2019-09-10 10:00,2019-09-10 11:00,0,0
2019-09-10 11:00,2019-09-10 12:00,0,1.509
2019-09-10 12:00,2019-09-10 13:00,0,2.230
2019-09-10 13:00,2019-09-10 14:00,0.002,2.812
2019-09-10 14:00,2019-09-10 15:00,0.010,3.498
2019-09-10 15:00,2019-09-10 16:00,0.023,4.010
2019-09-10 16:00,2019-09-10 17:00,0.037,4.396
2019-09-10 17:00,2019-09-10 18:00,0.054,4.773
2019-09-10 18:00,2019-09-10 19:00,0.061,4.895
2019-09-10 19:00,2019-09-10 20:00,0.048,4.651
2019-09-10 20:00,2019-09-10 21:00,0.034,4.331
2019-09-10 21:00,2019-09-10 22:00,0.030,4.235
2019-09-10 22:00,2019-09-10 23:00,0.039,4.442
2019-09-10 23:00,2019-09-11 00:00,0.055,4.785
2019-09-11 00:00,2019-09-11 01:00,0.071,5.060
2019-09-11 01:00,2019-09-11 02:00,0.076,5.158
2019-09-11 02:00,2019-09-11 03:00,0.067,5.009
2019-09-11 03:00,2019-09-11 04:00,0.049,4.674
2019-09-11 04:00,2019-09-11 05:00,0.030,4.235
2019-09-11 05:00,2019-09-11 06:00,0.017,3.792
2019-09-11 06:00,2019-09-11 07:00,0.003,2.967
2019-09-11 07:00,2019-09-11 08:00,0.005,3.168
2019-09-11 08:00,2019-09-11 09:00,0.005,3.092
2019-09-11 09:00,2019-09-11 10:00,0.001,2.356
2019-09-11 10:00,2019-09-11 11:00,0,2.073
2019-09-11 11:00,2019-09-11 12:00,0.001,2.403
2019-09-11 12:00,2019-09-11 13:00,0.003,2.933
2019-09-11 13:00,2019-09-11 14:00,0.010,3.485
2019-09-11 14:00,2019-09-11 15:00,0.022,3.988
2019-09-11 15:00,2019-09-11 16:00,0.032,4.272
2019-09-11 16:00,2019-09-11 17:00,0.032,4.276
2019-09-11 17:00,2019-09-11 18:00,0.029,4.205
2019-09-11 18:00,2019-09-11 19:00,0.043,4.530
2019-09-11 19:00,2019-09-11 20:00,0.060,4.890
2019-09-11 20:00,2019-09-11 21:00,0.079,5.198
2019-09-11 21:00,2019-09-11 22:00,0.096,5.458
2019-09-11 22:00,2019-09-11 23:00,0.109,5.639
2019-09-11 23:00,2019-09-12 00:00,0.105,5.587
2019-09-12 00:00,2019-09-12 01:00,0.082,5.247
2019-09-12 01:00,2019-09-12 02:00,0.054,4.771
2019-09-12 02:00,2019-09-12 03:00,0.033,4.314
2019-09-12 03:00,2019-09-12 04:00,0.020,3.930
2019-09-12 04:00,2019-09-12 05:00,0.012,3.604
2019-09-12 05:00,2019-09-12 06:00,0.007,3.324
2019-09-12 06:00,2019-09-12 07:00,0.002,2.705
2019-09-12 07:00,2019-09-12 08:00,0,2.023
2019-09-12 08:00,2019-09-12 09:00,0,2.223
2019-09-12 09:00,2019-09-12 10:00,0.001,2.512
2019-09-12 10:00,2019-09-12 11:00,0.004,3.007
2019-09-12 11:00,2019-09-12 12:00,0.008,3.347
2019-09-12 12:00,2019-09-12 13:00,0.012,3.569
2019-09-12 13:00,2019-09-12 14:00,0.016,3.751
2019-09-12 14:00,2019-09-12 15:00,0.023,4.007
2019-09-12 15:00,2019-09-12 16:00,0.029,4.205
2019-09-12 16:00,2019-09-12 17:00,0.028,4.174
2019-09-12 17:00,2019-09-12 18:00,0.036,4.369
2019-09-12 18:00,2019-09-12 19:00,0.062,4.922
2019-09-12 19:00,2019-09-12 20:00,0.085,5.287
2019-09-12 20:00,2019-09-12 21:00,0.093,5.419
2019-09-12 21:00,2019-09-12 22:00,0.093,5.411
2019-09-12 22:00,2019-09-12 23:00,0.087,5.313
2019-09-12 23:00,2019-09-13 00:00,0.073,5.108
2019-09-13 00:00,2019-09-13 01:00,0.057,4.811
2019-09-13 01:00,2019-09-13 02:00,0.042,4.525
2019-09-13 02:00,2019-09-13 03:00,0.033,4.311
2019-09-13 03:00,2019-09-13 04:00,0.027,4.142
2019-09-13 04:00,2019-09-13 05:00,0.018,3.844
2019-09-13 05:00,2019-09-13 06:00,0.007,3.320
2019-09-13 06:00,2019-09-13 07:00,0.001,2.385
2019-09-13 07:00,2019-09-13 08:00,0,1.836
2019-09-13 08:00,2019-09-13 09:00,0,2.175
2019-09-13 09:00,2019-09-13 10:00,0,1.911
2019-09-13 10:00,2019-09-13 11:00,0,2.189
2019-09-13 11:00,2019-09-13 12:00,0.003,2.857
2019-09-13 12:00,2019-09-13 13:00,0.008,3.372
2019-09-13 13:00,2019-09-13 14:00,0.014,3.663
2019-09-13 14:00,2019-09-13 15:00,0.019,3.874
2019-09-13 15:00,2019-09-13 16:00,0.025,4.091
2019-09-13 16:00,2019-09-13 17:00,0.027,4.145
2019-09-13 17:00,2019-09-13 18:00,0.025,4.087
2019-09-13 18:00,2019-09-13 19:00,0.029,4.205
2019-09-13 19:00,2019-09-13 20:00,0.024,4.048
2019-09-13 20:00,2019-09-13 21:00,0.014,3.677
2019-09-13 21:00,2019-09-13 22:00,0.007,3.325
2019-09-13 22:00,2019-09-13 23:00,0.004,3.053
2019-09-13 23:00,2019-09-14 00:00,0.002,2.795
2019-09-14 00:00,2019-09-14 01:00,0.001,2.566
2019-09-14 01:00,2019-09-14 02:00,0.001,2.367
2019-09-14 02:00,2019-09-14 03:00,0,2.249
2019-09-14 03:00,2019-09-14 04:00,0,2.212
2019-09-14 04:00,2019-09-14 05:00,0,2.158
2019-09-14 05:00,2019-09-14 06:00,0,1.805
2019-09-14 06:00,2019-09-14 07:00,0,0.704
2019-09-14 07:00,2019-09-14 08:00,0,1.350
2019-09-14 08:00,2019-09-14 09:00,0.004,2.988
2019-09-14 09:00,2019-09-14 10:00,0.017,3.793
2019-09-14 10:00,2019-09-14 11:00,0.021,3.943
2019-09-14 11:00,2019-09-14 12:00,0.019,3.869
2019-09-14 12:00,2019-09-14 13:00,0.018,3.845
2019-09-14 13:00,2019-09-14 14:00,0.018,3.829
2019-09-14 14:00,2019-09-14 15:00,0.019,3.884
2019-09-14 15:00,2019-09-14 16:00,0.022,3.964
2019-09-14 16:00,2019-09-14 17:00,0.028,4.167
2019-09-14 17:00,2019-09-14 18:00,0.074,5.133
2019-09-14 18:00,2019-09-14 19:00,0.207,6.750
2019-09-14 19:00,2019-09-14 20:00,0.349,8.055
2019-09-14 20:00,2019-09-14 21:00,0.423,8.677
2019-09-14 21:00,2019-09-14 22:00,0.370,8.236
2019-09-14 22:00,2019-09-14 23:00,0.263,7.304
2019-09-14 23:00,2019-09-15 00:00,0.179,6.471
2019-09-15 00:00,2019-09-15 01:00,0.115,5.716
2019-09-15 01:00,2019-09-15 02:00,0.066,4.987
2019-09-15 02:00,2019-09-15 03:00,0.032,4.282
2019-09-15 03:00,2019-09-15 04:00,0.010,3.466
2019-09-15 04:00,2019-09-15 05:00,0.001,2.598
2019-09-15 05:00,2019-09-15 06:00,0,1.781
2019-09-15 06:00,2019-09-15 07:00,0,1.005
2019-09-15 07:00,2019-09-15 08:00,0,1.371
2019-09-15 08:00,2019-09-15 09:00,0.002,2.836
2019-09-15 09:00,2019-09-15 10:00,0.016,3.762
2019-09-15 10:00,2019-09-15 11:00,0.033,4.306
2019-09-15 11:00,2019-09-15 12:00,0.043,4.537
2019-09-15 12:00,2019-09-15 13:00,0.045,4.584
2019-09-15 13:00,2019-09-15 14:00,0.044,4.570
2019-09-15 14:00,2019-09-15 15:00,0.043,4.546
2019-09-15 15:00,2019-09-15 16:00,0.043,4.538
2019-09-15 16:00,2019-09-15 17:00,0.047,4.617
2019-09-15 17:00,2019-09-15 18:00,0.065,4.980
2019-09-15 18:00,2019-09-15 19:00,0.087,5.324
2019-09-15 19:00,2019-09-15 20:00,0.086,5.306
2019-09-15 20:00,2019-09-15 21:00,0.069,5.033
2019-09-15 21:00,2019-09-15 22:00,0.048,4.650
2019-09-15 22:00,2019-09-15 23:00,0.030,4.212
2019-09-15 23:00,2019-09-16 00:00,0.012,3.606
2019-09-16 00:00,2019-09-16 01:00,0.003,2.951
2019-09-16 01:00,2019-09-16 02:00,0.001,2.507
2019-09-16 02:00,2019-09-16 03:00,0,2.296
2019-09-16 03:00,2019-09-16 04:00,0,2.222
2019-09-16 04:00,2019-09-16 05:00,0,2.240
2019-09-16 05:00,2019-09-16 06:00,0,2.310
2019-09-16 06:00,2019-09-16 07:00,0,2.223
2019-09-16 07:00,2019-09-16 08:00,0.001,2.377
2019-09-16 08:00,2019-09-16 09:00,0.004,3.002
2019-09-16 09:00,2019-09-16 10:00,0.002,2.715
2019-09-16 10:00,2019-09-16 11:00,0.001,2.452
2019-09-16 11:00,2019-09-16 12:00,0.001,2.459
2019-09-16 12:00,2019-09-16 13:00,0.001,2.533
2019-09-16 13:00,2019-09-16 14:00,0.001,2.592
2019-09-16 14:00,2019-09-16 15:00,0.001,2.653
2019-09-16 15:00,2019-09-16 16:00,0.002,2.695
2019-09-16 16:00,2019-09-16 17:00,0.002,2.784
2019-09-16 17:00,2019-09-16 18:00,0.005,3.098
2019-09-16 18:00,2019-09-16 19:00,0.013,3.635
2019-09-16 19:00,2019-09-16 20:00,0.028,4.175
2019-09-16 20:00,2019-09-16 21:00,0.045,4.580
2019-09-16 21:00,2019-09-16 22:00,0.058,4.845
2019-09-16 22:00,2019-09-16 23:00,0.064,4.952
2019-09-16 23:00,2019-09-17 00:00,0.058,4.841
2019-09-17 00:00,2019-09-17 01:00,0.042,4.522
2019-09-17 01:00,2019-09-17 02:00,0.023,4.012
2019-09-17 02:00,2019-09-17 03:00,0.009,3.413
2019-09-17 03:00,2019-09-17 04:00,0.002,2.732
2019-09-17 04:00,2019-09-17 05:00,0,1.947
2019-09-17 05:00,2019-09-17 06:00,0,1.149
2019-09-17 06:00,2019-09-17 07:00,0,0.854
2019-09-17 07:00,2019-09-17 08:00,0,0.781
2019-09-17 08:00,2019-09-17 09:00,0,0
2019-09-17 09:00,2019-09-17 10:00,0,0.809
2019-09-17 10:00,2019-09-17 11:00,0,1.486
2019-09-17 11:00,2019-09-17 12:00,0,1.647
2019-09-17 12:00,2019-09-17 13:00,0,1.694
2019-09-17 13:00,2019-09-17 14:00,0,1.669
2019-09-17 14:00,2019-09-17 15:00,0,1.611
2019-09-17 15:00,2019-09-17 16:00,0,1.671
2019-09-17 16:00,2019-09-17 17:00,0,1.661
2019-09-17 17:00,2019-09-17 18:00,0,1.626
2019-09-17 18:00,2019-09-17 19:00,0,2.233
2019-09-17 19:00,2019-09-17 20:00,0.004,2.995
2019-09-17 20:00,2019-09-17 21:00,0.013,3.618
2019-09-17 21:00,2019-09-17 22:00,0.024,4.039
2019-09-17 22:00,2019-09-17 23:00,0.034,4.328
2019-09-17 23:00,2019-09-18 00:00,0.044,4.574
2019-09-18 00:00,2019-09-18 01:00,0.055,4.788
2019-09-18 01:00,2019-09-18 02:00,0.060,4.871
2019-09-18 02:00,2019-09-18 03:00,0.055,4.789
2019-09-18 03:00,2019-09-18 04:00,0.045,4.593
2019-09-18 04:00,2019-09-18 05:00,0.034,4.324
2019-09-18 05:00,2019-09-18 06:00,0.023,4.025
2019-09-18 06:00,2019-09-18 07:00,0.008,3.386
2019-09-18 07:00,2019-09-18 08:00,0.003,2.949
2019-09-18 08:00,2019-09-18 09:00,0,2.287
2019-09-18 09:00,2019-09-18 10:00,0,0
2019-09-18 10:00,2019-09-18 11:00,0,1.638
2019-09-18 11:00,2019-09-18 12:00,0.001,2.465
2019-09-18 12:00,2019-09-18 13:00,0.002,2.773
2019-09-18 13:00,2019-09-18 14:00,0.004,2.997
2019-09-18 14:00,2019-09-18 15:00,0.006,3.238
2019-09-18 15:00,2019-09-18 16:00,0.011,3.547
2019-09-18 16:00,2019-09-18 17:00,0.014,3.679
2019-09-18 17:00,2019-09-18 18:00,0.015,3.743
2019-09-18 18:00,2019-09-18 19:00,0.028,4.173
2019-09-18 19:00,2019-09-18 20:00,0.054,4.761
2019-09-18 20:00,2019-09-18 21:00,0.092,5.407
2019-09-18 21:00,2019-09-18 22:00,0.141,6.041
2019-09-18 22:00,2019-09-18 23:00,0.181,6.498
2019-09-18 23:00,2019-09-19 00:00,0.186,6.546
2019-09-19 00:00,2019-09-19 01:00,0.159,6.252
2019-09-19 01:00,2019-09-19 02:00,0.125,5.852
2019-09-19 02:00,2019-09-19 03:00,0.098,5.489
2019-09-19 03:00,2019-09-19 04:00,0.075,5.140
2019-09-19 04:00,2019-09-19 05:00,0.055,4.789
2019-09-19 05:00,2019-09-19 06:00,0.037,4.401
2019-09-19 06:00,2019-09-19 07:00,0.011,3.531
2019-09-19 07:00,2019-09-19 08:00,0.002,2.831
2019-09-19 08:00,2019-09-19 09:00,0.010,3.490
2019-09-19 09:00,2019-09-19 10:00,0.008,3.355
2019-09-19 10:00,2019-09-19 11:00,0.006,3.196
2019-09-19 11:00,2019-09-19 12:00,0.005,3.165
2019-09-19 12:00,2019-09-19 13:00,0.007,3.320
2019-09-19 13:00,2019-09-19 14:00,0.012,3.564
2019-09-19 14:00,2019-09-19 15:00,0.017,3.809
2019-09-19 15:00,2019-09-19 16:00,0.022,3.999
2019-09-19 16:00,2019-09-19 17:00,0.017,3.803
2019-09-19 17:00,2019-09-19 18:00,0.008,3.336
2019-09-19 18:00,2019-09-19 19:00,0.004,3.024
2019-09-19 19:00,2019-09-19 20:00,0.002,2.795
2019-09-19 20:00,2019-09-19 21:00,0.001,2.593
2019-09-19 21:00,2019-09-19 22:00,0.001,2.579
2019-09-19 22:00,2019-09-19 23:00,0.002,2.683
2019-09-19 23:00,2019-09-20 00:00,0.002,2.670
2019-09-20 00:00,2019-09-20 01:00,0.001,2.554
2019-09-20 01:00,2019-09-20 02:00,0.001,2.350
2019-09-20 02:00,2019-09-20 03:00,0,2.090
2019-09-20 03:00,2019-09-20 04:00,0,1.697
2019-09-20 04:00,2019-09-20 05:00,0,1.389
2019-09-20 05:00,2019-09-20 06:00,0,1.450
2019-09-20 06:00,2019-09-20 07:00,0,1.658
2019-09-20 07:00,2019-09-20 08:00,0,2.051
2019-09-20 08:00,2019-09-20 09:00,0.001,2.577
2019-09-20 09:00,2019-09-20 10:00,0.006,3.201
2019-09-20 10:00,2019-09-20 11:00,0.017,3.805
2019-09-20 11:00,2019-09-20 12:00,0.027,4.141
2019-09-20 12:00,2019-09-20 13:00,0.030,4.234
2019-09-20 13:00,2019-09-20 14:00,0.029,4.205
2019-09-20 14:00,2019-09-20 15:00,0.027,4.139
2019-09-20 15:00,2019-09-20 16:00,0.024,4.058
2019-09-20 16:00,2019-09-20 17:00,0.015,3.725
2019-09-20 17:00,2019-09-20 18:00,0.010,3.489
2019-09-20 18:00,2019-09-20 19:00,0.010,3.491
2019-09-20 19:00,2019-09-20 20:00,0.011,3.533
2019-09-20 20:00,2019-09-20 21:00,0.011,3.514
2019-09-20 21:00,2019-09-20 22:00,0.010,3.479
2019-09-20 22:00,2019-09-20 23:00,0.009,3.432
2019-09-20 23:00,2019-09-21 00:00,0.007,3.276
2019-09-21 00:00,2019-09-21 01:00,0.004,3.026
2019-09-21 01:00,2019-09-21 02:00,0.002,2.718
2019-09-21 02:00,2019-09-21 03:00,0.001,2.418
2019-09-21 03:00,2019-09-21 04:00,0,2.069
2019-09-21 04:00,2019-09-21 05:00,0,1.719
2019-09-21 05:00,2019-09-21 06:00,0,1.414
2019-09-21 06:00,2019-09-21 07:00,0,1.084
2019-09-21 07:00,2019-09-21 08:00,0,0.773
2019-09-21 08:00,2019-09-21 09:00,0,0.247
2019-09-21 09:00,2019-09-21 10:00,0,1.485
2019-09-21 10:00,2019-09-21 11:00,0.001,2.373
2019-09-21 11:00,2019-09-21 12:00,0.002,2.689
2019-09-21 12:00,2019-09-21 13:00,0.002,2.824
2019-09-21 13:00,2019-09-21 14:00,0.003,2.905
2019-09-21 14:00,2019-09-21 15:00,0.004,3.005
2019-09-21 15:00,2019-09-21 16:00,0.004,3.014
2019-09-21 16:00,2019-09-21 17:00,0.002,2.682
2019-09-21 17:00,2019-09-21 18:00,0,2.202
2019-09-21 18:00,2019-09-21 19:00,0,2.084
2019-09-21 19:00,2019-09-21 20:00,0,2.178
2019-09-21 20:00,2019-09-21 21:00,0.001,2.372
2019-09-21 21:00,2019-09-21 22:00,0.002,2.748
2019-09-21 22:00,2019-09-21 23:00,0.006,3.251
2019-09-21 23:00,2019-09-22 00:00,0.016,3.785
2019-09-22 00:00,2019-09-22 01:00,0.035,4.363
2019-09-22 01:00,2019-09-22 02:00,0.060,4.889
2019-09-22 02:00,2019-09-22 03:00,0.079,5.199
2019-09-22 03:00,2019-09-22 04:00,0.080,5.217
2019-09-22 04:00,2019-09-22 05:00,0.065,4.972
2019-09-22 05:00,2019-09-22 06:00,0.044,4.556
2019-09-22 06:00,2019-09-22 07:00,0.019,3.873
2019-09-22 07:00,2019-09-22 08:00,0.002,2.745
2019-09-22 08:00,2019-09-22 09:00,0,2.029
2019-09-22 09:00,2019-09-22 10:00,0.003,2.853
2019-09-22 10:00,2019-09-22 11:00,0.016,3.771
2019-09-22 11:00,2019-09-22 12:00,0.024,4.037
2019-09-22 12:00,2019-09-22 13:00,0.026,4.114
2019-09-22 13:00,2019-09-22 14:00,0.027,4.138
2019-09-22 14:00,2019-09-22 15:00,0.027,4.140
2019-09-22 15:00,2019-09-22 16:00,0.025,4.086
2019-09-22 16:00,2019-09-22 17:00,0.015,3.732
2019-09-22 17:00,2019-09-22 18:00,0.011,3.553
2019-09-22 18:00,2019-09-22 19:00,0.014,3.696
2019-09-22 19:00,2019-09-22 20:00,0.022,3.969
2019-09-22 20:00,2019-09-22 21:00,0.030,4.218
2019-09-22 21:00,2019-09-22 22:00,0.039,4.455
2019-09-22 22:00,2019-09-22 23:00,0.053,4.742
2019-09-22 23:00,2019-09-23 00:00,0.075,5.142
2019-09-23 00:00,2019-09-23 01:00,0.110,5.661
2019-09-23 01:00,2019-09-23 02:00,0.150,6.153
2019-09-23 02:00,2019-09-23 03:00,0.178,6.455
2019-09-23 03:00,2019-09-23 04:00,0.185,6.542
2019-09-23 04:00,2019-09-23 05:00,0.178,6.454
2019-09-23 05:00,2019-09-23 06:00,0.164,6.307
2019-09-23 06:00,2019-09-23 07:00,0.132,5.940
2019-09-23 07:00,2019-09-23 08:00,0.053,4.753
2019-09-23 08:00,2019-09-23 09:00,0.011,3.527
2019-09-23 09:00,2019-09-23 10:00,0.043,4.527
2019-09-23 10:00,2019-09-23 11:00,0.162,6.284
2019-09-23 11:00,2019-09-23 12:00,0.219,6.884
2019-09-23 12:00,2019-09-23 13:00,0.247,7.144
2019-09-23 13:00,2019-09-23 14:00,0.259,7.264
2019-09-23 14:00,2019-09-23 15:00,0.246,7.136
2019-09-23 15:00,2019-09-23 16:00,0.164,6.308
2019-09-23 16:00,2019-09-23 17:00,0.097,5.477
2019-09-23 17:00,2019-09-23 18:00,0.103,5.544
2019-09-23 18:00,2019-09-23 19:00,0.113,5.694
2019-09-23 19:00,2019-09-23 20:00,0.129,5.894
2019-09-23 20:00,2019-09-23 21:00,0.141,6.038
2019-09-23 21:00,2019-09-23 22:00,0.154,6.197
2019-09-23 22:00,2019-09-23 23:00,0.163,6.295
2019-09-23 23:00,2019-09-24 00:00,0.167,6.336
2019-09-24 00:00,2019-09-24 01:00,0.162,6.289
2019-09-24 01:00,2019-09-24 02:00,0.150,6.155
2019-09-24 02:00,2019-09-24 03:00,0.131,5.924
2019-09-24 03:00,2019-09-24 04:00,0.102,5.536
2019-09-24 04:00,2019-09-24 05:00,0.064,4.958
2019-09-24 05:00,2019-09-24 06:00,0.033,4.307
2019-09-24 06:00,2019-09-24 07:00,0.011,3.535
2019-09-24 07:00,2019-09-24 08:00,0.001,2.428
2019-09-24 08:00,2019-09-24 09:00,0,1.593
2019-09-24 09:00,2019-09-24 10:00,0,1.704
2019-09-24 10:00,2019-09-24 11:00,0,2.051
2019-09-24 11:00,2019-09-24 12:00,0.001,2.565
2019-09-24 12:00,2019-09-24 13:00,0.005,3.176
2019-09-24 13:00,2019-09-24 14:00,0.012,3.587
2019-09-24 14:00,2019-09-24 15:00,0.011,3.562
2019-09-24 15:00,2019-09-24 16:00,0.006,3.257
2019-09-24 16:00,2019-09-24 17:00,0.002,2.683
2019-09-24 17:00,2019-09-24 18:00,0,2.311
2019-09-24 18:00,2019-09-24 19:00,0,2.047
2019-09-24 19:00,2019-09-24 20:00,0,1.765
2019-09-24 20:00,2019-09-24 21:00,0,1.749
2019-09-24 21:00,2019-09-24 22:00,0,2.073
2019-09-24 22:00,2019-09-24 23:00,0.001,2.451
2019-09-24 23:00,2019-09-25 00:00,0.002,2.825
2019-09-25 00:00,2019-09-25 01:00,0.005,3.138
2019-09-25 01:00,2019-09-25 02:00,0.008,3.349
2019-09-25 02:00,2019-09-25 03:00,0.010,3.479
2019-09-25 03:00,2019-09-25 04:00,0.012,3.590
2019-09-25 04:00,2019-09-25 05:00,0.015,3.711
2019-09-25 05:00,2019-09-25 06:00,0.017,3.805
2019-09-25 06:00,2019-09-25 07:00,0.014,3.661
2019-09-25 07:00,2019-09-25 08:00,0.003,2.905
2019-09-25 08:00,2019-09-25 09:00,0,2.117
2019-09-25 09:00,2019-09-25 10:00,0.001,2.560
2019-09-25 10:00,2019-09-25 11:00,0.020,3.906
2019-09-25 11:00,2019-09-25 12:00,0.027,4.144
2019-09-25 12:00,2019-09-25 13:00,0.014,3.670
2019-09-25 13:00,2019-09-25 14:00,0.006,3.246
2019-09-25 14:00,2019-09-25 15:00,0.003,2.946
2019-09-25 15:00,2019-09-25 16:00,0.002,2.687
2019-09-25 16:00,2019-09-25 17:00,0,2.182
2019-09-25 17:00,2019-09-25 18:00,0,1.548
2019-09-25 18:00,2019-09-25 19:00,0,1.326
2019-09-25 19:00,2019-09-25 20:00,0,1.272
2019-09-25 20:00,2019-09-25 21:00,0,1.064
2019-09-25 21:00,2019-09-25 22:00,0,0.853
2019-09-25 22:00,2019-09-25 23:00,0,1.073
2019-09-25 23:00,2019-09-26 00:00,0,1.710
2019-09-26 00:00,2019-09-26 01:00,0.001,2.437
2019-09-26 01:00,2019-09-26 02:00,0.005,3.128
2019-09-26 02:00,2019-09-26 03:00,0.015,3.701
2019-09-26 03:00,2019-09-26 04:00,0.027,4.126
2019-09-26 04:00,2019-09-26 05:00,0.035,4.345
2019-09-26 05:00,2019-09-26 06:00,0.033,4.317
2019-09-26 06:00,2019-09-26 07:00,0.021,3.937
2019-09-26 07:00,2019-09-26 08:00,0.004,3.070
2019-09-26 08:00,2019-09-26 09:00,0.001,2.412
2019-09-26 09:00,2019-09-26 10:00,0.001,2.595
2019-09-26 10:00,2019-09-26 11:00,0.004,3.059
2019-09-26 11:00,2019-09-26 12:00,0.005,3.102
2019-09-26 12:00,2019-09-26 13:00,0.010,3.463
2019-09-26 13:00,2019-09-26 14:00,0.018,3.842
2019-09-26 14:00,2019-09-26 15:00,0.027,4.144
2019-09-26 15:00,2019-09-26 16:00,0.037,4.393
2019-09-26 16:00,2019-09-26 17:00,0.034,4.328
2019-09-26 17:00,2019-09-26 18:00,0.042,4.510
2019-09-26 18:00,2019-09-26 19:00,0.057,4.818
2019-09-26 19:00,2019-09-26 20:00,0.072,5.099
2019-09-26 20:00,2019-09-26 21:00,0.082,5.247
2019-09-26 21:00,2019-09-26 22:00,0.088,5.340
2019-09-26 22:00,2019-09-26 23:00,0.091,5.386
2019-09-26 23:00,2019-09-27 00:00,0.087,5.328
2019-09-27 00:00,2019-09-27 01:00,0.078,5.185
2019-09-27 01:00,2019-09-27 02:00,0.063,4.932
2019-09-27 02:00,2019-09-27 03:00,0.049,4.673
2019-09-27 03:00,2019-09-27 04:00,0.037,4.394
2019-09-27 04:00,2019-09-27 05:00,0.023,4.014
2019-09-27 05:00,2019-09-27 06:00,0.010,3.489
2019-09-27 06:00,2019-09-27 07:00,0.001,2.614
2019-09-27 07:00,2019-09-27 08:00,0,1.716
2019-09-27 08:00,2019-09-27 09:00,0,1.111
2019-09-27 09:00,2019-09-27 10:00,0,1.801
2019-09-27 10:00,2019-09-27 11:00,0.008,3.339
2019-09-27 11:00,2019-09-27 12:00,0.025,4.076
2019-09-27 12:00,2019-09-27 13:00,0.042,4.516
2019-09-27 13:00,2019-09-27 14:00,0.057,4.817
2019-09-27 14:00,2019-09-27 15:00,0.068,5.020
2019-09-27 15:00,2019-09-27 16:00,0.064,4.960
2019-09-27 16:00,2019-09-27 17:00,0.042,4.522
2019-09-27 17:00,2019-09-27 18:00,0.038,4.436
2019-09-27 18:00,2019-09-27 19:00,0.046,4.609
2019-09-27 19:00,2019-09-27 20:00,0.057,4.832
2019-09-27 20:00,2019-09-27 21:00,0.067,5.008
2019-09-27 21:00,2019-09-27 22:00,0.079,5.195
2019-09-27 22:00,2019-09-27 23:00,0.088,5.350
2019-09-27 23:00,2019-09-28 00:00,0.090,5.376
2019-09-28 00:00,2019-09-28 01:00,0.084,5.273
2019-09-28 01:00,2019-09-28 02:00,0.068,5.024
2019-09-28 02:00,2019-09-28 03:00,0.054,4.772
2019-09-28 03:00,2019-09-28 04:00,0.038,4.433
2019-09-28 04:00,2019-09-28 05:00,0.023,4.013
2019-09-28 05:00,2019-09-28 06:00,0.014,3.668
2019-09-28 06:00,2019-09-28 07:00,0.006,3.191
2019-09-28 07:00,2019-09-28 08:00,0.002,2.807
2019-09-28 08:00,2019-09-28 09:00,0.001,2.570
2019-09-28 09:00,2019-09-28 10:00,0,1.093
2019-09-28 10:00,2019-09-28 11:00,0,1.041
2019-09-28 11:00,2019-09-28 12:00,0,2.144
2019-09-28 12:00,2019-09-28 13:00,0.001,2.570
2019-09-28 13:00,2019-09-28 14:00,0.002,2.709
2019-09-28 14:00,2019-09-28 15:00,0.002,2.801
2019-09-28 15:00,2019-09-28 16:00,0.002,2.818
2019-09-28 16:00,2019-09-28 17:00,0.001,2.504
2019-09-28 17:00,2019-09-28 18:00,0.001,2.342
2019-09-28 18:00,2019-09-28 19:00,0.001,2.643
2019-09-28 19:00,2019-09-28 20:00,0.004,3.032
2019-09-28 20:00,2019-09-28 21:00,0.007,3.290
2019-09-28 21:00,2019-09-28 22:00,0.010,3.500
2019-09-28 22:00,2019-09-28 23:00,0.015,3.708
2019-09-28 23:00,2019-09-29 00:00,0.018,3.848
2019-09-29 00:00,2019-09-29 01:00,0.020,3.929
2019-09-29 01:00,2019-09-29 02:00,0.019,3.889
2019-09-29 02:00,2019-09-29 03:00,0.014,3.679
2019-09-29 03:00,2019-09-29 04:00,0.007,3.316
2019-09-29 04:00,2019-09-29 05:00,0.003,2.939
2019-09-29 05:00,2019-09-29 06:00,0.001,2.609
2019-09-29 06:00,2019-09-29 07:00,0,2.225
2019-09-29 07:00,2019-09-29 08:00,0,1.701
2019-09-29 08:00,2019-09-29 09:00,0,1.620
2019-09-29 09:00,2019-09-29 10:00,0,1.656
2019-09-29 10:00,2019-09-29 11:00,0.003,2.945
2019-09-29 11:00,2019-09-29 12:00,0.017,3.790
2019-09-29 12:00,2019-09-29 13:00,0.029,4.184
2019-09-29 13:00,2019-09-29 14:00,0.040,4.464
2019-09-29 14:00,2019-09-29 15:00,0.058,4.838
2019-09-29 15:00,2019-09-29 16:00,0.071,5.066
2019-09-29 16:00,2019-09-29 17:00,0.056,4.795
2019-09-29 17:00,2019-09-29 18:00,0.062,4.928
2019-09-29 18:00,2019-09-29 19:00,0.085,5.282
2019-09-29 19:00,2019-09-29 20:00,0.121,5.790
2019-09-29 20:00,2019-09-29 21:00,0.168,6.354
2019-09-29 21:00,2019-09-29 22:00,0.217,6.862
2019-09-29 22:00,2019-09-29 23:00,0.242,7.108
2019-09-29 23:00,2019-09-30 00:00,0.231,7.002
2019-09-30 00:00,2019-09-30 01:00,0.214,6.826
2019-09-30 01:00,2019-09-30 02:00,0.203,6.718
2019-09-30 02:00,2019-09-30 03:00,0.194,6.620
2019-09-30 03:00,2019-09-30 04:00,0.170,6.377
2019-09-30 04:00,2019-09-30 05:00,0.145,6.083
2019-09-30 05:00,2019-09-30 06:00,0.122,5.797
2019-09-30 06:00,2019-09-30 07:00,0.065,4.967
2019-09-30 07:00,2019-09-30 08:00,0.141,6.040
2019-09-30 08:00,2019-09-30 09:00,0.185,6.540
2019-09-30 09:00,2019-09-30 10:00,0.136,5.976
2019-09-30 10:00,2019-09-30 11:00,0.071,5.077
2019-09-30 11:00,2019-09-30 12:00,0.029,4.188
2019-09-30 12:00,2019-09-30 13:00,0.011,3.522
2019-09-30 13:00,2019-09-30 14:00,0.006,3.227
2019-09-30 14:00,2019-09-30 15:00,0.006,3.210
2019-09-30 15:00,2019-09-30 16:00,0.008,3.365
2019-09-30 16:00,2019-09-30 17:00,0.006,3.256
2019-09-30 17:00,2019-09-30 18:00,0.003,2.870
2019-09-30 18:00,2019-09-30 19:00,0.001,2.651
2019-09-30 19:00,2019-09-30 20:00,0.001,2.577
2019-09-30 20:00,2019-09-30 21:00,0.001,2.544
2019-09-30 21:00,2019-09-30 22:00,0.001,2.638
2019-09-30 22:00,2019-09-30 23:00,0.003,2.887
2019-09-30 23:00,2019-10-01 00:00,0.005,3.141
2019-10-01 00:00,2019-10-01 01:00,0.009,3.415
2019-10-01 01:00,2019-10-01 02:00,0.015,3.722
2019-10-01 02:00,2019-10-01 03:00,0.022,3.984
2019-10-01 03:00,2019-10-01 04:00,0.024,4.031
2019-10-01 04:00,2019-10-01 05:00,0.018,3.832
2019-10-01 05:00,2019-10-01 06:00,0.011,3.534
2019-10-01 06:00,2019-10-01 07:00,0.004,3.003
2019-10-01 07:00,2019-10-01 08:00,0.001,2.540
2019-10-01 08:00,2019-10-01 09:00,0.010,3.475
2019-10-01 09:00,2019-10-01 10:00,0.015,3.701
2019-10-01 10:00,2019-10-01 11:00,0.030,4.217
2019-10-01 11:00,2019-10-01 12:00,0.055,4.778
2019-10-01 12:00,2019-10-01 13:00,0.085,5.292
2019-10-01 13:00,2019-10-01 14:00,0.116,5.728
2019-10-01 14:00,2019-10-01 15:00,0.129,5.903
2019-10-01 15:00,2019-10-01 16:00,0.109,5.637
2019-10-01 16:00,2019-10-01 17:00,0.062,4.914
2019-10-01 17:00,2019-10-01 18:00,0.027,4.119
2019-10-01 18:00,2019-10-01 19:00,0.007,3.285
2019-10-01 19:00,2019-10-01 20:00,0.001,2.485
2019-10-01 20:00,2019-10-01 21:00,0,1.895
2019-10-01 21:00,2019-10-01 22:00,0,1.640
2019-10-01 22:00,2019-10-01 23:00,0,1.954
2019-10-01 23:00,2019-10-02 00:00,0.001,2.345
2019-10-02 00:00,2019-10-02 01:00,0.002,2.680
2019-10-02 01:00,2019-10-02 02:00,0.004,2.977
2019-10-02 02:00,2019-10-02 03:00,0.007,3.317
2019-10-02 03:00,2019-10-02 04:00,0.014,3.671
2019-10-02 04:00,2019-10-02 05:00,0.020,3.904
2019-10-02 05:00,2019-10-02 06:00,0.020,3.899
2019-10-02 06:00,2019-10-02 07:00,0.009,3.434
2019-10-02 07:00,2019-10-02 08:00,0.002,2.662
2019-10-02 08:00,2019-10-02 09:00,0.001,2.597
2019-10-02 09:00,2019-10-02 10:00,0,1.859
2019-10-02 10:00,2019-10-02 11:00,0,1.988
2019-10-02 11:00,2019-10-02 12:00,0.001,2.463
2019-10-02 12:00,2019-10-02 13:00,0.001,2.645
2019-10-02 13:00,2019-10-02 14:00,0.002,2.670
2019-10-02 14:00,2019-10-02 15:00,0.002,2.663
2019-10-02 15:00,2019-10-02 16:00,0.001,2.596
2019-10-02 16:00,2019-10-02 17:00,0.001,2.456
2019-10-02 17:00,2019-10-02 18:00,0.003,2.922
2019-10-02 18:00,2019-10-02 19:00,0.013,3.626
2019-10-02 19:00,2019-10-02 20:00,0.028,4.176
2019-10-02 20:00,2019-10-02 21:00,0.038,4.440
2019-10-02 21:00,2019-10-02 22:00,0.042,4.513
2019-10-02 22:00,2019-10-02 23:00,0.044,4.560
2019-10-02 23:00,2019-10-03 00:00,0.051,4.715
2019-10-03 00:00,2019-10-03 01:00,0.064,4.960
2019-10-03 01:00,2019-10-03 02:00,0.086,5.310
2019-10-03 02:00,2019-10-03 03:00,0.111,5.663
2019-10-03 03:00,2019-10-03 04:00,0.127,5.881
2019-10-03 04:00,2019-10-03 05:00,0.122,5.796
2019-10-03 05:00,2019-10-03 06:00,0.090,5.369
2019-10-03 06:00,2019-10-03 07:00,0.043,4.544
2019-10-03 07:00,2019-10-03 08:00,0.038,4.411
2019-10-03 08:00,2019-10-03 09:00,0.047,4.617
2019-10-03 09:00,2019-10-03 10:00,0.045,4.590
2019-10-03 10:00,2019-10-03 11:00,0.044,4.572
2019-10-03 11:00,2019-10-03 12:00,0.030,4.227
2019-10-03 12:00,2019-10-03 13:00,0.013,3.622
2019-10-03 13:00,2019-10-03 14:00,0.004,2.972
2019-10-03 14:00,2019-10-03 15:00,0.001,2.338
2019-10-03 15:00,2019-10-03 16:00,0,2.059
2019-10-03 16:00,2019-10-03 17:00,0.001,2.580
2019-10-03 17:00,2019-10-03 18:00,0.022,3.967
2019-10-03 18:00,2019-10-03 19:00,0.052,4.732
2019-10-03 19:00,2019-10-03 20:00,0.063,4.941
2019-10-03 20:00,2019-10-03 21:00,0.059,4.856
2019-10-03 21:00,2019-10-03 22:00,0.050,4.686
2019-10-03 22:00,2019-10-03 23:00,0.033,4.305
2019-10-03 23:00,2019-10-04 00:00,0.015,3.742
2019-10-04 00:00,2019-10-04 01:00,0.006,3.198
2019-10-04 01:00,2019-10-04 02:00,0.002,2.817
2019-10-04 02:00,2019-10-04 03:00,0.002,2.741
2019-10-04 03:00,2019-10-04 04:00,0.003,2.897
2019-10-04 04:00,2019-10-04 05:00,0.006,3.193
2019-10-04 05:00,2019-10-04 06:00,0.012,3.609
2019-10-04 06:00,2019-10-04 07:00,0.016,3.769
2019-10-04 07:00,2019-10-04 08:00,0.012,3.603
2019-10-04 08:00,2019-10-04 09:00,0.069,5.029
2019-10-04 09:00,2019-10-04 10:00,0.103,5.553
2019-10-04 10:00,2019-10-04 11:00,0.083,5.272
2019-10-04 11:00,2019-10-04 12:00,0.041,4.500
2019-10-04 12:00,2019-10-04 13:00,0.013,3.651
2019-10-04 13:00,2019-10-04 14:00,0.003,2.955
2019-10-04 14:00,2019-10-04 15:00,0.001,2.526
2019-10-04 15:00,2019-10-04 16:00,0.001,2.337
2019-10-04 16:00,2019-10-04 17:00,0,2.289
2019-10-04 17:00,2019-10-04 18:00,0.001,2.472
2019-10-04 18:00,2019-10-04 19:00,0.002,2.780
2019-10-04 19:00,2019-10-04 20:00,0.004,3.064
2019-10-04 20:00,2019-10-04 21:00,0.006,3.236
2019-10-04 21:00,2019-10-04 22:00,0.010,3.488
2019-10-04 22:00,2019-10-04 23:00,0.019,3.885
2019-10-04 23:00,2019-10-05 00:00,0.031,4.260
2019-10-05 00:00,2019-10-05 01:00,0.045,4.583
2019-10-05 01:00,2019-10-05 02:00,0.060,4.891
2019-10-05 02:00,2019-10-05 03:00,0.077,5.170
2019-10-05 03:00,2019-10-05 04:00,0.087,5.318
2019-10-05 04:00,2019-10-05 05:00,0.079,5.206
2019-10-05 05:00,2019-10-05 06:00,0.058,4.855
2019-10-05 06:00,2019-10-05 07:00,0.020,3.899
2019-10-05 07:00,2019-10-05 08:00,0.014,3.694
2019-10-05 08:00,2019-10-05 09:00,0.052,4.735
2019-10-05 09:00,2019-10-05 10:00,0.054,4.770
2019-10-05 10:00,2019-10-05 11:00,0.066,4.991
2019-10-05 11:00,2019-10-05 12:00,0.082,5.256
2019-10-05 12:00,2019-10-05 13:00,0.097,5.468
2019-10-05 13:00,2019-10-05 14:00,0.107,5.612
2019-10-05 14:00,2019-10-05 15:00,0.115,5.710
2019-10-05 15:00,2019-10-05 16:00,0.095,5.444
2019-10-05 16:00,2019-10-05 17:00,0.041,4.499
2019-10-05 17:00,2019-10-05 18:00,0.018,3.852
2019-10-05 18:00,2019-10-05 19:00,0.017,3.822
2019-10-05 19:00,2019-10-05 20:00,0.025,4.077
2019-10-05 20:00,2019-10-05 21:00,0.038,4.430
2019-10-05 21:00,2019-10-05 22:00,0.063,4.929
2019-10-05 22:00,2019-10-05 23:00,0.083,5.268
2019-10-05 23:00,2019-10-06 00:00,0.081,5.241
2019-10-06 00:00,2019-10-06 01:00,0.064,4.950
2019-10-06 01:00,2019-10-06 02:00,0.039,4.453
2019-10-06 02:00,2019-10-06 03:00,0.021,3.940
2019-10-06 03:00,2019-10-06 04:00,0.011,3.531
2019-10-06 04:00,2019-10-06 05:00,0.005,3.162
2019-10-06 05:00,2019-10-06 06:00,0.003,2.873
2019-10-06 06:00,2019-10-06 07:00,0.006,3.187
2019-10-06 07:00,2019-10-06 08:00,0.005,3.168
2019-10-06 08:00,2019-10-06 09:00,0,0.607
2019-10-06 09:00,2019-10-06 10:00,0.002,2.818
2019-10-06 10:00,2019-10-06 11:00,0.048,4.633
2019-10-06 11:00,2019-10-06 12:00,0.082,5.248
2019-10-06 12:00,2019-10-06 13:00,0.110,5.652
2019-10-06 13:00,2019-10-06 14:00,0.139,6.021
2019-10-06 14:00,2019-10-06 15:00,0.165,6.321
2019-10-06 15:00,2019-10-06 16:00,0.166,6.327
2019-10-06 16:00,2019-10-06 17:00,0.145,6.080
2019-10-06 17:00,2019-10-06 18:00,0.190,6.581
2019-10-06 18:00,2019-10-06 19:00,0.228,6.966
2019-10-06 19:00,2019-10-06 20:00,0.248,7.162
2019-10-06 20:00,2019-10-06 21:00,0.259,7.262
2019-10-06 21:00,2019-10-06 22:00,0.276,7.414
2019-10-06 22:00,2019-10-06 23:00,0.282,7.472
2019-10-06 23:00,2019-10-07 00:00,0.254,7.216
2019-10-07 00:00,2019-10-07 01:00,0.194,6.625
2019-10-07 01:00,2019-10-07 02:00,0.137,5.994
2019-10-07 02:00,2019-10-07 03:00,0.096,5.455
2019-10-07 03:00,2019-10-07 04:00,0.063,4.933
2019-10-07 04:00,2019-10-07 05:00,0.036,4.369
2019-10-07 05:00,2019-10-07 06:00,0.023,4.005
2019-10-07 06:00,2019-10-07 07:00,0.009,3.443
2019-10-07 07:00,2019-10-07 08:00,0.020,3.915
2019-10-07 08:00,2019-10-07 09:00,0.049,4.674
2019-10-07 09:00,2019-10-07 10:00,0.048,4.648
2019-10-07 10:00,2019-10-07 11:00,0.049,4.652
2019-10-07 11:00,2019-10-07 12:00,0.053,4.760
2019-10-07 12:00,2019-10-07 13:00,0.057,4.822
2019-10-07 13:00,2019-10-07 14:00,0.057,4.812
2019-10-07 14:00,2019-10-07 15:00,0.057,4.830
2019-10-07 15:00,2019-10-07 16:00,0.067,5.001
2019-10-07 16:00,2019-10-07 17:00,0.075,5.148
2019-10-07 17:00,2019-10-07 18:00,0.100,5.518
2019-10-07 18:00,2019-10-07 19:00,0.154,6.190
2019-10-07 19:00,2019-10-07 20:00,0.185,6.536
2019-10-07 20:00,2019-10-07 21:00,0.190,6.588
2019-10-07 21:00,2019-10-07 22:00,0.187,6.558
2019-10-07 22:00,2019-10-07 23:00,0.192,6.601
2019-10-07 23:00,2019-10-08 00:00,0.195,6.645
2019-10-08 00:00,2019-10-08 01:00,0.196,6.649
2019-10-08 01:00,2019-10-08 02:00,0.178,6.458
2019-10-08 02:00,2019-10-08 03:00,0.162,6.293
2019-10-08 03:00,2019-10-08 04:00,0.152,6.175
2019-10-08 04:00,2019-10-08 05:00,0.150,6.154
2019-10-08 05:00,2019-10-08 06:00,0.156,6.220
2019-10-08 06:00,2019-10-08 07:00,0.120,5.778
2019-10-08 07:00,2019-10-08 08:00,0.221,6.900
2019-10-08 08:00,2019-10-08 09:00,0.342,7.994
2019-10-08 09:00,2019-10-08 10:00,0.338,7.964
2019-10-08 10:00,2019-10-08 11:00,0.291,7.559
2019-10-08 11:00,2019-10-08 12:00,0.235,7.041
2019-10-08 12:00,2019-10-08 13:00,0.175,6.426
2019-10-08 13:00,2019-10-08 14:00,0.122,5.799
2019-10-08 14:00,2019-10-08 15:00,0.087,5.324
2019-10-08 15:00,2019-10-08 16:00,0.071,5.068
2019-10-08 16:00,2019-10-08 17:00,0.054,4.773
2019-10-08 17:00,2019-10-08 18:00,0.051,4.711
2019-10-08 18:00,2019-10-08 19:00,0.072,5.097
2019-10-08 19:00,2019-10-08 20:00,0.101,5.527
2019-10-08 20:00,2019-10-08 21:00,0.135,5.964
2019-10-08 21:00,2019-10-08 22:00,0.179,6.462
2019-10-08 22:00,2019-10-08 23:00,0.208,6.774
2019-10-08 23:00,2019-10-09 00:00,0.201,6.695
2019-10-09 00:00,2019-10-09 01:00,0.170,6.378
2019-10-09 01:00,2019-10-09 02:00,0.131,5.924
2019-10-09 02:00,2019-10-09 03:00,0.087,5.320
2019-10-09 03:00,2019-10-09 04:00,0.048,4.651
2019-10-09 04:00,2019-10-09 05:00,0.025,4.095
2019-10-09 05:00,2019-10-09 06:00,0.016,3.771
2019-10-09 06:00,2019-10-09 07:00,0.008,3.376
2019-10-09 07:00,2019-10-09 08:00,0.016,3.761
2019-10-09 08:00,2019-10-09 09:00,0.020,3.901
2019-10-09 09:00,2019-10-09 10:00,0.030,4.227
2019-10-09 10:00,2019-10-09 11:00,0.047,4.620
2019-10-09 11:00,2019-10-09 12:00,0.064,4.962
2019-10-09 12:00,2019-10-09 13:00,0.076,5.152
2019-10-09 13:00,2019-10-09 14:00,0.079,5.211
2019-10-09 14:00,2019-10-09 15:00,0.075,5.143
2019-10-09 15:00,2019-10-09 16:00,0.052,4.736
2019-10-09 16:00,2019-10-09 17:00,0.024,4.034
2019-10-09 17:00,2019-10-09 18:00,0.006,3.255
2019-10-09 18:00,2019-10-09 19:00,0.003,2.955
2019-10-09 19:00,2019-10-09 20:00,0.005,3.102
2019-10-09 20:00,2019-10-09 21:00,0.008,3.362
2019-10-09 21:00,2019-10-09 22:00,0.010,3.486
2019-10-09 22:00,2019-10-09 23:00,0.008,3.390
2019-10-09 23:00,2019-10-10 00:00,0.008,3.348
2019-10-10 00:00,2019-10-10 01:00,0.017,3.808
2019-10-10 01:00,2019-10-10 02:00,0.048,4.644
2019-10-10 02:00,2019-10-10 03:00,0.078,5.183
2019-10-10 03:00,2019-10-10 04:00,0.055,4.776
2019-10-10 04:00,2019-10-10 05:00,0.022,3.973
2019-10-10 05:00,2019-10-10 06:00,0.020,3.910
2019-10-10 06:00,2019-10-10 07:00,0.013,3.652
2019-10-10 07:00,2019-10-10 08:00,0.005,3.127
2019-10-10 08:00,2019-10-10 09:00,0.030,4.232
2019-10-10 09:00,2019-10-10 10:00,0.085,5.293
2019-10-10 10:00,2019-10-10 11:00,0.103,5.547
2019-10-10 11:00,2019-10-10 12:00,0.095,5.446
2019-10-10 12:00,2019-10-10 13:00,0.081,5.230
2019-10-10 13:00,2019-10-10 14:00,0.059,4.858
2019-10-10 14:00,2019-10-10 15:00,0.032,4.280
2019-10-10 15:00,2019-10-10 16:00,0.014,3.669
2019-10-10 16:00,2019-10-10 17:00,0.003,2.852
2019-10-10 17:00,2019-10-10 18:00,0,2.021
2019-10-10 18:00,2019-10-10 19:00,0,1.766
2019-10-10 19:00,2019-10-10 20:00,0.001,2.420
2019-10-10 20:00,2019-10-10 21:00,0.012,3.604
2019-10-10 21:00,2019-10-10 22:00,0.045,4.592
2019-10-10 22:00,2019-10-10 23:00,0.073,5.114
2019-10-10 23:00,2019-10-11 00:00,0.080,5.229
2019-10-11 00:00,2019-10-11 01:00,0.071,5.072
2019-10-11 01:00,2019-10-11 02:00,0.061,4.900
2019-10-11 02:00,2019-10-11 03:00,0.063,4.938
2019-10-11 03:00,2019-10-11 04:00,0.089,5.363
2019-10-11 04:00,2019-10-11 05:00,0.124,5.842
2019-10-11 05:00,2019-10-11 06:00,0.142,6.059
2019-10-11 06:00,2019-10-11 07:00,0.104,5.562
2019-10-11 07:00,2019-10-11 08:00,0.054,4.761
2019-10-11 08:00,2019-10-11 09:00,0.169,6.359
2019-10-11 09:00,2019-10-11 10:00,0.184,6.527
2019-10-11 10:00,2019-10-11 11:00,0.170,6.366
2019-10-11 11:00,2019-10-11 12:00,0.136,5.978
2019-10-11 12:00,2019-10-11 13:00,0.099,5.505
2019-10-11 13:00,2019-10-11 14:00,0.079,5.204
2019-10-11 14:00,2019-10-11 15:00,0.071,5.064
2019-10-11 15:00,2019-10-11 16:00,0.060,4.878
2019-10-11 16:00,2019-10-11 17:00,0.029,4.202
2019-10-11 17:00,2019-10-11 18:00,0.020,3.905
2019-10-11 18:00,2019-10-11 19:00,0.020,3.912
2019-10-11 19:00,2019-10-11 20:00,0.027,4.129
2019-10-11 20:00,2019-10-11 21:00,0.039,4.455
2019-10-11 21:00,2019-10-11 22:00,0.058,4.839
2019-10-11 22:00,2019-10-11 23:00,0.075,5.140
2019-10-11 23:00,2019-10-12 00:00,0.077,5.166
2019-10-12 00:00,2019-10-12 01:00,0.062,4.922
2019-10-12 01:00,2019-10-12 02:00,0.043,4.537
2019-10-12 02:00,2019-10-12 03:00,0.028,4.168
2019-10-12 03:00,2019-10-12 04:00,0.016,3.779
2019-10-12 04:00,2019-10-12 05:00,0.008,3.343
2019-10-12 05:00,2019-10-12 06:00,0.003,2.899
2019-10-12 06:00,2019-10-12 07:00,0.001,2.348
2019-10-12 07:00,2019-10-12 08:00,0,1.684
2019-10-12 08:00,2019-10-12 09:00,0,1.491
2019-10-12 09:00,2019-10-12 10:00,0,1.830
2019-10-12 10:00,2019-10-12 11:00,0.001,2.362
2019-10-12 11:00,2019-10-12 12:00,0.004,3.041
2019-10-12 12:00,2019-10-12 13:00,0.010,3.505
2019-10-12 13:00,2019-10-12 14:00,0.015,3.699
2019-10-12 14:00,2019-10-12 15:00,0.016,3.769
2019-10-12 15:00,2019-10-12 16:00,0.012,3.575
2019-10-12 16:00,2019-10-12 17:00,0.004,2.997
2019-10-12 17:00,2019-10-12 18:00,0.004,3.013
2019-10-12 18:00,2019-10-12 19:00,0.007,3.268
2019-10-12 19:00,2019-10-12 20:00,0.005,3.087
2019-10-12 20:00,2019-10-12 21:00,0.001,2.537
2019-10-12 21:00,2019-10-12 22:00,0,2.029
2019-10-12 22:00,2019-10-12 23:00,0,1.902
2019-10-12 23:00,2019-10-13 00:00,0,2.222
2019-10-13 00:00,2019-10-13 01:00,0.002,2.722
2019-10-13 01:00,2019-10-13 02:00,0.005,3.172
2019-10-13 02:00,2019-10-13 03:00,0.010,3.472
2019-10-13 03:00,2019-10-13 04:00,0.011,3.544
2019-10-13 04:00,2019-10-13 05:00,0.010,3.495
2019-10-13 05:00,2019-10-13 06:00,0.011,3.531
2019-10-13 06:00,2019-10-13 07:00,0.010,3.478
2019-10-13 07:00,2019-10-13 08:00,0.005,3.166
2019-10-13 08:00,2019-10-13 09:00,0.011,3.547
2019-10-13 09:00,2019-10-13 10:00,0.010,3.484
2019-10-13 10:00,2019-10-13 11:00,0.008,3.334
2019-10-13 11:00,2019-10-13 12:00,0.010,3.504
2019-10-13 12:00,2019-10-13 13:00,0.018,3.839
2019-10-13 13:00,2019-10-13 14:00,0.028,4.167
2019-10-13 14:00,2019-10-13 15:00,0.042,4.518
2019-10-13 15:00,2019-10-13 16:00,0.049,4.675
2019-10-13 16:00,2019-10-13 17:00,0.037,4.397
2019-10-13 17:00,2019-10-13 18:00,0.042,4.514
2019-10-13 18:00,2019-10-13 19:00,0.074,5.126
2019-10-13 19:00,2019-10-13 20:00,0.138,6.007
2019-10-13 20:00,2019-10-13 21:00,0.221,6.895
2019-10-13 21:00,2019-10-13 22:00,0.302,7.648
2019-10-13 22:00,2019-10-13 23:00,0.364,8.184
2019-10-13 23:00,2019-10-14 00:00,0.406,8.530
2019-10-14 00:00,2019-10-14 01:00,0.436,8.780
2019-10-14 01:00,2019-10-14 02:00,0.455,8.950
2019-10-14 02:00,2019-10-14 03:00,0.461,8.991
2019-10-14 03:00,2019-10-14 04:00,0.443,8.849
2019-10-14 04:00,2019-10-14 05:00,0.411,8.571
2019-10-14 05:00,2019-10-14 06:00,0.367,8.212
2019-10-14 06:00,2019-10-14 07:00,0.275,7.402
2019-10-14 07:00,2019-10-14 08:00,0.118,5.760
2019-10-14 08:00,2019-10-14 09:00,0.035,4.360
2019-10-14 09:00,2019-10-14 10:00,0.039,4.444
2019-10-14 10:00,2019-10-14 11:00,0.057,4.832
2019-10-14 11:00,2019-10-14 12:00,0.035,4.355
2019-10-14 12:00,2019-10-14 13:00,0.019,3.875
2019-10-14 13:00,2019-10-14 14:00,0.011,3.552
2019-10-14 14:00,2019-10-14 15:00,0.008,3.362
2019-10-14 15:00,2019-10-14 16:00,0.005,3.087
2019-10-14 16:00,2019-10-14 17:00,0.001,2.538
2019-10-14 17:00,2019-10-14 18:00,0,1.999
2019-10-14 18:00,2019-10-14 19:00,0,1.644
2019-10-14 19:00,2019-10-14 20:00,0,1.358
2019-10-14 20:00,2019-10-14 21:00,0,1.136
2019-10-14 21:00,2019-10-14 22:00,0,1.269
2019-10-14 22:00,2019-10-14 23:00,0,1.683
2019-10-14 23:00,2019-10-15 00:00,0,2.199
2019-10-15 00:00,2019-10-15 01:00,0.002,2.733
2019-10-15 01:00,2019-10-15 02:00,0.006,3.210
2019-10-15 02:00,2019-10-15 03:00,0.011,3.544
2019-10-15 03:00,2019-10-15 04:00,0.016,3.750
2019-10-15 04:00,2019-10-15 05:00,0.020,3.907
2019-10-15 05:00,2019-10-15 06:00,0.024,4.049
2019-10-15 06:00,2019-10-15 07:00,0.025,4.094
2019-10-15 07:00,2019-10-15 08:00,0.014,3.663
2019-10-15 08:00,2019-10-15 09:00,0.003,2.943
2019-10-15 09:00,2019-10-15 10:00,0.011,3.562
2019-10-15 10:00,2019-10-15 11:00,0.048,4.631
2019-10-15 11:00,2019-10-15 12:00,0.058,4.849
2019-10-15 12:00,2019-10-15 13:00,0.057,4.813
2019-10-15 13:00,2019-10-15 14:00,0.049,4.676
2019-10-15 14:00,2019-10-15 15:00,0.040,4.479
2019-10-15 15:00,2019-10-15 16:00,0.025,4.081
2019-10-15 16:00,2019-10-15 17:00,0.008,3.337
2019-10-15 17:00,2019-10-15 18:00,0.001,2.629
2019-10-15 18:00,2019-10-15 19:00,0,2.090
2019-10-15 19:00,2019-10-15 20:00,0,1.698
2019-10-15 20:00,2019-10-15 21:00,0,1.537
2019-10-15 21:00,2019-10-15 22:00,0,1.730
2019-10-15 22:00,2019-10-15 23:00,0,2.211
2019-10-15 23:00,2019-10-16 00:00,0.002,2.759
2019-10-16 00:00,2019-10-16 01:00,0.006,3.245
2019-10-16 01:00,2019-10-16 02:00,0.014,3.689
2019-10-16 02:00,2019-10-16 03:00,0.027,4.130
2019-10-16 03:00,2019-10-16 04:00,0.039,4.445
2019-10-16 04:00,2019-10-16 05:00,0.049,4.674
2019-10-16 05:00,2019-10-16 06:00,0.055,4.779
2019-10-16 06:00,2019-10-16 07:00,0.037,4.400
2019-10-16 07:00,2019-10-16 08:00,0.013,3.641
2019-10-16 08:00,2019-10-16 09:00,0.007,3.292
2019-10-16 09:00,2019-10-16 10:00,0.001,2.439
2019-10-16 10:00,2019-10-16 11:00,0,2.147
2019-10-16 11:00,2019-10-16 12:00,0.001,2.528
2019-10-16 12:00,2019-10-16 13:00,0.005,3.123
2019-10-16 13:00,2019-10-16 14:00,0.017,3.787
2019-10-16 14:00,2019-10-16 15:00,0.042,4.510
2019-10-16 15:00,2019-10-16 16:00,0.068,5.022
2019-10-16 16:00,2019-10-16 17:00,0.080,5.228
2019-10-16 17:00,2019-10-16 18:00,0.128,5.892
2019-10-16 18:00,2019-10-16 19:00,0.176,6.434
2019-10-16 19:00,2019-10-16 20:00,0.175,6.428
2019-10-16 20:00,2019-10-16 21:00,0.135,5.967
2019-10-16 21:00,2019-10-16 22:00,0.094,5.434
2019-10-16 22:00,2019-10-16 23:00,0.070,5.054
2019-10-16 23:00,2019-10-17 00:00,0.060,4.870
2019-10-17 00:00,2019-10-17 01:00,0.060,4.871
2019-10-17 01:00,2019-10-17 02:00,0.071,5.059
2019-10-17 02:00,2019-10-17 03:00,0.086,5.298
2019-10-17 03:00,2019-10-17 04:00,0.092,5.401
2019-10-17 04:00,2019-10-17 05:00,0.087,5.318
2019-10-17 05:00,2019-10-17 06:00,0.072,5.100
2019-10-17 06:00,2019-10-17 07:00,0.040,4.479
2019-10-17 07:00,2019-10-17 08:00,0.010,3.459
2019-10-17 08:00,2019-10-17 09:00,0.015,3.746
2019-10-17 09:00,2019-10-17 10:00,0.020,3.921
2019-10-17 10:00,2019-10-17 11:00,0.039,4.450
2019-10-17 11:00,2019-10-17 12:00,0.071,5.078
2019-10-17 12:00,2019-10-17 13:00,0.112,5.676
2019-10-17 13:00,2019-10-17 14:00,0.147,6.114
2019-10-17 14:00,2019-10-17 15:00,0.179,6.473
2019-10-17 15:00,2019-10-17 16:00,0.194,6.620
2019-10-17 16:00,2019-10-17 17:00,0.137,5.993
2019-10-17 17:00,2019-10-17 18:00,0.128,5.893
2019-10-17 18:00,2019-10-17 19:00,0.145,6.093
2019-10-17 19:00,2019-10-17 20:00,0.160,6.259
2019-10-17 20:00,2019-10-17 21:00,0.161,6.279
2019-10-17 21:00,2019-10-17 22:00,0.159,6.244
2019-10-17 22:00,2019-10-17 23:00,0.149,6.137
2019-10-17 23:00,2019-10-18 00:00,0.129,5.904
2019-10-18 00:00,2019-10-18 01:00,0.107,5.612
2019-10-18 01:00,2019-10-18 02:00,0.092,5.397
2019-10-18 02:00,2019-10-18 03:00,0.088,5.343
2019-10-18 03:00,2019-10-18 04:00,0.092,5.409
2019-10-18 04:00,2019-10-18 05:00,0.097,5.471
2019-10-18 05:00,2019-10-18 06:00,0.097,5.460
2019-10-18 06:00,2019-10-18 07:00,0.067,5.012
2019-10-18 07:00,2019-10-18 08:00,0.038,4.437
2019-10-18 08:00,2019-10-18 09:00,0.063,4.945
2019-10-18 09:00,2019-10-18 10:00,0.075,5.148
2019-10-18 10:00,2019-10-18 11:00,0.086,5.301
2019-10-18 11:00,2019-10-18 12:00,0.103,5.546
2019-10-18 12:00,2019-10-18 13:00,0.126,5.866
2019-10-18 13:00,2019-10-18 14:00,0.152,6.173
2019-10-18 14:00,2019-10-18 15:00,0.173,6.407
2019-10-18 15:00,2019-10-18 16:00,0.186,6.548
2019-10-18 16:00,2019-10-18 17:00,0.149,6.143
2019-10-18 17:00,2019-10-18 18:00,0.164,6.312
2019-10-18 18:00,2019-10-18 19:00,0.189,6.573
2019-10-18 19:00,2019-10-18 20:00,0.200,6.684
2019-10-18 20:00,2019-10-18 21:00,0.190,6.591
2019-10-18 21:00,2019-10-18 22:00,0.187,6.556
2019-10-18 22:00,2019-10-18 23:00,0.181,6.491
2019-10-18 23:00,2019-10-19 00:00,0.142,6.058
2019-10-19 00:00,2019-10-19 01:00,0.100,5.514
2019-10-19 01:00,2019-10-19 02:00,0.097,5.479
2019-10-19 02:00,2019-10-19 03:00,0.115,5.721
2019-10-19 03:00,2019-10-19 04:00,0.125,5.856
2019-10-19 04:00,2019-10-19 05:00,0.130,5.909
2019-10-19 05:00,2019-10-19 06:00,0.141,6.039
2019-10-19 06:00,2019-10-19 07:00,0.130,5.917
2019-10-19 07:00,2019-10-19 08:00,0.129,5.899
2019-10-19 08:00,2019-10-19 09:00,0.170,6.367
2019-10-19 09:00,2019-10-19 10:00,0.125,5.851
2019-10-19 10:00,2019-10-19 11:00,0.081,5.232
2019-10-19 11:00,2019-10-19 12:00,0.057,4.828
2019-10-19 12:00,2019-10-19 13:00,0.045,4.579
2019-10-19 13:00,2019-10-19 14:00,0.037,4.385
2019-10-19 14:00,2019-10-19 15:00,0.030,4.219
2019-10-19 15:00,2019-10-19 16:00,0.022,3.993
2019-10-19 16:00,2019-10-19 17:00,0.013,3.631
2019-10-19 17:00,2019-10-19 18:00,0.013,3.628
2019-10-19 18:00,2019-10-19 19:00,0.018,3.845
2019-10-19 19:00,2019-10-19 20:00,0.029,4.205
2019-10-19 20:00,2019-10-19 21:00,0.052,4.725
2019-10-19 21:00,2019-10-19 22:00,0.095,5.442
2019-10-19 22:00,2019-10-19 23:00,0.145,6.090
2019-10-19 23:00,2019-10-20 00:00,0.179,6.467
2019-10-20 00:00,2019-10-20 01:00,0.181,6.496
2019-10-20 01:00,2019-10-20 02:00,0.174,6.416
2019-10-20 02:00,2019-10-20 03:00,0.189,6.575
2019-10-20 03:00,2019-10-20 04:00,0.186,6.543
2019-10-20 04:00,2019-10-20 05:00,0.151,6.158
2019-10-20 05:00,2019-10-20 06:00,0.108,5.626
2019-10-20 06:00,2019-10-20 07:00,0.056,4.799
2019-10-20 07:00,2019-10-20 08:00,0.034,4.330
2019-10-20 08:00,2019-10-20 09:00,0.053,4.749
2019-10-20 09:00,2019-10-20 10:00,0.059,4.856
2019-10-20 10:00,2019-10-20 11:00,0.049,4.674
2019-10-20 11:00,2019-10-20 12:00,0.037,4.389
2019-10-20 12:00,2019-10-20 13:00,0.024,4.035
2019-10-20 13:00,2019-10-20 14:00,0.015,3.743
2019-10-20 14:00,2019-10-20 15:00,0.012,3.604
2019-10-20 15:00,2019-10-20 16:00,0.011,3.547
2019-10-20 16:00,2019-10-20 17:00,0.008,3.355
2019-10-20 17:00,2019-10-20 18:00,0.010,3.474
2019-10-20 18:00,2019-10-20 19:00,0.020,3.905
2019-10-20 19:00,2019-10-20 20:00,0.035,4.354
2019-10-20 20:00,2019-10-20 21:00,0.051,4.715
2019-10-20 21:00,2019-10-20 22:00,0.062,4.921
2019-10-20 22:00,2019-10-20 23:00,0.071,5.060
2019-10-20 23:00,2019-10-21 00:00,0.078,5.188
2019-10-21 00:00,2019-10-21 01:00,0.079,5.210
2019-10-21 01:00,2019-10-21 02:00,0.070,5.050
2019-10-21 02:00,2019-10-21 03:00,0.047,4.628
2019-10-21 03:00,2019-10-21 04:00,0.022,3.972
2019-10-21 04:00,2019-10-21 05:00,0.006,3.182
2019-10-21 05:00,2019-10-21 06:00,0.001,2.524
2019-10-21 06:00,2019-10-21 07:00,0,2.039
2019-10-21 07:00,2019-10-21 08:00,0,1.308
2019-10-21 08:00,2019-10-21 09:00,0,0.871
2019-10-21 09:00,2019-10-21 10:00,0,1.194
2019-10-21 10:00,2019-10-21 11:00,0,1.596
2019-10-21 11:00,2019-10-21 12:00,0,1.996
2019-10-21 12:00,2019-10-21 13:00,0,2.188
2019-10-21 13:00,2019-10-21 14:00,0,2.186
2019-10-21 14:00,2019-10-21 15:00,0,2.076
2019-10-21 15:00,2019-10-21 16:00,0,2.153
2019-10-21 16:00,2019-10-21 17:00,0.001,2.328
2019-10-21 17:00,2019-10-21 18:00,0.002,2.668
2019-10-21 18:00,2019-10-21 19:00,0.005,3.088
2019-10-21 19:00,2019-10-21 20:00,0.010,3.478
2019-10-21 20:00,2019-10-21 21:00,0.017,3.795
2019-10-21 21:00,2019-10-21 22:00,0.027,4.129
2019-10-21 22:00,2019-10-21 23:00,0.037,4.391
2019-10-21 23:00,2019-10-22 00:00,0.037,4.395
2019-10-22 00:00,2019-10-22 01:00,0.025,4.079
2019-10-22 01:00,2019-10-22 02:00,0.010,3.490
2019-10-22 02:00,2019-10-22 03:00,0.002,2.719
2019-10-22 03:00,2019-10-22 04:00,0,1.814
2019-10-22 04:00,2019-10-22 05:00,0,1.152
2019-10-22 05:00,2019-10-22 06:00,0,0.975
2019-10-22 06:00,2019-10-22 07:00,0,1.436
2019-10-22 07:00,2019-10-22 08:00,0,1.612
2019-10-22 08:00,2019-10-22 09:00,0,2.062
2019-10-22 09:00,2019-10-22 10:00,0.003,2.950
2019-10-22 10:00,2019-10-22 11:00,0.013,3.650
2019-10-22 11:00,2019-10-22 12:00,0.031,4.261
2019-10-22 12:00,2019-10-22 13:00,0.060,4.884
2019-10-22 13:00,2019-10-22 14:00,0.100,5.514
2019-10-22 14:00,2019-10-22 15:00,0.142,6.050
2019-10-22 15:00,2019-10-22 16:00,0.150,6.151
2019-10-22 16:00,2019-10-22 17:00,0.126,5.857
2019-10-22 17:00,2019-10-22 18:00,0.170,6.371
2019-10-22 18:00,2019-10-22 19:00,0.227,6.958
2019-10-22 19:00,2019-10-22 20:00,0.277,7.431
2019-10-22 20:00,2019-10-22 21:00,0.305,7.674
2019-10-22 21:00,2019-10-22 22:00,0.307,7.693
2019-10-22 22:00,2019-10-22 23:00,0.296,7.594
2019-10-22 23:00,2019-10-23 00:00,0.287,7.509
2019-10-23 00:00,2019-10-23 01:00,0.287,7.517
2019-10-23 01:00,2019-10-23 02:00,0.302,7.644
2019-10-23 02:00,2019-10-23 03:00,0.326,7.854
2019-10-23 03:00,2019-10-23 04:00,0.354,8.096
2019-10-23 04:00,2019-10-23 05:00,0.382,8.337
2019-10-23 05:00,2019-10-23 06:00,0.408,8.550
2019-10-23 06:00,2019-10-23 07:00,0.384,8.355
2019-10-23 07:00,2019-10-23 08:00,0.262,7.294
2019-10-23 08:00,2019-10-23 09:00,0.181,6.497
2019-10-23 09:00,2019-10-23 10:00,0.273,7.385
2019-10-23 10:00,2019-10-23 11:00,0.434,8.764
2019-10-23 11:00,2019-10-23 12:00,0.446,8.871
2019-10-23 12:00,2019-10-23 13:00,0.423,8.680
2019-10-23 13:00,2019-10-23 14:00,0.382,8.338
2019-10-23 14:00,2019-10-23 15:00,0.340,7.982
2019-10-23 15:00,2019-10-23 16:00,0.249,7.165
2019-10-23 16:00,2019-10-23 17:00,0.219,6.873
2019-10-23 17:00,2019-10-23 18:00,0.275,7.411
2019-10-23 18:00,2019-10-23 19:00,0.343,8.003
2019-10-23 19:00,2019-10-23 20:00,0.413,8.603
2019-10-23 20:00,2019-10-23 21:00,0.480,9.150
2019-10-23 21:00,2019-10-23 22:00,0.544,9.692
2019-10-23 22:00,2019-10-23 23:00,0.586,10.068
2019-10-23 23:00,2019-10-24 00:00,0.606,10.251
2019-10-24 00:00,2019-10-24 01:00,0.599,10.186
2019-10-24 01:00,2019-10-24 02:00,0.553,9.783
2019-10-24 02:00,2019-10-24 03:00,0.531,9.583
2019-10-24 03:00,2019-10-24 04:00,0.496,9.293
2019-10-24 04:00,2019-10-24 05:00,0.477,9.129
2019-10-24 05:00,2019-10-24 06:00,0.466,9.036
2019-10-24 06:00,2019-10-24 07:00,0.400,8.484
2019-10-24 07:00,2019-10-24 08:00,0.217,6.859
2019-10-24 08:00,2019-10-24 09:00,0.112,5.677
2019-10-24 09:00,2019-10-24 10:00,0.390,8.401
2019-10-24 10:00,2019-10-24 11:00,0.550,9.750
2019-10-24 11:00,2019-10-24 12:00,0.529,9.570
2019-10-24 12:00,2019-10-24 13:00,0.487,9.213
2019-10-24 13:00,2019-10-24 14:00,0.439,8.815
2019-10-24 14:00,2019-10-24 15:00,0.397,8.463
2019-10-24 15:00,2019-10-24 16:00,0.311,7.730
2019-10-24 16:00,2019-10-24 17:00,0.252,7.195
2019-10-24 17:00,2019-10-24 18:00,0.320,7.808
2019-10-24 18:00,2019-10-24 19:00,0.412,8.587
2019-10-24 19:00,2019-10-24 20:00,0.496,9.292
2019-10-24 20:00,2019-10-24 21:00,0.547,9.727
2019-10-24 21:00,2019-10-24 22:00,0.573,9.952
2019-10-24 22:00,2019-10-24 23:00,0.566,9.891
2019-10-24 23:00,2019-10-25 00:00,0.539,9.660
2019-10-25 00:00,2019-10-25 01:00,0.507,9.381
2019-10-25 01:00,2019-10-25 02:00,0.477,9.134
2019-10-25 02:00,2019-10-25 03:00,0.450,8.900
2019-10-25 03:00,2019-10-25 04:00,0.442,8.844
2019-10-25 04:00,2019-10-25 05:00,0.435,8.774
2019-10-25 05:00,2019-10-25 06:00,0.431,8.740
2019-10-25 06:00,2019-10-25 07:00,0.379,8.311
2019-10-25 07:00,2019-10-25 08:00,0.249,7.165
2019-10-25 08:00,2019-10-25 09:00,0.161,6.281
2019-10-25 09:00,2019-10-25 10:00,0.170,6.376
2019-10-25 10:00,2019-10-25 11:00,0.214,6.829
2019-10-25 11:00,2019-10-25 12:00,0.157,6.225
2019-10-25 12:00,2019-10-25 13:00,0.098,5.492
2019-10-25 13:00,2019-10-25 14:00,0.056,4.802
2019-10-25 14:00,2019-10-25 15:00,0.033,4.291
2019-10-25 15:00,2019-10-25 16:00,0.020,3.931
2019-10-25 16:00,2019-10-25 17:00,0.010,3.501
2019-10-25 17:00,2019-10-25 18:00,0.011,3.559
2019-10-25 18:00,2019-10-25 19:00,0.021,3.950
2019-10-25 19:00,2019-10-25 20:00,0.040,4.464
2019-10-25 20:00,2019-10-25 21:00,0.063,4.946
2019-10-25 21:00,2019-10-25 22:00,0.092,5.404
2019-10-25 22:00,2019-10-25 23:00,0.111,5.672
2019-10-25 23:00,2019-10-26 00:00,0.116,5.731
2019-10-26 00:00,2019-10-26 01:00,0.108,5.633
2019-10-26 01:00,2019-10-26 02:00,0.094,5.426
2019-10-26 02:00,2019-10-26 03:00,0.082,5.250
2019-10-26 03:00,2019-10-26 04:00,0.079,5.199
2019-10-26 04:00,2019-10-26 05:00,0.085,5.297
2019-10-26 05:00,2019-10-26 06:00,0.098,5.493
2019-10-26 06:00,2019-10-26 07:00,0.083,5.273
2019-10-26 07:00,2019-10-26 08:00,0.047,4.630
2019-10-26 08:00,2019-10-26 09:00,0.069,5.037
2019-10-26 09:00,2019-10-26 10:00,0.113,5.692
2019-10-26 10:00,2019-10-26 11:00,0.170,6.371
2019-10-26 11:00,2019-10-26 12:00,0.226,6.942
2019-10-26 12:00,2019-10-26 13:00,0.244,7.121
2019-10-26 13:00,2019-10-26 14:00,0.245,7.131
2019-10-26 14:00,2019-10-26 15:00,0.244,7.121
2019-10-26 15:00,2019-10-26 16:00,0.206,6.747
2019-10-26 16:00,2019-10-26 17:00,0.139,6.024
2019-10-26 17:00,2019-10-26 18:00,0.124,5.834
2019-10-26 18:00,2019-10-26 19:00,0.098,5.484
2019-10-26 19:00,2019-10-26 20:00,0.071,5.082
2019-10-26 20:00,2019-10-26 21:00,0.050,4.699
2019-10-26 21:00,2019-10-26 22:00,0.038,4.431
2019-10-26 22:00,2019-10-26 23:00,0.033,4.302
2019-10-26 23:00,2019-10-27 00:00,0.030,4.213
2019-10-27 00:00,2019-10-27 01:00,0.023,4.021
2019-10-27 01:00,2019-10-27 02:00,0.014,3.694
2019-10-27 02:00,2019-10-27 03:00,0.010,3.460
2019-10-27 03:00,2019-10-27 04:00,0.006,3.242
2019-10-27 04:00,2019-10-27 05:00,0.004,3.084
2019-10-27 05:00,2019-10-27 06:00,0.004,3.058
2019-10-27 06:00,2019-10-27 07:00,0.004,3.045
2019-10-27 07:00,2019-10-27 08:00,0.004,3.064
2019-10-27 08:00,2019-10-27 09:00,0.017,3.806
2019-10-27 09:00,2019-10-27 10:00,0.016,3.755
2019-10-27 10:00,2019-10-27 11:00,0.014,3.659
2019-10-27 11:00,2019-10-27 12:00,0.013,3.633
2019-10-27 12:00,2019-10-27 13:00,0.015,3.738
2019-10-27 13:00,2019-10-27 14:00,0.019,3.883
2019-10-27 14:00,2019-10-27 15:00,0.022,3.995
2019-10-27 15:00,2019-10-27 16:00,0.021,3.950
2019-10-27 16:00,2019-10-27 17:00,0.016,3.758
2019-10-27 17:00,2019-10-27 18:00,0.022,3.987
2019-10-27 18:00,2019-10-27 19:00,0.041,4.493
2019-10-27 19:00,2019-10-27 20:00,0.078,5.187
2019-10-27 20:00,2019-10-27 21:00,0.115,5.714
2019-10-27 21:00,2019-10-27 22:00,0.144,6.074
2019-10-27 22:00,2019-10-27 23:00,0.170,6.373
2019-10-27 23:00,2019-10-28 00:00,0.181,6.488
2019-10-28 00:00,2019-10-28 01:00,0.168,6.352
2019-10-28 01:00,2019-10-28 02:00,0.145,6.089
2019-10-28 02:00,2019-10-28 03:00,0.115,5.720
2019-10-28 03:00,2019-10-28 04:00,0.092,5.410
2019-10-28 04:00,2019-10-28 05:00,0.082,5.247
2019-10-28 05:00,2019-10-28 06:00,0.079,5.211
2019-10-28 06:00,2019-10-28 07:00,0.060,4.881
2019-10-28 07:00,2019-10-28 08:00,0.038,4.418
2019-10-28 08:00,2019-10-28 09:00,0.049,4.666
2019-10-28 09:00,2019-10-28 10:00,0.028,4.147
2019-10-28 10:00,2019-10-28 11:00,0.009,3.445
2019-10-28 11:00,2019-10-28 12:00,0.002,2.751
2019-10-28 12:00,2019-10-28 13:00,0,2.124
2019-10-28 13:00,2019-10-28 14:00,0,1.634
2019-10-28 14:00,2019-10-28 15:00,0,1.392
2019-10-28 15:00,2019-10-28 16:00,0,1.309
2019-10-28 16:00,2019-10-28 17:00,0,1.212
2019-10-28 17:00,2019-10-28 18:00,0,1.206
2019-10-28 18:00,2019-10-28 19:00,0,1.451
2019-10-28 19:00,2019-10-28 20:00,0,1.948
2019-10-28 20:00,2019-10-28 21:00,0.002,2.695
2019-10-28 21:00,2019-10-28 22:00,0.014,3.661
2019-10-28 22:00,2019-10-28 23:00,0.043,4.542
2019-10-28 23:00,2019-10-29 00:00,0.074,5.121
2019-10-29 00:00,2019-10-29 01:00,0.093,5.425
2019-10-29 01:00,2019-10-29 02:00,0.100,5.516
2019-10-29 02:00,2019-10-29 03:00,0.093,5.412
2019-10-29 03:00,2019-10-29 04:00,0.074,5.127
2019-10-29 04:00,2019-10-29 05:00,0.053,4.759
2019-10-29 05:00,2019-10-29 06:00,0.034,4.338
2019-10-29 06:00,2019-10-29 07:00,0.015,3.715
2019-10-29 07:00,2019-10-29 08:00,0.002,2.785
2019-10-29 08:00,2019-10-29 09:00,0,2.235
2019-10-29 09:00,2019-10-29 10:00,0,1.103
2019-10-29 10:00,2019-10-29 11:00,0,0.852
2019-10-29 11:00,2019-10-29 12:00,0,1.278
2019-10-29 12:00,2019-10-29 13:00,0,1.628
2019-10-29 13:00,2019-10-29 14:00,0,1.869
2019-10-29 14:00,2019-10-29 15:00,0,2.086
2019-10-29 15:00,2019-10-29 16:00,0.001,2.336
2019-10-29 16:00,2019-10-29 17:00,0,2.310
2019-10-29 17:00,2019-10-29 18:00,0,2.136
2019-10-29 18:00,2019-10-29 19:00,0,2.220
2019-10-29 19:00,2019-10-29 20:00,0.001,2.540
2019-10-29 20:00,2019-10-29 21:00,0.003,2.848
2019-10-29 21:00,2019-10-29 22:00,0.004,3.036
2019-10-29 22:00,2019-10-29 23:00,0.005,3.145
2019-10-29 23:00,2019-10-30 00:00,0.005,3.141
2019-10-30 00:00,2019-10-30 01:00,0.004,3.046
2019-10-30 01:00,2019-10-30 02:00,0.004,2.987
2019-10-30 02:00,2019-10-30 03:00,0.004,3.028
2019-10-30 03:00,2019-10-30 04:00,0.008,3.353
2019-10-30 04:00,2019-10-30 05:00,0.023,4.006
2019-10-30 05:00,2019-10-30 06:00,0.054,4.773
2019-10-30 06:00,2019-10-30 07:00,0.082,5.260
2019-10-30 07:00,2019-10-30 08:00,0.049,4.664
2019-10-30 08:00,2019-10-30 09:00,0.047,4.624
2019-10-30 09:00,2019-10-30 10:00,0.196,6.649
2019-10-30 10:00,2019-10-30 11:00,0.231,6.989
2019-10-30 11:00,2019-10-30 12:00,0.219,6.882
2019-10-30 12:00,2019-10-30 13:00,0.208,6.773
2019-10-30 13:00,2019-10-30 14:00,0.208,6.772
2019-10-30 14:00,2019-10-30 15:00,0.215,6.840
2019-10-30 15:00,2019-10-30 16:00,0.181,6.488
2019-10-30 16:00,2019-10-30 17:00,0.125,5.852
2019-10-30 17:00,2019-10-30 18:00,0.136,5.977
2019-10-30 18:00,2019-10-30 19:00,0.150,6.154
2019-10-30 19:00,2019-10-30 20:00,0.170,6.378
2019-10-30 20:00,2019-10-30 21:00,0.189,6.574
2019-10-30 21:00,2019-10-30 22:00,0.219,6.882
2019-10-30 22:00,2019-10-30 23:00,0.254,7.223
2019-10-30 23:00,2019-10-31 00:00,0.282,7.474
2019-10-31 00:00,2019-10-31 01:00,0.288,7.527
2019-10-31 01:00,2019-10-31 02:00,0.287,7.516
2019-10-31 02:00,2019-10-31 03:00,0.291,7.558
2019-10-31 03:00,2019-10-31 04:00,0.289,7.535
2019-10-31 04:00,2019-10-31 05:00,0.287,7.510
2019-10-31 05:00,2019-10-31 06:00,0.288,7.524
2019-10-31 06:00,2019-10-31 07:00,0.259,7.264
2019-10-31 07:00,2019-10-31 08:00,0.132,5.934
2019-10-31 08:00,2019-10-31 09:00,0.054,4.771
2019-10-31 09:00,2019-10-31 10:00,0.266,7.325
2019-10-31 10:00,2019-10-31 11:00,0.382,8.331
2019-10-31 11:00,2019-10-31 12:00,0.318,7.782
2019-10-31 12:00,2019-10-31 13:00,0.275,7.400
2019-10-31 13:00,2019-10-31 14:00,0.262,7.285
2019-10-31 14:00,2019-10-31 15:00,0.268,7.345
2019-10-31 15:00,2019-10-31 16:00,0.237,7.061
2019-10-31 16:00,2019-10-31 17:00,0.219,6.881
2019-10-31 17:00,2019-10-31 18:00,0.282,7.479
2019-10-31 18:00,2019-10-31 19:00,0.349,8.053
2019-10-31 19:00,2019-10-31 20:00,0.408,8.553
2019-10-31 20:00,2019-10-31 21:00,0.455,8.948
2019-10-31 21:00,2019-10-31 22:00,0.487,9.212
2019-10-31 22:00,2019-10-31 23:00,0.471,9.084
2019-10-31 23:00,2019-11-01 00:00,0.420,8.657
2019-11-01 00:00,2019-11-01 01:00,0.378,8.305
2019-11-01 01:00,2019-11-01 02:00,0.352,8.089
2019-11-01 02:00,2019-11-01 03:00,0.339,7.979
2019-11-01 03:00,2019-11-01 04:00,0.349,8.057
2019-11-01 04:00,2019-11-01 05:00,0.374,8.260
2019-11-01 05:00,2019-11-01 06:00,0.393,8.428
2019-11-01 06:00,2019-11-01 07:00,0.362,8.165
2019-11-01 07:00,2019-11-01 08:00,0.213,6.824
2019-11-01 08:00,2019-11-01 09:00,0.104,5.558
2019-11-01 09:00,2019-11-01 10:00,0.297,7.602
2019-11-01 10:00,2019-11-01 11:00,0.466,9.039
2019-11-01 11:00,2019-11-01 12:00,0.374,8.268
2019-11-01 12:00,2019-11-01 13:00,0.305,7.667
2019-11-01 13:00,2019-11-01 14:00,0.271,7.375
2019-11-01 14:00,2019-11-01 15:00,0.265,7.316
2019-11-01 15:00,2019-11-01 16:00,0.233,7.020
2019-11-01 16:00,2019-11-01 17:00,0.236,7.045
2019-11-01 17:00,2019-11-01 18:00,0.336,7.953
2019-11-01 18:00,2019-11-01 19:00,0.439,8.812
2019-11-01 19:00,2019-11-01 20:00,0.511,9.413
2019-11-01 20:00,2019-11-01 21:00,0.525,9.534
2019-11-01 21:00,2019-11-01 22:00,0.511,9.415
2019-11-01 22:00,2019-11-01 23:00,0.485,9.194
2019-11-01 23:00,2019-11-02 00:00,0.457,8.963
2019-11-02 00:00,2019-11-02 01:00,0.423,8.677
2019-11-02 01:00,2019-11-02 02:00,0.384,8.358
2019-11-02 02:00,2019-11-02 03:00,0.361,8.154
2019-11-02 03:00,2019-11-02 04:00,0.344,8.013
2019-11-02 04:00,2019-11-02 05:00,0.342,8.002
2019-11-02 05:00,2019-11-02 06:00,0.358,8.138
2019-11-02 06:00,2019-11-02 07:00,0.333,7.918
2019-11-02 07:00,2019-11-02 08:00,0.171,6.383
2019-11-02 08:00,2019-11-02 09:00,0.059,4.865
2019-11-02 09:00,2019-11-02 10:00,0.145,6.091
2019-11-02 10:00,2019-11-02 11:00,0.384,8.358
2019-11-02 11:00,2019-11-02 12:00,0.289,7.527
2019-11-02 12:00,2019-11-02 13:00,0.205,6.731
2019-11-02 13:00,2019-11-02 14:00,0.145,6.092
2019-11-02 14:00,2019-11-02 15:00,0.111,5.667
2019-11-02 15:00,2019-11-02 16:00,0.080,5.221
2019-11-02 16:00,2019-11-02 17:00,0.060,4.890
2019-11-02 17:00,2019-11-02 18:00,0.085,5.283
2019-11-02 18:00,2019-11-02 19:00,0.128,5.891
2019-11-02 19:00,2019-11-02 20:00,0.186,6.548
2019-11-02 20:00,2019-11-02 21:00,0.240,7.078
2019-11-02 21:00,2019-11-02 22:00,0.279,7.444
2019-11-02 22:00,2019-11-02 23:00,0.305,7.679
2019-11-02 23:00,2019-11-03 00:00,0.315,7.764
2019-11-03 00:00,2019-11-03 01:00,0.315,7.757
2019-11-03 01:00,2019-11-03 02:00,0.312,7.736
2019-11-03 02:00,2019-11-03 03:00,0.310,7.728
2019-11-03 03:00,2019-11-03 04:00,0.310,7.722
2019-11-03 04:00,2019-11-03 05:00,0.321,7.819
2019-11-03 05:00,2019-11-03 06:00,0.336,7.948
2019-11-03 06:00,2019-11-03 07:00,0.323,7.830
2019-11-03 07:00,2019-11-03 08:00,0.176,6.436
2019-11-03 08:00,2019-11-03 09:00,0.063,4.929
2019-11-03 09:00,2019-11-03 10:00,0.146,6.109
2019-11-03 10:00,2019-11-03 11:00,0.331,7.905
2019-11-03 11:00,2019-11-03 12:00,0.224,6.924
2019-11-03 12:00,2019-11-03 13:00,0.149,6.145
2019-11-03 13:00,2019-11-03 14:00,0.121,5.795
2019-11-03 14:00,2019-11-03 15:00,0.115,5.723
2019-11-03 15:00,2019-11-03 16:00,0.094,5.434
2019-11-03 16:00,2019-11-03 17:00,0.074,5.131
2019-11-03 17:00,2019-11-03 18:00,0.097,5.468
2019-11-03 18:00,2019-11-03 19:00,0.136,5.980
2019-11-03 19:00,2019-11-03 20:00,0.194,6.622
2019-11-03 20:00,2019-11-03 21:00,0.252,7.201
2019-11-03 21:00,2019-11-03 22:00,0.297,7.611
2019-11-03 22:00,2019-11-03 23:00,0.328,7.882
2019-11-03 23:00,2019-11-04 00:00,0.358,8.134
2019-11-04 00:00,2019-11-04 01:00,0.385,8.367
2019-11-04 01:00,2019-11-04 02:00,0.408,8.553
2019-11-04 02:00,2019-11-04 03:00,0.428,8.723
2019-11-04 03:00,2019-11-04 04:00,0.453,8.929
2019-11-04 04:00,2019-11-04 05:00,0.473,9.101
2019-11-04 05:00,2019-11-04 06:00,0.480,9.151
2019-11-04 06:00,2019-11-04 07:00,0.425,8.689
2019-11-04 07:00,2019-11-04 08:00,0.236,7.048
2019-11-04 08:00,2019-11-04 09:00,0.112,5.683
2019-11-04 09:00,2019-11-04 10:00,0.323,7.831
2019-11-04 10:00,2019-11-04 11:00,0.563,9.869
2019-11-04 11:00,2019-11-04 12:00,0.472,9.089
2019-11-04 12:00,2019-11-04 13:00,0.378,8.306
2019-11-04 13:00,2019-11-04 14:00,0.312,7.735
2019-11-04 14:00,2019-11-04 15:00,0.275,7.405
2019-11-04 15:00,2019-11-04 16:00,0.221,6.901
2019-11-04 16:00,2019-11-04 17:00,0.196,6.656
2019-11-04 17:00,2019-11-04 18:00,0.261,7.276
2019-11-04 18:00,2019-11-04 19:00,0.318,7.787
2019-11-04 19:00,2019-11-04 20:00,0.368,8.222
2019-11-04 20:00,2019-11-04 21:00,0.397,8.463
2019-11-04 21:00,2019-11-04 22:00,0.412,8.592
2019-11-04 22:00,2019-11-04 23:00,0.420,8.648
2019-11-04 23:00,2019-11-05 00:00,0.420,8.652
2019-11-05 00:00,2019-11-05 01:00,0.417,8.633
2019-11-05 01:00,2019-11-05 02:00,0.416,8.622
2019-11-05 02:00,2019-11-05 03:00,0.414,8.607
2019-11-05 03:00,2019-11-05 04:00,0.416,8.620
2019-11-05 04:00,2019-11-05 05:00,0.416,8.626
2019-11-05 05:00,2019-11-05 06:00,0.412,8.582
2019-11-05 06:00,2019-11-05 07:00,0.364,8.184
2019-11-05 07:00,2019-11-05 08:00,0.193,6.615
2019-11-05 08:00,2019-11-05 09:00,0.080,5.227
2019-11-05 09:00,2019-11-05 10:00,0.192,6.601
2019-11-05 10:00,2019-11-05 11:00,0.464,9.017
2019-11-05 11:00,2019-11-05 12:00,0.378,8.301
2019-11-05 12:00,2019-11-05 13:00,0.302,7.648
2019-11-05 13:00,2019-11-05 14:00,0.255,7.224
2019-11-05 14:00,2019-11-05 15:00,0.229,6.978
2019-11-05 15:00,2019-11-05 16:00,0.172,6.396
2019-11-05 16:00,2019-11-05 17:00,0.125,5.848
2019-11-05 17:00,2019-11-05 18:00,0.148,6.134
2019-11-05 18:00,2019-11-05 19:00,0.190,6.589
2019-11-05 19:00,2019-11-05 20:00,0.240,7.088
2019-11-05 20:00,2019-11-05 21:00,0.271,7.379
2019-11-05 21:00,2019-11-05 22:00,0.280,7.460
2019-11-05 22:00,2019-11-05 23:00,0.278,7.435
2019-11-05 23:00,2019-11-06 00:00,0.275,7.411
2019-11-06 00:00,2019-11-06 01:00,0.278,7.437
2019-11-06 01:00,2019-11-06 02:00,0.286,7.505
2019-11-06 02:00,2019-11-06 03:00,0.305,7.667
2019-11-06 03:00,2019-11-06 04:00,0.342,7.991
2019-11-06 04:00,2019-11-06 05:00,0.378,8.299
2019-11-06 05:00,2019-11-06 06:00,0.378,8.299
2019-11-06 06:00,2019-11-06 07:00,0.322,7.824
2019-11-06 07:00,2019-11-06 08:00,0.153,6.184
2019-11-06 08:00,2019-11-06 09:00,0.047,4.616
2019-11-06 09:00,2019-11-06 10:00,0.143,6.071
2019-11-06 10:00,2019-11-06 11:00,0.367,8.214
2019-11-06 11:00,2019-11-06 12:00,0.277,7.423
2019-11-06 12:00,2019-11-06 13:00,0.183,6.520
2019-11-06 13:00,2019-11-06 14:00,0.117,5.746
2019-11-06 14:00,2019-11-06 15:00,0.079,5.201
2019-11-06 15:00,2019-11-06 16:00,0.049,4.678
2019-11-06 16:00,2019-11-06 17:00,0.029,4.195
2019-11-06 17:00,2019-11-06 18:00,0.030,4.216
2019-11-06 18:00,2019-11-06 19:00,0.043,4.548
2019-11-06 19:00,2019-11-06 20:00,0.074,5.118
2019-11-06 20:00,2019-11-06 21:00,0.115,5.713
2019-11-06 21:00,2019-11-06 22:00,0.153,6.181
2019-11-06 22:00,2019-11-06 23:00,0.177,6.454
2019-11-06 23:00,2019-11-07 00:00,0.187,6.554
2019-11-07 00:00,2019-11-07 01:00,0.185,6.540
2019-11-07 01:00,2019-11-07 02:00,0.185,6.538
2019-11-07 02:00,2019-11-07 03:00,0.188,6.570
2019-11-07 03:00,2019-11-07 04:00,0.187,6.564
2019-11-07 04:00,2019-11-07 05:00,0.182,6.505
2019-11-07 05:00,2019-11-07 06:00,0.181,6.500
2019-11-07 06:00,2019-11-07 07:00,0.170,6.375
2019-11-07 07:00,2019-11-07 08:00,0.086,5.301
2019-11-07 08:00,2019-11-07 09:00,0.016,3.753
2019-11-07 09:00,2019-11-07 10:00,0.033,4.302
2019-11-07 10:00,2019-11-07 11:00,0.115,5.727
2019-11-07 11:00,2019-11-07 12:00,0.098,5.484
2019-11-07 12:00,2019-11-07 13:00,0.109,5.647
2019-11-07 13:00,2019-11-07 14:00,0.134,5.956
2019-11-07 14:00,2019-11-07 15:00,0.156,6.220
2019-11-07 15:00,2019-11-07 16:00,0.145,6.090
2019-11-07 16:00,2019-11-07 17:00,0.125,5.844
2019-11-07 17:00,2019-11-07 18:00,0.167,6.344
2019-11-07 18:00,2019-11-07 19:00,0.221,6.901
2019-11-07 19:00,2019-11-07 20:00,0.267,7.328
2019-11-07 20:00,2019-11-07 21:00,0.289,7.539
2019-11-07 21:00,2019-11-07 22:00,0.295,7.579
2019-11-07 22:00,2019-11-07 23:00,0.292,7.563
2019-11-07 23:00,2019-11-08 00:00,0.291,7.559
2019-11-08 00:00,2019-11-08 01:00,0.289,7.540
2019-11-08 01:00,2019-11-08 02:00,0.287,7.517
2019-11-08 02:00,2019-11-08 03:00,0.289,7.528
2019-11-08 03:00,2019-11-08 04:00,0.302,7.646
2019-11-08 04:00,2019-11-08 05:00,0.318,7.783
2019-11-08 05:00,2019-11-08 06:00,0.323,7.839
2019-11-08 06:00,2019-11-08 07:00,0.304,7.661
2019-11-08 07:00,2019-11-08 08:00,0.155,6.205
2019-11-08 08:00,2019-11-08 09:00,0.048,4.637
2019-11-08 09:00,2019-11-08 10:00,0.125,5.855
2019-11-08 10:00,2019-11-08 11:00,0.279,7.444
2019-11-08 11:00,2019-11-08 12:00,0.203,6.724
2019-11-08 12:00,2019-11-08 13:00,0.160,6.271
2019-11-08 13:00,2019-11-08 14:00,0.142,6.049
2019-11-08 14:00,2019-11-08 15:00,0.126,5.860
2019-11-08 15:00,2019-11-08 16:00,0.093,5.420
2019-11-08 16:00,2019-11-08 17:00,0.060,4.868
2019-11-08 17:00,2019-11-08 18:00,0.067,5.001
2019-11-08 18:00,2019-11-08 19:00,0.097,5.479
2019-11-08 19:00,2019-11-08 20:00,0.149,6.134
2019-11-08 20:00,2019-11-08 21:00,0.200,6.687
2019-11-08 21:00,2019-11-08 22:00,0.231,7.000
2019-11-08 22:00,2019-11-08 23:00,0.242,7.097
2019-11-08 23:00,2019-11-09 00:00,0.240,7.082
2019-11-09 00:00,2019-11-09 01:00,0.240,7.087
2019-11-09 01:00,2019-11-09 02:00,0.256,7.234
2019-11-09 02:00,2019-11-09 03:00,0.287,7.508
2019-11-09 03:00,2019-11-09 04:00,0.323,7.832
2019-11-09 04:00,2019-11-09 05:00,0.357,8.128
2019-11-09 05:00,2019-11-09 06:00,0.378,8.303
2019-11-09 06:00,2019-11-09 07:00,0.364,8.190
2019-11-09 07:00,2019-11-09 08:00,0.250,7.183
2019-11-09 08:00,2019-11-09 09:00,0.152,6.175
2019-11-09 09:00,2019-11-09 10:00,0.241,7.096
2019-11-09 10:00,2019-11-09 11:00,0.307,7.700
2019-11-09 11:00,2019-11-09 12:00,0.236,7.052
2019-11-09 12:00,2019-11-09 13:00,0.183,6.519
2019-11-09 13:00,2019-11-09 14:00,0.148,6.129
2019-11-09 14:00,2019-11-09 15:00,0.115,5.711
2019-11-09 15:00,2019-11-09 16:00,0.088,5.348
2019-11-09 16:00,2019-11-09 17:00,0.063,4.929
2019-11-09 17:00,2019-11-09 18:00,0.073,5.104
2019-11-09 18:00,2019-11-09 19:00,0.091,5.382
2019-11-09 19:00,2019-11-09 20:00,0.123,5.823
2019-11-09 20:00,2019-11-09 21:00,0.168,6.354
2019-11-09 21:00,2019-11-09 22:00,0.216,6.847
2019-11-09 22:00,2019-11-09 23:00,0.252,7.199
2019-11-09 23:00,2019-11-10 00:00,0.276,7.416
2019-11-10 00:00,2019-11-10 01:00,0.279,7.450
2019-11-10 01:00,2019-11-10 02:00,0.271,7.373
2019-11-10 02:00,2019-11-10 03:00,0.269,7.354
2019-11-10 03:00,2019-11-10 04:00,0.275,7.403
2019-11-10 04:00,2019-11-10 05:00,0.280,7.456
2019-11-10 05:00,2019-11-10 06:00,0.284,7.485
2019-11-10 06:00,2019-11-10 07:00,0.262,7.296
2019-11-10 07:00,2019-11-10 08:00,0.155,6.204
2019-11-10 08:00,2019-11-10 09:00,0.084,5.278
2019-11-10 09:00,2019-11-10 10:00,0.087,5.322
2019-11-10 10:00,2019-11-10 11:00,0.101,5.527
2019-11-10 11:00,2019-11-10 12:00,0.065,4.978
2019-11-10 12:00,2019-11-10 13:00,0.039,4.449
2019-11-10 13:00,2019-11-10 14:00,0.021,3.952
2019-11-10 14:00,2019-11-10 15:00,0.011,3.544
2019-11-10 15:00,2019-11-10 16:00,0.004,3.057
2019-11-10 16:00,2019-11-10 17:00,0.001,2.357
2019-11-10 17:00,2019-11-10 18:00,0,1.852
2019-11-10 18:00,2019-11-10 19:00,0,1.844
2019-11-10 19:00,2019-11-10 20:00,0,2.316
2019-11-10 20:00,2019-11-10 21:00,0.003,2.916
2019-11-10 21:00,2019-11-10 22:00,0.010,3.458
2019-11-10 22:00,2019-11-10 23:00,0.018,3.830
2019-11-10 23:00,2019-11-11 00:00,0.025,4.079
2019-11-11 00:00,2019-11-11 01:00,0.028,4.169
2019-11-11 01:00,2019-11-11 02:00,0.028,4.167
2019-11-11 02:00,2019-11-11 03:00,0.033,4.290
2019-11-11 03:00,2019-11-11 04:00,0.048,4.646
2019-11-11 04:00,2019-11-11 05:00,0.074,5.118
2019-11-11 05:00,2019-11-11 06:00,0.109,5.636
2019-11-11 06:00,2019-11-11 07:00,0.127,5.876
2019-11-11 07:00,2019-11-11 08:00,0.063,4.944
2019-11-11 08:00,2019-11-11 09:00,0.024,4.056
2019-11-11 09:00,2019-11-11 10:00,0.018,3.842
2019-11-11 10:00,2019-11-11 11:00,0.005,3.136
2019-11-11 11:00,2019-11-11 12:00,0,1.924
2019-11-11 12:00,2019-11-11 13:00,0,0.740
2019-11-11 13:00,2019-11-11 14:00,0,1.008
2019-11-11 14:00,2019-11-11 15:00,0,1.758
2019-11-11 15:00,2019-11-11 16:00,0.001,2.496
2019-11-11 16:00,2019-11-11 17:00,0.018,3.841
2019-11-11 17:00,2019-11-11 18:00,0.091,5.393
2019-11-11 18:00,2019-11-11 19:00,0.131,5.920
2019-11-11 19:00,2019-11-11 20:00,0.107,5.612
2019-11-11 20:00,2019-11-11 21:00,0.072,5.094
2019-11-11 21:00,2019-11-11 22:00,0.042,4.523
2019-11-11 22:00,2019-11-11 23:00,0.024,4.046
2019-11-11 23:00,2019-11-12 00:00,0.017,3.790
2019-11-12 00:00,2019-11-12 01:00,0.015,3.735
2019-11-12 01:00,2019-11-12 02:00,0.021,3.943
2019-11-12 02:00,2019-11-12 03:00,0.039,4.457
2019-11-12 03:00,2019-11-12 04:00,0.053,4.753
2019-11-12 04:00,2019-11-12 05:00,0.045,4.580
2019-11-12 05:00,2019-11-12 06:00,0.020,3.930
2019-11-12 06:00,2019-11-12 07:00,0.002,2.833
2019-11-12 07:00,2019-11-12 08:00,0,1.773
2019-11-12 08:00,2019-11-12 09:00,0,2.087
2019-11-12 09:00,2019-11-12 10:00,0,1.436
2019-11-12 10:00,2019-11-12 11:00,0,1.338
2019-11-12 11:00,2019-11-12 12:00,0,1.749
2019-11-12 12:00,2019-11-12 13:00,0,2.276
2019-11-12 13:00,2019-11-12 14:00,0.002,2.706
2019-11-12 14:00,2019-11-12 15:00,0.004,2.975
2019-11-12 15:00,2019-11-12 16:00,0.005,3.117
2019-11-12 16:00,2019-11-12 17:00,0.007,3.268
2019-11-12 17:00,2019-11-12 18:00,0.016,3.769
2019-11-12 18:00,2019-11-12 19:00,0.033,4.293
2019-11-12 19:00,2019-11-12 20:00,0.063,4.942
2019-11-12 20:00,2019-11-12 21:00,0.115,5.723
2019-11-12 21:00,2019-11-12 22:00,0.170,6.371
2019-11-12 22:00,2019-11-12 23:00,0.194,6.618
2019-11-12 23:00,2019-11-13 00:00,0.194,6.633
2019-11-13 00:00,2019-11-13 01:00,0.199,6.675
2019-11-13 01:00,2019-11-13 02:00,0.203,6.715
2019-11-13 02:00,2019-11-13 03:00,0.190,6.589
2019-11-13 03:00,2019-11-13 04:00,0.181,6.484
2019-11-13 04:00,2019-11-13 05:00,0.167,6.344
2019-11-13 05:00,2019-11-13 06:00,0.160,6.264
2019-11-13 06:00,2019-11-13 07:00,0.138,6.004
2019-11-13 07:00,2019-11-13 08:00,0.075,5.144
2019-11-13 08:00,2019-11-13 09:00,0.142,6.046
2019-11-13 09:00,2019-11-13 10:00,0.207,6.757
2019-11-13 10:00,2019-11-13 11:00,0.161,6.281
2019-11-13 11:00,2019-11-13 12:00,0.111,5.674
2019-11-13 12:00,2019-11-13 13:00,0.075,5.138
2019-11-13 13:00,2019-11-13 14:00,0.053,4.746
2019-11-13 14:00,2019-11-13 15:00,0.043,4.531
2019-11-13 15:00,2019-11-13 16:00,0.036,4.368
2019-11-13 16:00,2019-11-13 17:00,0.047,4.630
2019-11-13 17:00,2019-11-13 18:00,0.092,5.409
2019-11-13 18:00,2019-11-13 19:00,0.138,6.008
2019-11-13 19:00,2019-11-13 20:00,0.167,6.335
2019-11-13 20:00,2019-11-13 21:00,0.176,6.434
2019-11-13 21:00,2019-11-13 22:00,0.171,6.384
2019-11-13 22:00,2019-11-13 23:00,0.181,6.494
2019-11-13 23:00,2019-11-14 00:00,0.208,6.777
2019-11-14 00:00,2019-11-14 01:00,0.234,7.026
2019-11-14 01:00,2019-11-14 02:00,0.254,7.217
2019-11-14 02:00,2019-11-14 03:00,0.262,7.287
2019-11-14 03:00,2019-11-14 04:00,0.262,7.297
2019-11-14 04:00,2019-11-14 05:00,0.279,7.442
2019-11-14 05:00,2019-11-14 06:00,0.297,7.609
2019-11-14 06:00,2019-11-14 07:00,0.299,7.624
2019-11-14 07:00,2019-11-14 08:00,0.248,7.163
2019-11-14 08:00,2019-11-14 09:00,0.388,8.387
2019-11-14 09:00,2019-11-14 10:00,0.517,9.462
2019-11-14 10:00,2019-11-14 11:00,0.363,8.172
2019-11-14 11:00,2019-11-14 12:00,0.203,6.723
2019-11-14 12:00,2019-11-14 13:00,0.128,5.887
2019-11-14 13:00,2019-11-14 14:00,0.095,5.440
2019-11-14 14:00,2019-11-14 15:00,0.081,5.243
2019-11-14 15:00,2019-11-14 16:00,0.082,5.256
2019-11-14 16:00,2019-11-14 17:00,0.092,5.396
2019-11-14 17:00,2019-11-14 18:00,0.135,5.966
2019-11-14 18:00,2019-11-14 19:00,0.159,6.243
2019-11-14 19:00,2019-11-14 20:00,0.152,6.176
2019-11-14 20:00,2019-11-14 21:00,0.129,5.899
2019-11-14 21:00,2019-11-14 22:00,0.121,5.795
2019-11-14 22:00,2019-11-14 23:00,0.168,6.347
2019-11-14 23:00,2019-11-15 00:00,0.255,7.228
2019-11-15 00:00,2019-11-15 01:00,0.334,7.935
2019-11-15 01:00,2019-11-15 02:00,0.376,8.285
2019-11-15 02:00,2019-11-15 03:00,0.387,8.384
2019-11-15 03:00,2019-11-15 04:00,0.390,8.403
2019-11-15 04:00,2019-11-15 05:00,0.387,8.385
2019-11-15 05:00,2019-11-15 06:00,0.386,8.374
2019-11-15 06:00,2019-11-15 07:00,0.347,8.037
2019-11-15 07:00,2019-11-15 08:00,0.224,6.922
2019-11-15 08:00,2019-11-15 09:00,0.245,7.132
2019-11-15 09:00,2019-11-15 10:00,0.349,8.052
2019-11-15 10:00,2019-11-15 11:00,0.217,6.864
2019-11-15 11:00,2019-11-15 12:00,0.116,5.739
2019-11-15 12:00,2019-11-15 13:00,0.068,5.024
2019-11-15 13:00,2019-11-15 14:00,0.041,4.501
2019-11-15 14:00,2019-11-15 15:00,0.025,4.096
2019-11-15 15:00,2019-11-15 16:00,0.017,3.822
2019-11-15 16:00,2019-11-15 17:00,0.013,3.651
2019-11-15 17:00,2019-11-15 18:00,0.016,3.767
2019-11-15 18:00,2019-11-15 19:00,0.023,4.014
2019-11-15 19:00,2019-11-15 20:00,0.040,4.478
2019-11-15 20:00,2019-11-15 21:00,0.074,5.122
2019-11-15 21:00,2019-11-15 22:00,0.121,5.793
2019-11-15 22:00,2019-11-15 23:00,0.178,6.459
2019-11-15 23:00,2019-11-16 00:00,0.237,7.055
2019-11-16 00:00,2019-11-16 01:00,0.276,7.417
2019-11-16 01:00,2019-11-16 02:00,0.295,7.583
2019-11-16 02:00,2019-11-16 03:00,0.305,7.674
2019-11-16 03:00,2019-11-16 04:00,0.307,7.700
2019-11-16 04:00,2019-11-16 05:00,0.303,7.655
2019-11-16 05:00,2019-11-16 06:00,0.294,7.574
2019-11-16 06:00,2019-11-16 07:00,0.267,7.336
2019-11-16 07:00,2019-11-16 08:00,0.139,6.023
2019-11-16 08:00,2019-11-16 09:00,0.045,4.590
2019-11-16 09:00,2019-11-16 10:00,0.091,5.383
2019-11-16 10:00,2019-11-16 11:00,0.105,5.578
2019-11-16 11:00,2019-11-16 12:00,0.057,4.828
2019-11-16 12:00,2019-11-16 13:00,0.034,4.331
2019-11-16 13:00,2019-11-16 14:00,0.023,4.002
2019-11-16 14:00,2019-11-16 15:00,0.015,3.724
2019-11-16 15:00,2019-11-16 16:00,0.009,3.442
2019-11-16 16:00,2019-11-16 17:00,0.007,3.323
2019-11-16 17:00,2019-11-16 18:00,0.014,3.678
2019-11-16 18:00,2019-11-16 19:00,0.035,4.358
2019-11-16 19:00,2019-11-16 20:00,0.074,5.127
2019-11-16 20:00,2019-11-16 21:00,0.115,5.725
2019-11-16 21:00,2019-11-16 22:00,0.137,5.993
2019-11-16 22:00,2019-11-16 23:00,0.141,6.039
2019-11-16 23:00,2019-11-17 00:00,0.144,6.074
2019-11-17 00:00,2019-11-17 01:00,0.156,6.214
2019-11-17 01:00,2019-11-17 02:00,0.173,6.412
2019-11-17 02:00,2019-11-17 03:00,0.187,6.557
2019-11-17 03:00,2019-11-17 04:00,0.191,6.595
2019-11-17 04:00,2019-11-17 05:00,0.186,6.543
2019-11-17 05:00,2019-11-17 06:00,0.179,6.469
2019-11-17 06:00,2019-11-17 07:00,0.160,6.270
2019-11-17 07:00,2019-11-17 08:00,0.081,5.232
2019-11-17 08:00,2019-11-17 09:00,0.015,3.743
2019-11-17 09:00,2019-11-17 10:00,0.010,3.451
2019-11-17 10:00,2019-11-17 11:00,0.006,3.220
2019-11-17 11:00,2019-11-17 12:00,0.007,3.293
2019-11-17 12:00,2019-11-17 13:00,0.010,3.484
2019-11-17 13:00,2019-11-17 14:00,0.011,3.536
2019-11-17 14:00,2019-11-17 15:00,0.012,3.597
2019-11-17 15:00,2019-11-17 16:00,0.015,3.701
2019-11-17 16:00,2019-11-17 17:00,0.022,3.974
2019-11-17 17:00,2019-11-17 18:00,0.043,4.544
2019-11-17 18:00,2019-11-17 19:00,0.075,5.143
2019-11-17 19:00,2019-11-17 20:00,0.115,5.723
2019-11-17 20:00,2019-11-17 21:00,0.158,6.232
2019-11-17 21:00,2019-11-17 22:00,0.192,6.603
2019-11-17 22:00,2019-11-17 23:00,0.211,6.805
2019-11-17 23:00,2019-11-18 00:00,0.216,6.847
2019-11-18 00:00,2019-11-18 01:00,0.206,6.748
2019-11-18 01:00,2019-11-18 02:00,0.192,6.611
2019-11-18 02:00,2019-11-18 03:00,0.181,6.497
2019-11-18 03:00,2019-11-18 04:00,0.173,6.410
2019-11-18 04:00,2019-11-18 05:00,0.168,6.356
2019-11-18 05:00,2019-11-18 06:00,0.170,6.381
2019-11-18 06:00,2019-11-18 07:00,0.172,6.402
2019-11-18 07:00,2019-11-18 08:00,0.090,5.372
2019-11-18 08:00,2019-11-18 09:00,0.022,3.983
2019-11-18 09:00,2019-11-18 10:00,0.060,4.887
2019-11-18 10:00,2019-11-18 11:00,0.075,5.146
2019-11-18 11:00,2019-11-18 12:00,0.028,4.165
2019-11-18 12:00,2019-11-18 13:00,0.007,3.301
2019-11-18 13:00,2019-11-18 14:00,0.001,2.549
2019-11-18 14:00,2019-11-18 15:00,0,1.931
2019-11-18 15:00,2019-11-18 16:00,0,1.409
2019-11-18 16:00,2019-11-18 17:00,0,1.041
2019-11-18 17:00,2019-11-18 18:00,0,1.245
2019-11-18 18:00,2019-11-18 19:00,0,1.748
2019-11-18 19:00,2019-11-18 20:00,0.001,2.364
2019-11-18 20:00,2019-11-18 21:00,0.005,3.097
2019-11-18 21:00,2019-11-18 22:00,0.019,3.864
2019-11-18 22:00,2019-11-18 23:00,0.040,4.466
2019-11-18 23:00,2019-11-19 00:00,0.057,4.835
2019-11-19 00:00,2019-11-19 01:00,0.068,5.023
2019-11-19 01:00,2019-11-19 02:00,0.073,5.104
2019-11-19 02:00,2019-11-19 03:00,0.076,5.164
2019-11-19 03:00,2019-11-19 04:00,0.088,5.346
2019-11-19 04:00,2019-11-19 05:00,0.112,5.679
2019-11-19 05:00,2019-11-19 06:00,0.146,6.097
2019-11-19 06:00,2019-11-19 07:00,0.175,6.430
2019-11-19 07:00,2019-11-19 08:00,0.126,5.867
2019-11-19 08:00,2019-11-19 09:00,0.042,4.514
2019-11-19 09:00,2019-11-19 10:00,0.061,4.895
2019-11-19 10:00,2019-11-19 11:00,0.115,5.728
2019-11-19 11:00,2019-11-19 12:00,0.079,5.209
2019-11-19 12:00,2019-11-19 13:00,0.048,4.637
2019-11-19 13:00,2019-11-19 14:00,0.024,4.032
2019-11-19 14:00,2019-11-19 15:00,0.009,3.428
2019-11-19 15:00,2019-11-19 16:00,0.003,2.897
2019-11-19 16:00,2019-11-19 17:00,0.001,2.524
2019-11-19 17:00,2019-11-19 18:00,0.001,2.504
2019-11-19 18:00,2019-11-19 19:00,0.002,2.830
2019-11-19 19:00,2019-11-19 20:00,0.007,3.327
2019-11-19 20:00,2019-11-19 21:00,0.017,3.802
2019-11-19 21:00,2019-11-19 22:00,0.028,4.182
2019-11-19 22:00,2019-11-19 23:00,0.040,4.469
2019-11-19 23:00,2019-11-20 00:00,0.051,4.705
2019-11-20 00:00,2019-11-20 01:00,0.063,4.938
2019-11-20 01:00,2019-11-20 02:00,0.081,5.241
2019-11-20 02:00,2019-11-20 03:00,0.108,5.629
2019-11-20 03:00,2019-11-20 04:00,0.140,6.032
2019-11-20 04:00,2019-11-20 05:00,0.167,6.333
2019-11-20 05:00,2019-11-20 06:00,0.177,6.449
2019-11-20 06:00,2019-11-20 07:00,0.169,6.358
2019-11-20 07:00,2019-11-20 08:00,0.100,5.518
2019-11-20 08:00,2019-11-20 09:00,0.038,4.437
2019-11-20 09:00,2019-11-20 10:00,0.064,4.957
2019-11-20 10:00,2019-11-20 11:00,0.066,4.985
2019-11-20 11:00,2019-11-20 12:00,0.028,4.171
2019-11-20 12:00,2019-11-20 13:00,0.010,3.477
2019-11-20 13:00,2019-11-20 14:00,0.006,3.184
2019-11-20 14:00,2019-11-20 15:00,0.008,3.378
2019-11-20 15:00,2019-11-20 16:00,0.015,3.722
2019-11-20 16:00,2019-11-20 17:00,0.022,3.984
2019-11-20 17:00,2019-11-20 18:00,0.038,4.431
2019-11-20 18:00,2019-11-20 19:00,0.067,5.004
2019-11-20 19:00,2019-11-20 20:00,0.113,5.693
2019-11-20 20:00,2019-11-20 21:00,0.168,6.347
2019-11-20 21:00,2019-11-20 22:00,0.220,6.888
2019-11-20 22:00,2019-11-20 23:00,0.258,7.251
2019-11-20 23:00,2019-11-21 00:00,0.274,7.392
2019-11-21 00:00,2019-11-21 01:00,0.277,7.430
2019-11-21 01:00,2019-11-21 02:00,0.279,7.443
2019-11-21 02:00,2019-11-21 03:00,0.277,7.431
2019-11-21 03:00,2019-11-21 04:00,0.271,7.370
2019-11-21 04:00,2019-11-21 05:00,0.263,7.305
2019-11-21 05:00,2019-11-21 06:00,0.262,7.296
2019-11-21 06:00,2019-11-21 07:00,0.251,7.188
2019-11-21 07:00,2019-11-21 08:00,0.128,5.888
2019-11-21 08:00,2019-11-21 09:00,0.037,4.402
2019-11-21 09:00,2019-11-21 10:00,0.072,5.089
2019-11-21 10:00,2019-11-21 11:00,0.136,5.976
2019-11-21 11:00,2019-11-21 12:00,0.127,5.871
2019-11-21 12:00,2019-11-21 13:00,0.133,5.946
2019-11-21 13:00,2019-11-21 14:00,0.138,6.003
2019-11-21 14:00,2019-11-21 15:00,0.140,6.029
2019-11-21 15:00,2019-11-21 16:00,0.129,5.905
2019-11-21 16:00,2019-11-21 17:00,0.128,5.891
2019-11-21 17:00,2019-11-21 18:00,0.190,6.578
2019-11-21 18:00,2019-11-21 19:00,0.252,7.198
2019-11-21 19:00,2019-11-21 20:00,0.304,7.660
2019-11-21 20:00,2019-11-21 21:00,0.321,7.820
2019-11-21 21:00,2019-11-21 22:00,0.299,7.621
2019-11-21 22:00,2019-11-21 23:00,0.254,7.215
2019-11-21 23:00,2019-11-22 00:00,0.211,6.802
2019-11-22 00:00,2019-11-22 01:00,0.179,6.474
2019-11-22 01:00,2019-11-22 02:00,0.161,6.282
2019-11-22 02:00,2019-11-22 03:00,0.156,6.209
2019-11-22 03:00,2019-11-22 04:00,0.160,6.271
2019-11-22 04:00,2019-11-22 05:00,0.170,6.368
2019-11-22 05:00,2019-11-22 06:00,0.178,6.457
2019-11-22 06:00,2019-11-22 07:00,0.179,6.462
2019-11-22 07:00,2019-11-22 08:00,0.099,5.502
2019-11-22 08:00,2019-11-22 09:00,0.036,4.380
2019-11-22 09:00,2019-11-22 10:00,0.051,4.721
2019-11-22 10:00,2019-11-22 11:00,0.069,5.037
2019-11-22 11:00,2019-11-22 12:00,0.025,4.087
2019-11-22 12:00,2019-11-22 13:00,0.009,3.407
2019-11-22 13:00,2019-11-22 14:00,0.004,3.015
2019-11-22 14:00,2019-11-22 15:00,0.003,2.868
2019-11-22 15:00,2019-11-22 16:00,0.003,2.935
2019-11-22 16:00,2019-11-22 17:00,0.009,3.423
2019-11-22 17:00,2019-11-22 18:00,0.029,4.194
2019-11-22 18:00,2019-11-22 19:00,0.071,5.061
2019-11-22 19:00,2019-11-22 20:00,0.135,5.962
2019-11-22 20:00,2019-11-22 21:00,0.207,6.755
2019-11-22 21:00,2019-11-22 22:00,0.266,7.327
2019-11-22 22:00,2019-11-22 23:00,0.305,7.677
2019-11-22 23:00,2019-11-23 00:00,0.329,7.885
2019-11-23 00:00,2019-11-23 01:00,0.338,7.966
2019-11-23 01:00,2019-11-23 02:00,0.332,7.911
2019-11-23 02:00,2019-11-23 03:00,0.318,7.787
2019-11-23 03:00,2019-11-23 04:00,0.302,7.645
2019-11-23 04:00,2019-11-23 05:00,0.289,7.535
2019-11-23 05:00,2019-11-23 06:00,0.277,7.428
2019-11-23 06:00,2019-11-23 07:00,0.244,7.115
2019-11-23 07:00,2019-11-23 08:00,0.115,5.724
2019-11-23 08:00,2019-11-23 09:00,0.029,4.196
2019-11-23 09:00,2019-11-23 10:00,0.059,4.863
2019-11-23 10:00,2019-11-23 11:00,0.127,5.881
2019-11-23 11:00,2019-11-23 12:00,0.093,5.421
2019-11-23 12:00,2019-11-23 13:00,0.078,5.184
2019-11-23 13:00,2019-11-23 14:00,0.073,5.103
2019-11-23 14:00,2019-11-23 15:00,0.076,5.151
2019-11-23 15:00,2019-11-23 16:00,0.074,5.125
2019-11-23 16:00,2019-11-23 17:00,0.079,5.200
2019-11-23 17:00,2019-11-23 18:00,0.132,5.939
2019-11-23 18:00,2019-11-23 19:00,0.203,6.710
2019-11-23 19:00,2019-11-23 20:00,0.271,7.378
2019-11-23 20:00,2019-11-23 21:00,0.318,7.787
2019-11-23 21:00,2019-11-23 22:00,0.327,7.867
2019-11-23 22:00,2019-11-23 23:00,0.318,7.789
2019-11-23 23:00,2019-11-24 00:00,0.304,7.664
2019-11-24 00:00,2019-11-24 01:00,0.291,7.554
2019-11-24 01:00,2019-11-24 02:00,0.287,7.520
2019-11-24 02:00,2019-11-24 03:00,0.299,7.618
2019-11-24 03:00,2019-11-24 04:00,0.322,7.826
2019-11-24 04:00,2019-11-24 05:00,0.349,8.049
2019-11-24 05:00,2019-11-24 06:00,0.370,8.236
2019-11-24 06:00,2019-11-24 07:00,0.364,8.191
2019-11-24 07:00,2019-11-24 08:00,0.215,6.839
2019-11-24 08:00,2019-11-24 09:00,0.089,5.355
2019-11-24 09:00,2019-11-24 10:00,0.165,6.318
2019-11-24 10:00,2019-11-24 11:00,0.302,7.648
2019-11-24 11:00,2019-11-24 12:00,0.208,6.766
2019-11-24 12:00,2019-11-24 13:00,0.136,5.978
2019-11-24 13:00,2019-11-24 14:00,0.091,5.383
2019-11-24 14:00,2019-11-24 15:00,0.069,5.040
2019-11-24 15:00,2019-11-24 16:00,0.058,4.838
2019-11-24 16:00,2019-11-24 17:00,0.060,4.887
2019-11-24 17:00,2019-11-24 18:00,0.100,5.516
2019-11-24 18:00,2019-11-24 19:00,0.158,6.238
2019-11-24 19:00,2019-11-24 20:00,0.221,6.900
2019-11-24 20:00,2019-11-24 21:00,0.274,7.392
2019-11-24 21:00,2019-11-24 22:00,0.305,7.680
2019-11-24 22:00,2019-11-24 23:00,0.321,7.818
2019-11-24 23:00,2019-11-25 00:00,0.323,7.839
2019-11-25 00:00,2019-11-25 01:00,0.315,7.762
2019-11-25 01:00,2019-11-25 02:00,0.299,7.628
2019-11-25 02:00,2019-11-25 03:00,0.289,7.529
2019-11-25 03:00,2019-11-25 04:00,0.292,7.568
2019-11-25 04:00,2019-11-25 05:00,0.308,7.711
2019-11-25 05:00,2019-11-25 06:00,0.327,7.864
2019-11-25 06:00,2019-11-25 07:00,0.314,7.753
2019-11-25 07:00,2019-11-25 08:00,0.166,6.328
2019-11-25 08:00,2019-11-25 09:00,0.062,4.915
2019-11-25 09:00,2019-11-25 10:00,0.190,6.589
2019-11-25 10:00,2019-11-25 11:00,0.364,8.185
2019-11-25 11:00,2019-11-25 12:00,0.287,7.520
2019-11-25 12:00,2019-11-25 13:00,0.231,6.992
2019-11-25 13:00,2019-11-25 14:00,0.197,6.664
2019-11-25 14:00,2019-11-25 15:00,0.182,6.503
2019-11-25 15:00,2019-11-25 16:00,0.160,6.260
2019-11-25 16:00,2019-11-25 17:00,0.139,6.023
2019-11-25 17:00,2019-11-25 18:00,0.197,6.658
2019-11-25 18:00,2019-11-25 19:00,0.262,7.288
2019-11-25 19:00,2019-11-25 20:00,0.315,7.758
2019-11-25 20:00,2019-11-25 21:00,0.342,7.989
2019-11-25 21:00,2019-11-25 22:00,0.344,8.013
2019-11-25 22:00,2019-11-25 23:00,0.331,7.902
2019-11-25 23:00,2019-11-26 00:00,0.318,7.790
2019-11-26 00:00,2019-11-26 01:00,0.317,7.778
2019-11-26 01:00,2019-11-26 02:00,0.323,7.827
2019-11-26 02:00,2019-11-26 03:00,0.336,7.950
2019-11-26 03:00,2019-11-26 04:00,0.358,8.133
2019-11-26 04:00,2019-11-26 05:00,0.380,8.315
2019-11-26 05:00,2019-11-26 06:00,0.387,8.380
2019-11-26 06:00,2019-11-26 07:00,0.357,8.125
2019-11-26 07:00,2019-11-26 08:00,0.192,6.599
2019-11-26 08:00,2019-11-26 09:00,0.079,5.199
2019-11-26 09:00,2019-11-26 10:00,0.226,6.954
2019-11-26 10:00,2019-11-26 11:00,0.337,7.954
2019-11-26 11:00,2019-11-26 12:00,0.304,7.661
2019-11-26 12:00,2019-11-26 13:00,0.290,7.547
2019-11-26 13:00,2019-11-26 14:00,0.278,7.435
2019-11-26 14:00,2019-11-26 15:00,0.269,7.353
2019-11-26 15:00,2019-11-26 16:00,0.239,7.072
2019-11-26 16:00,2019-11-26 17:00,0.189,6.576
2019-11-26 17:00,2019-11-26 18:00,0.231,6.992
2019-11-26 18:00,2019-11-26 19:00,0.279,7.441
2019-11-26 19:00,2019-11-26 20:00,0.323,7.839
2019-11-26 20:00,2019-11-26 21:00,0.347,8.034
2019-11-26 21:00,2019-11-26 22:00,0.345,8.022
2019-11-26 22:00,2019-11-26 23:00,0.334,7.936
2019-11-26 23:00,2019-11-27 00:00,0.334,7.934
2019-11-27 00:00,2019-11-27 01:00,0.344,8.020
2019-11-27 01:00,2019-11-27 02:00,0.359,8.141
2019-11-27 02:00,2019-11-27 03:00,0.370,8.236
2019-11-27 03:00,2019-11-27 04:00,0.374,8.270
2019-11-27 04:00,2019-11-27 05:00,0.365,8.197
2019-11-27 05:00,2019-11-27 06:00,0.352,8.087
2019-11-27 06:00,2019-11-27 07:00,0.305,7.680
2019-11-27 07:00,2019-11-27 08:00,0.150,6.150
2019-11-27 08:00,2019-11-27 09:00,0.054,4.772
2019-11-27 09:00,2019-11-27 10:00,0.190,6.581
2019-11-27 10:00,2019-11-27 11:00,0.457,8.963
2019-11-27 11:00,2019-11-27 12:00,0.431,8.748
2019-11-27 12:00,2019-11-27 13:00,0.413,8.596
2019-11-27 13:00,2019-11-27 14:00,0.408,8.555
2019-11-27 14:00,2019-11-27 15:00,0.413,8.596
2019-11-27 15:00,2019-11-27 16:00,0.397,8.463
2019-11-27 16:00,2019-11-27 17:00,0.346,8.028
2019-11-27 17:00,2019-11-27 18:00,0.406,8.542
2019-11-27 18:00,2019-11-27 19:00,0.459,8.978
2019-11-27 19:00,2019-11-27 20:00,0.487,9.220
2019-11-27 20:00,2019-11-27 21:00,0.502,9.342
2019-11-27 21:00,2019-11-27 22:00,0.501,9.332
2019-11-27 22:00,2019-11-27 23:00,0.496,9.290
2019-11-27 23:00,2019-11-28 00:00,0.489,9.232
2019-11-28 00:00,2019-11-28 01:00,0.477,9.134
2019-11-28 01:00,2019-11-28 02:00,0.468,9.061
2019-11-28 02:00,2019-11-28 03:00,0.456,8.953
2019-11-28 03:00,2019-11-28 04:00,0.453,8.935
2019-11-28 04:00,2019-11-28 05:00,0.451,8.912
2019-11-28 05:00,2019-11-28 06:00,0.453,8.923
2019-11-28 06:00,2019-11-28 07:00,0.416,8.621
2019-11-28 07:00,2019-11-28 08:00,0.251,7.184
2019-11-28 08:00,2019-11-28 09:00,0.135,5.960
2019-11-28 09:00,2019-11-28 10:00,0.478,9.139
2019-11-28 10:00,2019-11-28 11:00,0.618,10.360
2019-11-28 11:00,2019-11-28 12:00,0.566,9.890
2019-11-28 12:00,2019-11-28 13:00,0.517,9.472
2019-11-28 13:00,2019-11-28 14:00,0.477,9.129
2019-11-28 14:00,2019-11-28 15:00,0.445,8.869
2019-11-28 15:00,2019-11-28 16:00,0.393,8.422
2019-11-28 16:00,2019-11-28 17:00,0.323,7.831
2019-11-28 17:00,2019-11-28 18:00,0.382,8.335
2019-11-28 18:00,2019-11-28 19:00,0.443,8.847
2019-11-28 19:00,2019-11-28 20:00,0.481,9.165
2019-11-28 20:00,2019-11-28 21:00,0.495,9.280
2019-11-28 21:00,2019-11-28 22:00,0.494,9.271
2019-11-28 22:00,2019-11-28 23:00,0.474,9.106
2019-11-28 23:00,2019-11-29 00:00,0.456,8.961
2019-11-29 00:00,2019-11-29 01:00,0.438,8.811
2019-11-29 01:00,2019-11-29 02:00,0.425,8.692
2019-11-29 02:00,2019-11-29 03:00,0.422,8.668
2019-11-29 03:00,2019-11-29 04:00,0.425,8.699
2019-11-29 04:00,2019-11-29 05:00,0.431,8.746
2019-11-29 05:00,2019-11-29 06:00,0.438,8.804
2019-11-29 06:00,2019-11-29 07:00,0.406,8.534
2019-11-29 07:00,2019-11-29 08:00,0.230,6.986
2019-11-29 08:00,2019-11-29 09:00,0.113,5.689
2019-11-29 09:00,2019-11-29 10:00,0.397,8.462
2019-11-29 10:00,2019-11-29 11:00,0.589,10.095
2019-11-29 11:00,2019-11-29 12:00,0.469,9.063
2019-11-29 12:00,2019-11-29 13:00,0.371,8.243
2019-11-29 13:00,2019-11-29 14:00,0.313,7.749
2019-11-29 14:00,2019-11-29 15:00,0.291,7.558
2019-11-29 15:00,2019-11-29 16:00,0.273,7.389
2019-11-29 16:00,2019-11-29 17:00,0.282,7.476
2019-11-29 17:00,2019-11-29 18:00,0.384,8.351
2019-11-29 18:00,2019-11-29 19:00,0.456,8.955
2019-11-29 19:00,2019-11-29 20:00,0.493,9.266
2019-11-29 20:00,2019-11-29 21:00,0.506,9.375
2019-11-29 21:00,2019-11-29 22:00,0.507,9.384
2019-11-29 22:00,2019-11-29 23:00,0.496,9.295
2019-11-29 23:00,2019-11-30 00:00,0.485,9.199
2019-11-30 00:00,2019-11-30 01:00,0.474,9.107
2019-11-30 01:00,2019-11-30 02:00,0.464,9.023
2019-11-30 02:00,2019-11-30 03:00,0.461,8.991
2019-11-30 03:00,2019-11-30 04:00,0.458,8.975
2019-11-30 04:00,2019-11-30 05:00,0.453,8.933
2019-11-30 05:00,2019-11-30 06:00,0.443,8.848
2019-11-30 06:00,2019-11-30 07:00,0.382,8.331
2019-11-30 07:00,2019-11-30 08:00,0.206,6.746
2019-11-30 08:00,2019-11-30 09:00,0.106,5.608
2019-11-30 09:00,2019-11-30 10:00,0.455,8.950
2019-11-30 10:00,2019-11-30 11:00,0.613,10.316
2019-11-30 11:00,2019-11-30 12:00,0.521,9.502
2019-11-30 12:00,2019-11-30 13:00,0.432,8.752
2019-11-30 13:00,2019-11-30 14:00,0.371,8.247
2019-11-30 14:00,2019-11-30 15:00,0.347,8.041
2019-11-30 15:00,2019-11-30 16:00,0.328,7.871
2019-11-30 16:00,2019-11-30 17:00,0.309,7.715
2019-11-30 17:00,2019-11-30 18:00,0.402,8.504
2019-11-30 18:00,2019-11-30 19:00,0.485,9.193
2019-11-30 19:00,2019-11-30 20:00,0.525,9.538
2019-11-30 20:00,2019-11-30 21:00,0.529,9.572
2019-11-30 21:00,2019-11-30 22:00,0.513,9.433
2019-11-30 22:00,2019-11-30 23:00,0.492,9.253
2019-11-30 23:00,2019-12-01 00:00,0.467,9.043
2019-12-01 00:00,2019-12-01 01:00,0.440,8.823
2019-12-01 01:00,2019-12-01 02:00,0.423,8.674
2019-12-01 02:00,2019-12-01 03:00,0.409,8.562
2019-12-01 03:00,2019-12-01 04:00,0.395,8.446
2019-12-01 04:00,2019-12-01 05:00,0.384,8.351
2019-12-01 05:00,2019-12-01 06:00,0.378,8.308
2019-12-01 06:00,2019-12-01 07:00,0.354,8.095
2019-12-01 07:00,2019-12-01 08:00,0.191,6.595
2019-12-01 08:00,2019-12-01 09:00,0.083,5.269
2019-12-01 09:00,2019-12-01 10:00,0.352,8.077
2019-12-01 10:00,2019-12-01 11:00,0.458,8.976
2019-12-01 11:00,2019-12-01 12:00,0.378,8.305
2019-12-01 12:00,2019-12-01 13:00,0.349,8.057
2019-12-01 13:00,2019-12-01 14:00,0.318,7.790
2019-12-01 14:00,2019-12-01 15:00,0.287,7.518
2019-12-01 15:00,2019-12-01 16:00,0.249,7.168
2019-12-01 16:00,2019-12-01 17:00,0.222,6.909
2019-12-01 17:00,2019-12-01 18:00,0.290,7.550
2019-12-01 18:00,2019-12-01 19:00,0.357,8.120
2019-12-01 19:00,2019-12-01 20:00,0.381,8.324
2019-12-01 20:00,2019-12-01 21:00,0.387,8.384
2019-12-01 21:00,2019-12-01 22:00,0.390,8.397
2019-12-01 22:00,2019-12-01 23:00,0.412,8.584
2019-12-01 23:00,2019-12-02 00:00,0.438,8.797
2019-12-02 00:00,2019-12-02 01:00,0.451,8.914
2019-12-02 01:00,2019-12-02 02:00,0.457,8.962
2019-12-02 02:00,2019-12-02 03:00,0.455,8.945
2019-12-02 03:00,2019-12-02 04:00,0.425,8.696
2019-12-02 04:00,2019-12-02 05:00,0.384,8.349
2019-12-02 05:00,2019-12-02 06:00,0.363,8.172
2019-12-02 06:00,2019-12-02 07:00,0.335,7.939
2019-12-02 07:00,2019-12-02 08:00,0.219,6.874
2019-12-02 08:00,2019-12-02 09:00,0.148,6.127
2019-12-02 09:00,2019-12-02 10:00,0.554,9.791
2019-12-02 10:00,2019-12-02 11:00,0.495,9.283
2019-12-02 11:00,2019-12-02 12:00,0.374,8.264
2019-12-02 12:00,2019-12-02 13:00,0.282,7.477
2019-12-02 13:00,2019-12-02 14:00,0.231,6.990
2019-12-02 14:00,2019-12-02 15:00,0.208,6.778
2019-12-02 15:00,2019-12-02 16:00,0.181,6.491
2019-12-02 16:00,2019-12-02 17:00,0.196,6.654
2019-12-02 17:00,2019-12-02 18:00,0.247,7.143
2019-12-02 18:00,2019-12-02 19:00,0.279,7.448
2019-12-02 19:00,2019-12-02 20:00,0.307,7.694
2019-12-02 20:00,2019-12-02 21:00,0.319,7.800
2019-12-02 21:00,2019-12-02 22:00,0.313,7.744
2019-12-02 22:00,2019-12-02 23:00,0.315,7.761
2019-12-02 23:00,2019-12-03 00:00,0.337,7.961
2019-12-03 00:00,2019-12-03 01:00,0.374,8.267
2019-12-03 01:00,2019-12-03 02:00,0.406,8.538
2019-12-03 02:00,2019-12-03 03:00,0.428,8.717
2019-12-03 03:00,2019-12-03 04:00,0.448,8.886
2019-12-03 04:00,2019-12-03 05:00,0.475,9.114
2019-12-03 05:00,2019-12-03 06:00,0.499,9.314
2019-12-03 06:00,2019-12-03 07:00,0.466,9.042
2019-12-03 07:00,2019-12-03 08:00,0.315,7.759
2019-12-03 08:00,2019-12-03 09:00,0.359,8.144
2019-12-03 09:00,2019-12-03 10:00,0.677,10.937
2019-12-03 10:00,2019-12-03 11:00,0.555,9.797
2019-12-03 11:00,2019-12-03 12:00,0.415,8.612
2019-12-03 12:00,2019-12-03 13:00,0.287,7.517
2019-12-03 13:00,2019-12-03 14:00,0.193,6.614
2019-12-03 14:00,2019-12-03 15:00,0.139,6.021
2019-12-03 15:00,2019-12-03 16:00,0.109,5.638
2019-12-03 16:00,2019-12-03 17:00,0.108,5.627
2019-12-03 17:00,2019-12-03 18:00,0.169,6.364
2019-12-03 18:00,2019-12-03 19:00,0.221,6.899
2019-12-03 19:00,2019-12-03 20:00,0.247,7.142
2019-12-03 20:00,2019-12-03 21:00,0.253,7.211
2019-12-03 21:00,2019-12-03 22:00,0.260,7.274
2019-12-03 22:00,2019-12-03 23:00,0.273,7.388
2019-12-03 23:00,2019-12-04 00:00,0.285,7.495
2019-12-04 00:00,2019-12-04 01:00,0.292,7.561
2019-12-04 01:00,2019-12-04 02:00,0.299,7.626
2019-12-04 02:00,2019-12-04 03:00,0.310,7.723
2019-12-04 03:00,2019-12-04 04:00,0.326,7.851
2019-12-04 04:00,2019-12-04 05:00,0.335,7.944
2019-12-04 05:00,2019-12-04 06:00,0.342,7.995
2019-12-04 06:00,2019-12-04 07:00,0.325,7.849
2019-12-04 07:00,2019-12-04 08:00,0.174,6.415
2019-12-04 08:00,2019-12-04 09:00,0.060,4.878
2019-12-04 09:00,2019-12-04 10:00,0.079,5.213
2019-12-04 10:00,2019-12-04 11:00,0.032,4.268
2019-12-04 11:00,2019-12-04 12:00,0.022,3.978
2019-12-04 12:00,2019-12-04 13:00,0.019,3.888
2019-12-04 13:00,2019-12-04 14:00,0.015,3.721
2019-12-04 14:00,2019-12-04 15:00,0.009,3.442
2019-12-04 15:00,2019-12-04 16:00,0.007,3.259
2019-12-04 16:00,2019-12-04 17:00,0.012,3.595
2019-12-04 17:00,2019-12-04 18:00,0.048,4.650
2019-12-04 18:00,2019-12-04 19:00,0.134,5.952
2019-12-04 19:00,2019-12-04 20:00,0.252,7.198
2019-12-04 20:00,2019-12-04 21:00,0.364,8.187
2019-12-04 21:00,2019-12-04 22:00,0.432,8.753
2019-12-04 22:00,2019-12-04 23:00,0.453,8.934
2019-12-04 23:00,2019-12-05 00:00,0.455,8.951
2019-12-05 00:00,2019-12-05 01:00,0.457,8.962
2019-12-05 01:00,2019-12-05 02:00,0.453,8.927
2019-12-05 02:00,2019-12-05 03:00,0.431,8.748
2019-12-05 03:00,2019-12-05 04:00,0.410,8.568
2019-12-05 04:00,2019-12-05 05:00,0.386,8.375
2019-12-05 05:00,2019-12-05 06:00,0.380,8.315
2019-12-05 06:00,2019-12-05 07:00,0.344,8.015
2019-12-05 07:00,2019-12-05 08:00,0.193,6.613
2019-12-05 08:00,2019-12-05 09:00,0.106,5.606
2019-12-05 09:00,2019-12-05 10:00,0.259,7.266
2019-12-05 10:00,2019-12-05 11:00,0.255,7.230
2019-12-05 11:00,2019-12-05 12:00,0.181,6.493
2019-12-05 12:00,2019-12-05 13:00,0.156,6.208
2019-12-05 13:00,2019-12-05 14:00,0.146,6.095
2019-12-05 14:00,2019-12-05 15:00,0.142,6.051
2019-12-05 15:00,2019-12-05 16:00,0.136,5.986
2019-12-05 16:00,2019-12-05 17:00,0.150,6.151
2019-12-05 17:00,2019-12-05 18:00,0.267,7.330
2019-12-05 18:00,2019-12-05 19:00,0.400,8.486
2019-12-05 19:00,2019-12-05 20:00,0.498,9.311
2019-12-05 20:00,2019-12-05 21:00,0.547,9.725
2019-12-05 21:00,2019-12-05 22:00,0.546,9.707
2019-12-05 22:00,2019-12-05 23:00,0.531,9.579
2019-12-05 23:00,2019-12-06 00:00,0.515,9.448
2019-12-06 00:00,2019-12-06 01:00,0.494,9.277
2019-12-06 01:00,2019-12-06 02:00,0.476,9.124
2019-12-06 02:00,2019-12-06 03:00,0.450,8.906
2019-12-06 03:00,2019-12-06 04:00,0.428,8.717
2019-12-06 04:00,2019-12-06 05:00,0.412,8.586
2019-12-06 05:00,2019-12-06 06:00,0.398,8.476
2019-12-06 06:00,2019-12-06 07:00,0.352,8.081
2019-12-06 07:00,2019-12-06 08:00,0.189,6.573
2019-12-06 08:00,2019-12-06 09:00,0.097,5.463
2019-12-06 09:00,2019-12-06 10:00,0.271,7.369
2019-12-06 10:00,2019-12-06 11:00,0.282,7.477
2019-12-06 11:00,2019-12-06 12:00,0.174,6.413
2019-12-06 12:00,2019-12-06 13:00,0.146,6.107
2019-12-06 13:00,2019-12-06 14:00,0.150,6.156
2019-12-06 14:00,2019-12-06 15:00,0.170,6.368
2019-12-06 15:00,2019-12-06 16:00,0.186,6.551
2019-12-06 16:00,2019-12-06 17:00,0.217,6.854
2019-12-06 17:00,2019-12-06 18:00,0.335,7.938
2019-12-06 18:00,2019-12-06 19:00,0.423,8.680
2019-12-06 19:00,2019-12-06 20:00,0.471,9.080
2019-12-06 20:00,2019-12-06 21:00,0.480,9.151
2019-12-06 21:00,2019-12-06 22:00,0.458,8.971
2019-12-06 22:00,2019-12-06 23:00,0.430,8.736
2019-12-06 23:00,2019-12-07 00:00,0.411,8.574
2019-12-07 00:00,2019-12-07 01:00,0.409,8.564
2019-12-07 01:00,2019-12-07 02:00,0.425,8.693
2019-12-07 02:00,2019-12-07 03:00,0.445,8.862
2019-12-07 03:00,2019-12-07 04:00,0.464,9.015
2019-12-07 04:00,2019-12-07 05:00,0.468,9.055
2019-12-07 05:00,2019-12-07 06:00,0.464,9.020
2019-12-07 06:00,2019-12-07 07:00,0.412,8.591
2019-12-07 07:00,2019-12-07 08:00,0.240,7.086
2019-12-07 08:00,2019-12-07 09:00,0.122,5.805
2019-12-07 09:00,2019-12-07 10:00,0.389,8.393
2019-12-07 10:00,2019-12-07 11:00,0.403,8.507
2019-12-07 11:00,2019-12-07 12:00,0.244,7.125
2019-12-07 12:00,2019-12-07 13:00,0.182,6.502
2019-12-07 13:00,2019-12-07 14:00,0.185,6.535
2019-12-07 14:00,2019-12-07 15:00,0.217,6.861
2019-12-07 15:00,2019-12-07 16:00,0.233,7.013
2019-12-07 16:00,2019-12-07 17:00,0.265,7.321
2019-12-07 17:00,2019-12-07 18:00,0.390,8.399
2019-12-07 18:00,2019-12-07 19:00,0.483,9.177
2019-12-07 19:00,2019-12-07 20:00,0.524,9.532
2019-12-07 20:00,2019-12-07 21:00,0.527,9.553
2019-12-07 21:00,2019-12-07 22:00,0.513,9.431
2019-12-07 22:00,2019-12-07 23:00,0.506,9.373
2019-12-07 23:00,2019-12-08 00:00,0.510,9.400
2019-12-08 00:00,2019-12-08 01:00,0.507,9.388
2019-12-08 01:00,2019-12-08 02:00,0.501,9.335
2019-12-08 02:00,2019-12-08 03:00,0.496,9.290
2019-12-08 03:00,2019-12-08 04:00,0.492,9.252
2019-12-08 04:00,2019-12-08 05:00,0.481,9.164
2019-12-08 05:00,2019-12-08 06:00,0.458,8.977
2019-12-08 06:00,2019-12-08 07:00,0.404,8.519
2019-12-08 07:00,2019-12-08 08:00,0.268,7.345
2019-12-08 08:00,2019-12-08 09:00,0.194,6.624
2019-12-08 09:00,2019-12-08 10:00,0.683,10.999
2019-12-08 10:00,2019-12-08 11:00,0.686,11.030
2019-12-08 11:00,2019-12-08 12:00,0.521,9.494
2019-12-08 12:00,2019-12-08 13:00,0.355,8.099
2019-12-08 13:00,2019-12-08 14:00,0.245,7.130
2019-12-08 14:00,2019-12-08 15:00,0.209,6.788
2019-12-08 15:00,2019-12-08 16:00,0.186,6.552
2019-12-08 16:00,2019-12-08 17:00,0.207,6.760
2019-12-08 17:00,2019-12-08 18:00,0.306,7.686
2019-12-08 18:00,2019-12-08 19:00,0.404,8.516
2019-12-08 19:00,2019-12-08 20:00,0.484,9.184
2019-12-08 20:00,2019-12-08 21:00,0.533,9.606
2019-12-08 21:00,2019-12-08 22:00,0.550,9.749
2019-12-08 22:00,2019-12-08 23:00,0.544,9.698
2019-12-08 23:00,2019-12-09 00:00,0.524,9.531
2019-12-09 00:00,2019-12-09 01:00,0.486,9.209
2019-12-09 01:00,2019-12-09 02:00,0.436,8.789
2019-12-09 02:00,2019-12-09 03:00,0.399,8.483
2019-12-09 03:00,2019-12-09 04:00,0.393,8.427
2019-12-09 04:00,2019-12-09 05:00,0.403,8.507
2019-12-09 05:00,2019-12-09 06:00,0.408,8.553
2019-12-09 06:00,2019-12-09 07:00,0.374,8.259
2019-12-09 07:00,2019-12-09 08:00,0.237,7.061
2019-12-09 08:00,2019-12-09 09:00,0.192,6.609
2019-12-09 09:00,2019-12-09 10:00,0.628,10.457
2019-12-09 10:00,2019-12-09 11:00,0.526,9.544
2019-12-09 11:00,2019-12-09 12:00,0.381,8.325
2019-12-09 12:00,2019-12-09 13:00,0.268,7.343
2019-12-09 13:00,2019-12-09 14:00,0.196,6.651
2019-12-09 14:00,2019-12-09 15:00,0.162,6.284
2019-12-09 15:00,2019-12-09 16:00,0.146,6.097
2019-12-09 16:00,2019-12-09 17:00,0.185,6.541
2019-12-09 17:00,2019-12-09 18:00,0.337,7.960
2019-12-09 18:00,2019-12-09 19:00,0.468,9.061
2019-12-09 19:00,2019-12-09 20:00,0.537,9.638
2019-12-09 20:00,2019-12-09 21:00,0.553,9.778
2019-12-09 21:00,2019-12-09 22:00,0.539,9.658
2019-12-09 22:00,2019-12-09 23:00,0.515,9.450
2019-12-09 23:00,2019-12-10 00:00,0.491,9.243
2019-12-10 00:00,2019-12-10 01:00,0.468,9.061
2019-12-10 01:00,2019-12-10 02:00,0.451,8.911
2019-12-10 02:00,2019-12-10 03:00,0.438,8.799
2019-12-10 03:00,2019-12-10 04:00,0.425,8.696
2019-12-10 04:00,2019-12-10 05:00,0.413,8.600
2019-12-10 05:00,2019-12-10 06:00,0.404,8.521
2019-12-10 06:00,2019-12-10 07:00,0.364,8.189
2019-12-10 07:00,2019-12-10 08:00,0.193,6.617
2019-12-10 08:00,2019-12-10 09:00,0.083,5.262
2019-12-10 09:00,2019-12-10 10:00,0.316,7.773
2019-12-10 10:00,2019-12-10 11:00,0.531,9.579
2019-12-10 11:00,2019-12-10 12:00,0.455,8.950
2019-12-10 12:00,2019-12-10 13:00,0.387,8.378
2019-12-10 13:00,2019-12-10 14:00,0.336,7.948
2019-12-10 14:00,2019-12-10 15:00,0.297,7.609
2019-12-10 15:00,2019-12-10 16:00,0.246,7.139
2019-12-10 16:00,2019-12-10 17:00,0.216,6.846
2019-12-10 17:00,2019-12-10 18:00,0.274,7.397
2019-12-10 18:00,2019-12-10 19:00,0.320,7.807
2019-12-10 19:00,2019-12-10 20:00,0.353,8.094
2019-12-10 20:00,2019-12-10 21:00,0.374,8.273
2019-12-10 21:00,2019-12-10 22:00,0.388,8.387
2019-12-10 22:00,2019-12-10 23:00,0.401,8.491
2019-12-10 23:00,2019-12-11 00:00,0.414,8.604
2019-12-11 00:00,2019-12-11 01:00,0.424,8.686
2019-12-11 01:00,2019-12-11 02:00,0.427,8.706
2019-12-11 02:00,2019-12-11 03:00,0.423,8.669
2019-12-11 03:00,2019-12-11 04:00,0.417,8.632
2019-12-11 04:00,2019-12-11 05:00,0.412,8.581
2019-12-11 05:00,2019-12-11 06:00,0.400,8.487
2019-12-11 06:00,2019-12-11 07:00,0.363,8.176
2019-12-11 07:00,2019-12-11 08:00,0.188,6.569
2019-12-11 08:00,2019-12-11 09:00,0.073,5.112
2019-12-11 09:00,2019-12-11 10:00,0.257,7.245
2019-12-11 10:00,2019-12-11 11:00,0.340,7.981
2019-12-11 11:00,2019-12-11 12:00,0.289,7.541
2019-12-11 12:00,2019-12-11 13:00,0.259,7.256
2019-12-11 13:00,2019-12-11 14:00,0.250,7.180
2019-12-11 14:00,2019-12-11 15:00,0.262,7.287
2019-12-11 15:00,2019-12-11 16:00,0.259,7.259
2019-12-11 16:00,2019-12-11 17:00,0.263,7.303
2019-12-11 17:00,2019-12-11 18:00,0.363,8.172
2019-12-11 18:00,2019-12-11 19:00,0.455,8.947
2019-12-11 19:00,2019-12-11 20:00,0.517,9.459
2019-12-11 20:00,2019-12-11 21:00,0.537,9.639
2019-12-11 21:00,2019-12-11 22:00,0.526,9.546
2019-12-11 22:00,2019-12-11 23:00,0.507,9.388
2019-12-11 23:00,2019-12-12 00:00,0.494,9.274
2019-12-12 00:00,2019-12-12 01:00,0.487,9.212
2019-12-12 01:00,2019-12-12 02:00,0.483,9.172
2019-12-12 02:00,2019-12-12 03:00,0.475,9.117
2019-12-12 03:00,2019-12-12 04:00,0.468,9.055
2019-12-12 04:00,2019-12-12 05:00,0.457,8.965
2019-12-12 05:00,2019-12-12 06:00,0.447,8.885
2019-12-12 06:00,2019-12-12 07:00,0.414,8.605
2019-12-12 07:00,2019-12-12 08:00,0.299,7.627
2019-12-12 08:00,2019-12-12 09:00,0.393,8.426
2019-12-12 09:00,2019-12-12 10:00,0.694,11.100
2019-12-12 10:00,2019-12-12 11:00,0.614,10.325
2019-12-12 11:00,2019-12-12 12:00,0.491,9.245
2019-12-12 12:00,2019-12-12 13:00,0.393,8.421
2019-12-12 13:00,2019-12-12 14:00,0.334,7.932
2019-12-12 14:00,2019-12-12 15:00,0.308,7.710
2019-12-12 15:00,2019-12-12 16:00,0.299,7.626
2019-12-12 16:00,2019-12-12 17:00,0.277,7.429
2019-12-12 17:00,2019-12-12 18:00,0.352,8.087
2019-12-12 18:00,2019-12-12 19:00,0.418,8.642
2019-12-12 19:00,2019-12-12 20:00,0.450,8.897
2019-12-12 20:00,2019-12-12 21:00,0.447,8.884
2019-12-12 21:00,2019-12-12 22:00,0.436,8.782
2019-12-12 22:00,2019-12-12 23:00,0.417,8.633
2019-12-12 23:00,2019-12-13 00:00,0.401,8.498
2019-12-13 00:00,2019-12-13 01:00,0.389,8.393
2019-12-13 01:00,2019-12-13 02:00,0.385,8.363
2019-12-13 02:00,2019-12-13 03:00,0.397,8.465
2019-12-13 03:00,2019-12-13 04:00,0.417,8.628
2019-12-13 04:00,2019-12-13 05:00,0.425,8.701
2019-12-13 05:00,2019-12-13 06:00,0.444,8.859
2019-12-13 06:00,2019-12-13 07:00,0.398,8.474
2019-12-13 07:00,2019-12-13 08:00,0.292,7.569
2019-12-13 08:00,2019-12-13 09:00,0.510,9.403
2019-12-13 09:00,2019-12-13 10:00,0.544,9.697
2019-12-13 10:00,2019-12-13 11:00,0.420,8.657
2019-12-13 11:00,2019-12-13 12:00,0.343,8.005
2019-12-13 12:00,2019-12-13 13:00,0.291,7.553
2019-12-13 13:00,2019-12-13 14:00,0.252,7.190
2019-12-13 14:00,2019-12-13 15:00,0.235,7.040
2019-12-13 15:00,2019-12-13 16:00,0.241,7.095
2019-12-13 16:00,2019-12-13 17:00,0.264,7.312
2019-12-13 17:00,2019-12-13 18:00,0.385,8.363
2019-12-13 18:00,2019-12-13 19:00,0.461,8.992
2019-12-13 19:00,2019-12-13 20:00,0.483,9.174
2019-12-13 20:00,2019-12-13 21:00,0.471,9.079
2019-12-13 21:00,2019-12-13 22:00,0.443,8.848
2019-12-13 22:00,2019-12-13 23:00,0.404,8.521
2019-12-13 23:00,2019-12-14 00:00,0.371,8.244
2019-12-14 00:00,2019-12-14 01:00,0.368,8.225
2019-12-14 01:00,2019-12-14 02:00,0.396,8.459
2019-12-14 02:00,2019-12-14 03:00,0.434,8.768
2019-12-14 03:00,2019-12-14 04:00,0.454,8.940
2019-12-14 04:00,2019-12-14 05:00,0.450,8.902
2019-12-14 05:00,2019-12-14 06:00,0.436,8.781
2019-12-14 06:00,2019-12-14 07:00,0.374,8.268
2019-12-14 07:00,2019-12-14 08:00,0.225,6.937
2019-12-14 08:00,2019-12-14 09:00,0.167,6.337
2019-12-14 09:00,2019-12-14 10:00,0.531,9.585
2019-12-14 10:00,2019-12-14 11:00,0.524,9.528
2019-12-14 11:00,2019-12-14 12:00,0.456,8.955
2019-12-14 12:00,2019-12-14 13:00,0.381,8.319
2019-12-14 13:00,2019-12-14 14:00,0.321,7.822
2019-12-14 14:00,2019-12-14 15:00,0.295,7.580
2019-12-14 15:00,2019-12-14 16:00,0.274,7.396
2019-12-14 16:00,2019-12-14 17:00,0.256,7.235
2019-12-14 17:00,2019-12-14 18:00,0.348,8.047
2019-12-14 18:00,2019-12-14 19:00,0.420,8.653
2019-12-14 19:00,2019-12-14 20:00,0.458,8.972
2019-12-14 20:00,2019-12-14 21:00,0.474,9.105
2019-12-14 21:00,2019-12-14 22:00,0.475,9.111
2019-12-14 22:00,2019-12-14 23:00,0.462,9.002
2019-12-14 23:00,2019-12-15 00:00,0.467,9.046
2019-12-15 00:00,2019-12-15 01:00,0.485,9.203
2019-12-15 01:00,2019-12-15 02:00,0.493,9.265
2019-12-15 02:00,2019-12-15 03:00,0.491,9.248
2019-12-15 03:00,2019-12-15 04:00,0.476,9.122
2019-12-15 04:00,2019-12-15 05:00,0.453,8.927
2019-12-15 05:00,2019-12-15 06:00,0.428,8.723
2019-12-15 06:00,2019-12-15 07:00,0.382,8.335
2019-12-15 07:00,2019-12-15 08:00,0.229,6.980
2019-12-15 08:00,2019-12-15 09:00,0.145,6.083
2019-12-15 09:00,2019-12-15 10:00,0.596,10.160
2019-12-15 10:00,2019-12-15 11:00,0.578,10
2019-12-15 11:00,2019-12-15 12:00,0.473,9.102
2019-12-15 12:00,2019-12-15 13:00,0.382,8.342
2019-12-15 13:00,2019-12-15 14:00,0.323,7.838
2019-12-15 14:00,2019-12-15 15:00,0.292,7.565
2019-12-15 15:00,2019-12-15 16:00,0.277,7.428
2019-12-15 16:00,2019-12-15 17:00,0.280,7.456
2019-12-15 17:00,2019-12-15 18:00,0.406,8.536
2019-12-15 18:00,2019-12-15 19:00,0.510,9.398
2019-12-15 19:00,2019-12-15 20:00,0.547,9.729
2019-12-15 20:00,2019-12-15 21:00,0.544,9.694
2019-12-15 21:00,2019-12-15 22:00,0.532,9.601
2019-12-15 22:00,2019-12-15 23:00,0.523,9.512
2019-12-15 23:00,2019-12-16 00:00,0.515,9.440
2019-12-16 00:00,2019-12-16 01:00,0.510,9.403
2019-12-16 01:00,2019-12-16 02:00,0.504,9.357
2019-12-16 02:00,2019-12-16 03:00,0.493,9.256
2019-12-16 03:00,2019-12-16 04:00,0.476,9.124
2019-12-16 04:00,2019-12-16 05:00,0.464,9.011
2019-12-16 05:00,2019-12-16 06:00,0.452,8.918
2019-12-16 06:00,2019-12-16 07:00,0.405,8.527
2019-12-16 07:00,2019-12-16 08:00,0.268,7.346
2019-12-16 08:00,2019-12-16 09:00,0.197,6.660
2019-12-16 09:00,2019-12-16 10:00,0.642,10.586
2019-12-16 10:00,2019-12-16 11:00,0.724,11.444
2019-12-16 11:00,2019-12-16 12:00,0.598,10.169
2019-12-16 12:00,2019-12-16 13:00,0.471,9.082
2019-12-16 13:00,2019-12-16 14:00,0.384,8.352
2019-12-16 14:00,2019-12-16 15:00,0.336,7.951
2019-12-16 15:00,2019-12-16 16:00,0.290,7.548
2019-12-16 16:00,2019-12-16 17:00,0.279,7.449
2019-12-16 17:00,2019-12-16 18:00,0.404,8.522
2019-12-16 18:00,2019-12-16 19:00,0.497,9.300
2019-12-16 19:00,2019-12-16 20:00,0.544,9.692
2019-12-16 20:00,2019-12-16 21:00,0.550,9.746
2019-12-16 21:00,2019-12-16 22:00,0.505,9.370
2019-12-16 22:00,2019-12-16 23:00,0.481,9.162
2019-12-16 23:00,2019-12-17 00:00,0.471,9.085
2019-12-17 00:00,2019-12-17 01:00,0.442,8.838
2019-12-17 01:00,2019-12-17 02:00,0.450,8.898
2019-12-17 02:00,2019-12-17 03:00,0.460,8.986
2019-12-17 03:00,2019-12-17 04:00,0.464,9.016
2019-12-17 04:00,2019-12-17 05:00,0.472,9.087
2019-12-17 05:00,2019-12-17 06:00,0.464,9.023
2019-12-17 06:00,2019-12-17 07:00,0.417,8.629
2019-12-17 07:00,2019-12-17 08:00,0.313,7.739
2019-12-17 08:00,2019-12-17 09:00,0.397,8.462
2019-12-17 09:00,2019-12-17 10:00,0.663,10.793
2019-12-17 10:00,2019-12-17 11:00,0.575,9.971
2019-12-17 11:00,2019-12-17 12:00,0.444,8.857
2019-12-17 12:00,2019-12-17 13:00,0.304,7.658
2019-12-17 13:00,2019-12-17 14:00,0.173,6.409
2019-12-17 14:00,2019-12-17 15:00,0.115,5.727
2019-12-17 15:00,2019-12-17 16:00,0.112,5.678
2019-12-17 16:00,2019-12-17 17:00,0.188,6.568
2019-12-17 17:00,2019-12-17 18:00,0.357,8.130
2019-12-17 18:00,2019-12-17 19:00,0.500,9.328
2019-12-17 19:00,2019-12-17 20:00,0.559,9.826
2019-12-17 20:00,2019-12-17 21:00,0.542,9.671
2019-12-17 21:00,2019-12-17 22:00,0.500,9.328
2019-12-17 22:00,2019-12-17 23:00,0.465,9.024
2019-12-17 23:00,2019-12-18 00:00,0.438,8.807
2019-12-18 00:00,2019-12-18 01:00,0.412,8.594
2019-12-18 01:00,2019-12-18 02:00,0.390,8.403
2019-12-18 02:00,2019-12-18 03:00,0.372,8.255
2019-12-18 03:00,2019-12-18 04:00,0.358,8.140
2019-12-18 04:00,2019-12-18 05:00,0.344,8.010
2019-12-18 05:00,2019-12-18 06:00,0.327,7.866
2019-12-18 06:00,2019-12-18 07:00,0.277,7.419
2019-12-18 07:00,2019-12-18 08:00,0.150,6.153
2019-12-18 08:00,2019-12-18 09:00,0.168,6.346
2019-12-18 09:00,2019-12-18 10:00,0.344,8.020
2019-12-18 10:00,2019-12-18 11:00,0.293,7.573
2019-12-18 11:00,2019-12-18 12:00,0.198,6.667
2019-12-18 12:00,2019-12-18 13:00,0.121,5.793
2019-12-18 13:00,2019-12-18 14:00,0.085,5.292
2019-12-18 14:00,2019-12-18 15:00,0.082,5.250
2019-12-18 15:00,2019-12-18 16:00,0.105,5.573
2019-12-18 16:00,2019-12-18 17:00,0.181,6.490
2019-12-18 17:00,2019-12-18 18:00,0.321,7.816
2019-12-18 18:00,2019-12-18 19:00,0.415,8.616
2019-12-18 19:00,2019-12-18 20:00,0.453,8.929
2019-12-18 20:00,2019-12-18 21:00,0.458,8.969
2019-12-18 21:00,2019-12-18 22:00,0.452,8.915
2019-12-18 22:00,2019-12-18 23:00,0.443,8.852
2019-12-18 23:00,2019-12-19 00:00,0.438,8.797
2019-12-19 00:00,2019-12-19 01:00,0.432,8.754
2019-12-19 01:00,2019-12-19 02:00,0.425,8.688
2019-12-19 02:00,2019-12-19 03:00,0.416,8.627
2019-12-19 03:00,2019-12-19 04:00,0.418,8.640
2019-12-19 04:00,2019-12-19 05:00,0.418,8.637
2019-12-19 05:00,2019-12-19 06:00,0.412,8.585
2019-12-19 06:00,2019-12-19 07:00,0.374,8.262
2019-12-19 07:00,2019-12-19 08:00,0.247,7.148
2019-12-19 08:00,2019-12-19 09:00,0.248,7.155
2019-12-19 09:00,2019-12-19 10:00,0.575,9.976
2019-12-19 10:00,2019-12-19 11:00,0.491,9.243
2019-12-19 11:00,2019-12-19 12:00,0.404,8.513
2019-12-19 12:00,2019-12-19 13:00,0.329,7.892
2019-12-19 13:00,2019-12-19 14:00,0.297,7.610
2019-12-19 14:00,2019-12-19 15:00,0.307,7.695
2019-12-19 15:00,2019-12-19 16:00,0.319,7.799
2019-12-19 16:00,2019-12-19 17:00,0.323,7.837
2019-12-19 17:00,2019-12-19 18:00,0.440,8.821
2019-12-19 18:00,2019-12-19 19:00,0.512,9.425
2019-12-19 19:00,2019-12-19 20:00,0.523,9.523
2019-12-19 20:00,2019-12-19 21:00,0.499,9.318
2019-12-19 21:00,2019-12-19 22:00,0.471,9.081
2019-12-19 22:00,2019-12-19 23:00,0.459,8.980
2019-12-19 23:00,2019-12-20 00:00,0.457,8.968
2019-12-20 00:00,2019-12-20 01:00,0.451,8.913
2019-12-20 01:00,2019-12-20 02:00,0.435,8.776
2019-12-20 02:00,2019-12-20 03:00,0.420,8.651
2019-12-20 03:00,2019-12-20 04:00,0.416,8.621
2019-12-20 04:00,2019-12-20 05:00,0.431,8.738
2019-12-20 05:00,2019-12-20 06:00,0.453,8.933
2019-12-20 06:00,2019-12-20 07:00,0.420,8.655
2019-12-20 07:00,2019-12-20 08:00,0.260,7.274
2019-12-20 08:00,2019-12-20 09:00,0.172,6.402
2019-12-20 09:00,2019-12-20 10:00,0.716,11.346
2019-12-20 10:00,2019-12-20 11:00,0.744,11.666
2019-12-20 11:00,2019-12-20 12:00,0.689,11.059
2019-12-20 12:00,2019-12-20 13:00,0.620,10.375
2019-12-20 13:00,2019-12-20 14:00,0.544,9.701
2019-12-20 14:00,2019-12-20 15:00,0.477,9.134
2019-12-20 15:00,2019-12-20 16:00,0.416,8.620
2019-12-20 16:00,2019-12-20 17:00,0.352,8.080
2019-12-20 17:00,2019-12-20 18:00,0.439,8.815
2019-12-20 18:00,2019-12-20 19:00,0.502,9.338
2019-12-20 19:00,2019-12-20 20:00,0.525,9.534
2019-12-20 20:00,2019-12-20 21:00,0.499,9.317
2019-12-20 21:00,2019-12-20 22:00,0.468,9.057
2019-12-20 22:00,2019-12-20 23:00,0.450,8.906
2019-12-20 23:00,2019-12-21 00:00,0.423,8.669
2019-12-21 00:00,2019-12-21 01:00,0.393,8.423
2019-12-21 01:00,2019-12-21 02:00,0.406,8.533
2019-12-21 02:00,2019-12-21 03:00,0.428,8.724
2019-12-21 03:00,2019-12-21 04:00,0.434,8.762
2019-12-21 04:00,2019-12-21 05:00,0.434,8.770
2019-12-21 05:00,2019-12-21 06:00,0.428,8.711
2019-12-21 06:00,2019-12-21 07:00,0.367,8.217
2019-12-21 07:00,2019-12-21 08:00,0.199,6.674
2019-12-21 08:00,2019-12-21 09:00,0.117,5.743
2019-12-21 09:00,2019-12-21 10:00,0.517,9.472
2019-12-21 10:00,2019-12-21 11:00,0.578,9.999
2019-12-21 11:00,2019-12-21 12:00,0.504,9.361
2019-12-21 12:00,2019-12-21 13:00,0.436,8.789
2019-12-21 13:00,2019-12-21 14:00,0.384,8.358
2019-12-21 14:00,2019-12-21 15:00,0.343,8.005
2019-12-21 15:00,2019-12-21 16:00,0.286,7.507
2019-12-21 16:00,2019-12-21 17:00,0.258,7.252
2019-12-21 17:00,2019-12-21 18:00,0.345,8.022
2019-12-21 18:00,2019-12-21 19:00,0.414,8.608
2019-12-21 19:00,2019-12-21 20:00,0.458,8.974
2019-12-21 20:00,2019-12-21 21:00,0.473,9.095
2019-12-21 21:00,2019-12-21 22:00,0.468,9.047
2019-12-21 22:00,2019-12-21 23:00,0.453,8.936
2019-12-21 23:00,2019-12-22 00:00,0.446,8.870
2019-12-22 00:00,2019-12-22 01:00,0.442,8.836
2019-12-22 01:00,2019-12-22 02:00,0.428,8.720
2019-12-22 02:00,2019-12-22 03:00,0.406,8.530
2019-12-22 03:00,2019-12-22 04:00,0.399,8.481
2019-12-22 04:00,2019-12-22 05:00,0.408,8.553
2019-12-22 05:00,2019-12-22 06:00,0.412,8.594
2019-12-22 06:00,2019-12-22 07:00,0.361,8.156
2019-12-22 07:00,2019-12-22 08:00,0.184,6.525
2019-12-22 08:00,2019-12-22 09:00,0.097,5.461
2019-12-22 09:00,2019-12-22 10:00,0.439,8.813
2019-12-22 10:00,2019-12-22 11:00,0.517,9.468
2019-12-22 11:00,2019-12-22 12:00,0.452,8.915
2019-12-22 12:00,2019-12-22 13:00,0.397,8.465
2019-12-22 13:00,2019-12-22 14:00,0.352,8.077
2019-12-22 14:00,2019-12-22 15:00,0.317,7.776
2019-12-22 15:00,2019-12-22 16:00,0.269,7.351
2019-12-22 16:00,2019-12-22 17:00,0.233,7.011
2019-12-22 17:00,2019-12-22 18:00,0.303,7.656
2019-12-22 18:00,2019-12-22 19:00,0.372,8.255
2019-12-22 19:00,2019-12-22 20:00,0.431,8.749
2019-12-22 20:00,2019-12-22 21:00,0.467,9.044
2019-12-22 21:00,2019-12-22 22:00,0.476,9.123
2019-12-22 22:00,2019-12-22 23:00,0.468,9.058
2019-12-22 23:00,2019-12-23 00:00,0.458,8.976
2019-12-23 00:00,2019-12-23 01:00,0.442,8.843
2019-12-23 01:00,2019-12-23 02:00,0.424,8.685
2019-12-23 02:00,2019-12-23 03:00,0.412,8.584
2019-12-23 03:00,2019-12-23 04:00,0.404,8.519
2019-12-23 04:00,2019-12-23 05:00,0.397,8.466
2019-12-23 05:00,2019-12-23 06:00,0.408,8.557
2019-12-23 06:00,2019-12-23 07:00,0.395,8.442
2019-12-23 07:00,2019-12-23 08:00,0.241,7.092
2019-12-23 08:00,2019-12-23 09:00,0.156,6.210
2019-12-23 09:00,2019-12-23 10:00,0.571,9.933
2019-12-23 10:00,2019-12-23 11:00,0.663,10.798
2019-12-23 11:00,2019-12-23 12:00,0.595,10.146
2019-12-23 12:00,2019-12-23 13:00,0.501,9.336
2019-12-23 13:00,2019-12-23 14:00,0.404,8.512
2019-12-23 14:00,2019-12-23 15:00,0.328,7.883
2019-12-23 15:00,2019-12-23 16:00,0.277,7.431
2019-12-23 16:00,2019-12-23 17:00,0.255,7.224
2019-12-23 17:00,2019-12-23 18:00,0.353,8.092
2019-12-23 18:00,2019-12-23 19:00,0.443,8.845
2019-12-23 19:00,2019-12-23 20:00,0.501,9.334
2019-12-23 20:00,2019-12-23 21:00,0.531,9.585
2019-12-23 21:00,2019-12-23 22:00,0.544,9.695
2019-12-23 22:00,2019-12-23 23:00,0.546,9.710
2019-12-23 23:00,2019-12-24 00:00,0.534,9.615
2019-12-24 00:00,2019-12-24 01:00,0.512,9.419
2019-12-24 01:00,2019-12-24 02:00,0.483,9.173
2019-12-24 02:00,2019-12-24 03:00,0.454,8.938
2019-12-24 03:00,2019-12-24 04:00,0.431,8.741
2019-12-24 04:00,2019-12-24 05:00,0.428,8.713
2019-12-24 05:00,2019-12-24 06:00,0.447,8.883
2019-12-24 06:00,2019-12-24 07:00,0.437,8.793
2019-12-24 07:00,2019-12-24 08:00,0.295,7.584
2019-12-24 08:00,2019-12-24 09:00,0.228,6.973
2019-12-24 09:00,2019-12-24 10:00,0.597,10.167
2019-12-24 10:00,2019-12-24 11:00,0.629,10.463
2019-12-24 11:00,2019-12-24 12:00,0.510,9.403
2019-12-24 12:00,2019-12-24 13:00,0.395,8.439
2019-12-24 13:00,2019-12-24 14:00,0.338,7.967
2019-12-24 14:00,2019-12-24 15:00,0.318,7.794
2019-12-24 15:00,2019-12-24 16:00,0.284,7.488
2019-12-24 16:00,2019-12-24 17:00,0.275,7.402
2019-12-24 17:00,2019-12-24 18:00,0.385,8.361
2019-12-24 18:00,2019-12-24 19:00,0.462,9.003
2019-12-24 19:00,2019-12-24 20:00,0.534,9.615
2019-12-24 20:00,2019-12-24 21:00,0.575,9.964
2019-12-24 21:00,2019-12-24 22:00,0.567,9.894
2019-12-24 22:00,2019-12-24 23:00,0.539,9.656
2019-12-24 23:00,2019-12-25 00:00,0.516,9.457
2019-12-25 00:00,2019-12-25 01:00,0.499,9.317
2019-12-25 01:00,2019-12-25 02:00,0.478,9.139
2019-12-25 02:00,2019-12-25 03:00,0.465,9.027
2019-12-25 03:00,2019-12-25 04:00,0.465,9.028
2019-12-25 04:00,2019-12-25 05:00,0.468,9.059
2019-12-25 05:00,2019-12-25 06:00,0.468,9.053
2019-12-25 06:00,2019-12-25 07:00,0.420,8.647
2019-12-25 07:00,2019-12-25 08:00,0.245,7.132
2019-12-25 08:00,2019-12-25 09:00,0.162,6.285
2019-12-25 09:00,2019-12-25 10:00,0.510,9.407
2019-12-25 10:00,2019-12-25 11:00,0.692,11.086
2019-12-25 11:00,2019-12-25 12:00,0.616,10.334
2019-12-25 12:00,2019-12-25 13:00,0.485,9.189
2019-12-25 13:00,2019-12-25 14:00,0.381,8.325
2019-12-25 14:00,2019-12-25 15:00,0.324,7.844
2019-12-25 15:00,2019-12-25 16:00,0.297,7.601
2019-12-25 16:00,2019-12-25 17:00,0.308,7.710
2019-12-25 17:00,2019-12-25 18:00,0.456,8.961
2019-12-25 18:00,2019-12-25 19:00,0.553,9.779
2019-12-25 19:00,2019-12-25 20:00,0.598,10.172
2019-12-25 20:00,2019-12-25 21:00,0.602,10.219
2019-12-25 21:00,2019-12-25 22:00,0.560,9.841
2019-12-25 22:00,2019-12-25 23:00,0.525,9.540
2019-12-25 23:00,2019-12-26 00:00,0.508,9.389
2019-12-26 00:00,2019-12-26 01:00,0.484,9.187
2019-12-26 01:00,2019-12-26 02:00,0.466,9.037
2019-12-26 02:00,2019-12-26 03:00,0.453,8.920
2019-12-26 03:00,2019-12-26 04:00,0.438,8.798
2019-12-26 04:00,2019-12-26 05:00,0.428,8.713
2019-12-26 05:00,2019-12-26 06:00,0.431,8.744
2019-12-26 06:00,2019-12-26 07:00,0.404,8.512
2019-12-26 07:00,2019-12-26 08:00,0.277,7.425
2019-12-26 08:00,2019-12-26 09:00,0.303,7.654
2019-12-26 09:00,2019-12-26 10:00,0.762,11.888
2019-12-26 10:00,2019-12-26 11:00,0.751,11.742
2019-12-26 11:00,2019-12-26 12:00,0.658,10.747
2019-12-26 12:00,2019-12-26 13:00,0.536,9.636
2019-12-26 13:00,2019-12-26 14:00,0.425,8.694
2019-12-26 14:00,2019-12-26 15:00,0.361,8.161
2019-12-26 15:00,2019-12-26 16:00,0.329,7.889
2019-12-26 16:00,2019-12-26 17:00,0.329,7.888
2019-12-26 17:00,2019-12-26 18:00,0.454,8.937
2019-12-26 18:00,2019-12-26 19:00,0.549,9.739
2019-12-26 19:00,2019-12-26 20:00,0.581,10.027
2019-12-26 20:00,2019-12-26 21:00,0.575,9.966
2019-12-26 21:00,2019-12-26 22:00,0.543,9.686
2019-12-26 22:00,2019-12-26 23:00,0.527,9.559
2019-12-26 23:00,2019-12-27 00:00,0.498,9.305
2019-12-27 00:00,2019-12-27 01:00,0.440,8.819
2019-12-27 01:00,2019-12-27 02:00,0.404,8.516
2019-12-27 02:00,2019-12-27 03:00,0.413,8.601
2019-12-27 03:00,2019-12-27 04:00,0.449,8.893
2019-12-27 04:00,2019-12-27 05:00,0.460,8.983
2019-12-27 05:00,2019-12-27 06:00,0.438,8.809
2019-12-27 06:00,2019-12-27 07:00,0.385,8.362
2019-12-27 07:00,2019-12-27 08:00,0.254,7.222
2019-12-27 08:00,2019-12-27 09:00,0.198,6.668
2019-12-27 09:00,2019-12-27 10:00,0.715,11.330
2019-12-27 10:00,2019-12-27 11:00,0.698,11.146
2019-12-27 11:00,2019-12-27 12:00,0.605,10.245
2019-12-27 12:00,2019-12-27 13:00,0.515,9.451
2019-12-27 13:00,2019-12-27 14:00,0.412,8.586
2019-12-27 14:00,2019-12-27 15:00,0.326,7.850
2019-12-27 15:00,2019-12-27 16:00,0.261,7.279
2019-12-27 16:00,2019-12-27 17:00,0.257,7.238
2019-12-27 17:00,2019-12-27 18:00,0.389,8.393
2019-12-27 18:00,2019-12-27 19:00,0.504,9.357
2019-12-27 19:00,2019-12-27 20:00,0.563,9.868
2019-12-27 20:00,2019-12-27 21:00,0.584,10.057
2019-12-27 21:00,2019-12-27 22:00,0.569,9.914
2019-12-27 22:00,2019-12-27 23:00,0.547,9.729
2019-12-27 23:00,2019-12-28 00:00,0.524,9.526
2019-12-28 00:00,2019-12-28 01:00,0.473,9.102
2019-12-28 01:00,2019-12-28 02:00,0.432,8.755
2019-12-28 02:00,2019-12-28 03:00,0.420,8.658
2019-12-28 03:00,2019-12-28 04:00,0.412,8.579
2019-12-28 04:00,2019-12-28 05:00,0.400,8.486
2019-12-28 05:00,2019-12-28 06:00,0.396,8.456
2019-12-28 06:00,2019-12-28 07:00,0.359,8.143
2019-12-28 07:00,2019-12-28 08:00,0.210,6.796
2019-12-28 08:00,2019-12-28 09:00,0.137,5.994
2019-12-28 09:00,2019-12-28 10:00,0.671,10.867
2019-12-28 10:00,2019-12-28 11:00,0.678,10.946
2019-12-28 11:00,2019-12-28 12:00,0.533,9.605
2019-12-28 12:00,2019-12-28 13:00,0.419,8.645
2019-12-28 13:00,2019-12-28 14:00,0.356,8.116
2019-12-28 14:00,2019-12-28 15:00,0.316,7.772
2019-12-28 15:00,2019-12-28 16:00,0.271,7.376
2019-12-28 16:00,2019-12-28 17:00,0.238,7.068
2019-12-28 17:00,2019-12-28 18:00,0.299,7.617
2019-12-28 18:00,2019-12-28 19:00,0.355,8.104
2019-12-28 19:00,2019-12-28 20:00,0.395,8.438
2019-12-28 20:00,2019-12-28 21:00,0.412,8.592
2019-12-28 21:00,2019-12-28 22:00,0.419,8.643
2019-12-28 22:00,2019-12-28 23:00,0.415,8.616
2019-12-28 23:00,2019-12-29 00:00,0.413,8.599
2019-12-29 00:00,2019-12-29 01:00,0.412,8.580
2019-12-29 01:00,2019-12-29 02:00,0.412,8.584
2019-12-29 02:00,2019-12-29 03:00,0.416,8.621
2019-12-29 03:00,2019-12-29 04:00,0.425,8.700
2019-12-29 04:00,2019-12-29 05:00,0.434,8.763
2019-12-29 05:00,2019-12-29 06:00,0.424,8.686
2019-12-29 06:00,2019-12-29 07:00,0.374,8.264
2019-12-29 07:00,2019-12-29 08:00,0.194,6.624
2019-12-29 08:00,2019-12-29 09:00,0.091,5.385
2019-12-29 09:00,2019-12-29 10:00,0.442,8.828
2019-12-29 10:00,2019-12-29 11:00,0.477,9.132
2019-12-29 11:00,2019-12-29 12:00,0.374,8.269
2019-12-29 12:00,2019-12-29 13:00,0.287,7.518
2019-12-29 13:00,2019-12-29 14:00,0.224,6.923
2019-12-29 14:00,2019-12-29 15:00,0.192,6.599
2019-12-29 15:00,2019-12-29 16:00,0.190,6.579
2019-12-29 16:00,2019-12-29 17:00,0.227,6.957
2019-12-29 17:00,2019-12-29 18:00,0.363,8.183
2019-12-29 18:00,2019-12-29 19:00,0.480,9.147
2019-12-29 19:00,2019-12-29 20:00,0.538,9.645
2019-12-29 20:00,2019-12-29 21:00,0.547,9.725
2019-12-29 21:00,2019-12-29 22:00,0.524,9.527
2019-12-29 22:00,2019-12-29 23:00,0.488,9.228
2019-12-29 23:00,2019-12-30 00:00,0.466,9.035
2019-12-30 00:00,2019-12-30 01:00,0.455,8.946
2019-12-30 01:00,2019-12-30 02:00,0.446,8.875
2019-12-30 02:00,2019-12-30 03:00,0.442,8.841
2019-12-30 03:00,2019-12-30 04:00,0.444,8.853
2019-12-30 04:00,2019-12-30 05:00,0.443,8.851
2019-12-30 05:00,2019-12-30 06:00,0.436,8.791
2019-12-30 06:00,2019-12-30 07:00,0.378,8.301
2019-12-30 07:00,2019-12-30 08:00,0.204,6.728
2019-12-30 08:00,2019-12-30 09:00,0.167,6.339
2019-12-30 09:00,2019-12-30 10:00,0.575,9.968
2019-12-30 10:00,2019-12-30 11:00,0.495,9.279
2019-12-30 11:00,2019-12-30 12:00,0.388,8.391
2019-12-30 12:00,2019-12-30 13:00,0.295,7.581
2019-12-30 13:00,2019-12-30 14:00,0.218,6.868
2019-12-30 14:00,2019-12-30 15:00,0.169,6.360
2019-12-30 15:00,2019-12-30 16:00,0.145,6.089
2019-12-30 16:00,2019-12-30 17:00,0.160,6.260
2019-12-30 17:00,2019-12-30 18:00,0.281,7.470
2019-12-30 18:00,2019-12-30 19:00,0.412,8.583
2019-12-30 19:00,2019-12-30 20:00,0.495,9.279
2019-12-30 20:00,2019-12-30 21:00,0.524,9.531
2019-12-30 21:00,2019-12-30 22:00,0.515,9.444
2019-12-30 22:00,2019-12-30 23:00,0.487,9.216
2019-12-30 23:00,2019-12-31 00:00,0.467,9.043
2019-12-31 00:00,2019-12-31 01:00,0.450,8.899
2019-12-31 01:00,2019-12-31 02:00,0.437,8.793
2019-12-31 02:00,2019-12-31 03:00,0.428,8.727
2019-12-31 03:00,2019-12-31 04:00,0.423,8.680
2019-12-31 04:00,2019-12-31 05:00,0.420,8.652
2019-12-31 05:00,2019-12-31 06:00,0.416,8.627
2019-12-31 06:00,2019-12-31 07:00,0.367,8.211
2019-12-31 07:00,2019-12-31 08:00,0.221,6.898
2019-12-31 08:00,2019-12-31 09:00,0.224,6.929
2019-12-31 09:00,2019-12-31 10:00,0.464,9.017
2019-12-31 10:00,2019-12-31 11:00,0.343,8.006
2019-12-31 11:00,2019-12-31 12:00,0.270,7.365
2019-12-31 12:00,2019-12-31 13:00,0.208,6.766
2019-12-31 13:00,2019-12-31 14:00,0.160,6.259
2019-12-31 14:00,2019-12-31 15:00,0.136,5.988
2019-12-31 15:00,2019-12-31 16:00,0.148,6.129
2019-12-31 16:00,2019-12-31 17:00,0.203,6.723
2019-12-31 17:00,2019-12-31 18:00,0.349,8.049
2019-12-31 18:00,2019-12-31 19:00,0.466,9.033
2019-12-31 19:00,2019-12-31 20:00,0.515,9.443
2019-12-31 20:00,2019-12-31 21:00,0.503,9.353
2019-12-31 21:00,2019-12-31 22:00,0.479,9.144
2019-12-31 22:00,2019-12-31 23:00,0.468,9.050
2019-12-31 23:00,2020-01-01 00:00,0.464,9.017
